epoch,lr,train_loss,acc,macro_f1,bacc,probability_macro_auc,weighted_f1,selection_macro_auc_adjusted
1,0.01,3.2858409881591797,0.35,0.1728395061728395,0.3333333333333333,0.7640283153254851,0.18148148148148147,0.7208676139985103
2,0.01,3.1900622844696045,0.35,0.1728395061728395,0.3333333333333333,0.5344495487478979,0.18148148148148147,0.7375427518411009
3,0.01,5.282104969024658,0.3333333333333333,0.182648401826484,0.20833333333333334,0.5424496504979995,0.2922374429223744,0.726164438723401
4,0.01,4.392958641052246,0.4166666666666667,0.2109704641350211,0.2604166666666667,0.589465816765345,0.3375527426160338,0.7676429636924921
5,0.01,4.029824733734131,0.5333333333333333,0.4271929824561404,0.5565476190476191,0.6602861073674753,0.4203508771929825,0.7998904266592947
6,0.01,2.9905967712402344,0.5333333333333333,0.4271929824561404,0.5565476190476191,0.8056170495734175,0.4203508771929825,0.7932003574692255
7,0.01,4.616379737854004,0.5833333333333334,0.48293172690763053,0.5877976190476191,0.813117099968515,0.46019076305220885,0.7847183226015774
8,0.01,3.6843602657318115,0.55,0.4444444444444444,0.5669642857142857,0.8063866547062303,0.43333333333333335,0.7716934696592715
9,0.01,2.645845890045166,0.5166666666666667,0.4109704641350211,0.5461309523809524,0.8173357095821717,0.40755274261603375,0.7731098118775006
10,0.01,2.790919303894043,0.5166666666666667,0.4109704641350211,0.5461309523809524,0.8453687025326176,0.40755274261603375,0.8025855444782332
11,0.01,2.5587496757507324,0.55,0.4444444444444444,0.5669642857142857,0.871582492455134,0.43333333333333335,0.8457793025894441
12,0.01,2.4121501445770264,0.6166666666666667,0.5288515406162465,0.6086309523809524,0.8058745445243086,0.48901960784313725,0.7744292035270809
13,0.01,2.725078582763672,0.5666666666666667,0.46293639406982307,0.5773809523809524,0.7453802094132284,0.44658058345289336,0.7265645997957318
14,0.01,2.2286245822906494,0.55,0.4444444444444444,0.5669642857142857,0.7776544897712351,0.43333333333333335,0.7450970969544084
15,0.01,2.1636195182800293,0.5833333333333334,0.48293172690763053,0.5877976190476191,0.8515827180331897,0.46019076305220885,0.7560088354604865
16,0.01,2.276618003845215,0.5833333333333334,0.43970037453183525,0.4761904761904762,0.8778243452476943,0.4535205992509363,0.8263723904938528
17,0.01,2.1159815788269043,0.55,0.4444444444444444,0.5669642857142857,0.8739069663303153,0.43333333333333335,0.8456827719799418
18,0.01,2.061947822570801,0.48333333333333334,0.38095238095238093,0.5252976190476191,0.8405562706859877,0.38225108225108223,0.8263435932952442
19,0.01,2.0030627250671387,0.6166666666666667,0.600352733686067,0.7177579365079364,0.8641556949339968,0.5866666666666667,0.8401595292809915
20,0.01,2.129281997680664,0.65,0.6342857142857142,0.7331349206349206,0.8781644521620938,0.6374285714285715,0.8735952366553782
21,0.009999830837037664,1.9549624919891357,0.5333333333333333,0.4271929824561404,0.5565476190476191,0.8828395573678592,0.4203508771929825,0.8631650113077
22,0.009999323359712722,1.9307938814163208,0.8333333333333334,0.8043222926943857,0.7678571428571428,0.9281982648727931,0.8303969931876909,0.8933679331674614
23,0.009998477602710573,1.7819628715515137,0.7,0.7016088486676723,0.7643849206349206,0.9243099231306778,0.6918552036199095,0.8878865663948211
24,0.009997293623837585,1.802243947982788,0.6833333333333333,0.6809566593933171,0.7485119047619048,0.926099249065051,0.6770589997005092,0.887745820086622
25,0.00999577150401714,1.713052749633789,0.8166666666666667,0.7942324470771917,0.8318452380952381,0.9141245339653358,0.8195114111218257,0.8904199399482419
26,0.009993911347284109,1.6311321258544922,0.8166666666666667,0.7937597261126673,0.8263888888888888,0.924765578804494,0.8200645813881108,0.8912484593498743
27,0.009991713280777732,1.5373947620391846,0.75,0.7085089773614364,0.7157738095238094,0.915122116920466,0.7488524590163934,0.8994621403229894
28,0.009989177454732934,1.4556267261505127,0.6833333333333333,0.6991305956344802,0.7485119047619048,0.9205479290974573,0.6766971883092859,0.9044109988980272
29,0.00998630404247006,1.338549256324768,0.6833333333333333,0.6599020647180575,0.6994047619047619,0.8919943067938352,0.6716139128678883,0.8695329718325002
30,0.009983093240383016,1.5650732517242432,0.7666666666666667,0.745796783625731,0.7842261904761904,0.8885634205504488,0.7707602339181286,0.8679971812342097
31,0.009979545267925863,1.2851686477661133,0.6666666666666666,0.6825396825396827,0.7490079365079364,0.9129335298262186,0.6486111111111111,0.8997582715153469
32,0.009975660367597807,1.5033059120178223,0.6666666666666666,0.6969696969696969,0.7435515873015873,0.917333801767764,0.6551515151515152,0.9176708489798112
33,0.009971438804926623,1.4614537954330444,0.75,0.7712633075829203,0.7529761904761904,0.9166179514056872,0.7521051923594297,0.9118166184793544
34,0.00996688086845051,1.2136198282241821,0.8166666666666667,0.7533752931013206,0.7038690476190476,0.9166870646823476,0.8067518203134642,0.9122577555655386
35,0.009961986869698373,1.33465576171875,0.8333333333333334,0.7997315497315497,0.7514880952380952,0.9254048166194392,0.8278915278915279,0.9161042213813441
36,0.009956757143168527,1.3818981647491455,0.8833333333333333,0.8908424908424908,0.8735119047619048,0.9253066661675152,0.8835897435897436,0.9197263090246581
37,0.009951192046305833,1.102307677268982,0.75,0.7622807017543859,0.7901785714285715,0.9265916811612566,0.7488157894736841,0.9236154906850661
38,0.009945291959477269,1.0953744649887085,0.7833333333333333,0.8175793133420252,0.8110119047619048,0.9256719106365333,0.7860115167318557,0.9261351855691479
39,0.009939057285945933,1.0067555904388428,0.85,0.8661338661338661,0.8526785714285715,0.9203305702421268,0.8511988011988012,0.9254688303921794
40,0.009932488451843476,0.8630322813987732,0.8333333333333334,0.8525081991651758,0.8368055555555555,0.9133467096320871,0.8344364937388192,0.9205907649303876
41,0.009925585906140986,0.7945384979248047,0.8166666666666667,0.8256049960967994,0.8318452380952381,0.9237828744019781,0.8171584699453551,0.9285209134855362
42,0.009918350120618293,0.8411591649055481,0.8166666666666667,0.8256049960967994,0.8318452380952381,0.9272010418826456,0.8171584699453551,0.9331396241773598
43,0.009910781589831726,0.7898403406143188,0.8666666666666667,0.861976911976912,0.8576388888888888,0.9062978753426867,0.8661868686868687,0.922673462325585
44,0.009902880831080306,0.9482354521751404,0.8666666666666667,0.861976911976912,0.8576388888888888,0.9076741414595189,0.8661868686868687,0.9252844083327574
45,0.009894648384370404,0.8533846735954285,0.85,0.8493165371214152,0.8472222222222222,0.9261540837307347,0.849731081926204,0.9414281178726934
46,0.009886084812378817,0.7411512732505798,0.8333333333333334,0.8368055555555555,0.8368055555555555,0.92681449948549,0.8333333333333334,0.9417514864154016
47,0.009877190700414313,0.7189306020736694,0.8333333333333334,0.8352092352092352,0.8313492063492064,0.9123415074181583,0.8325252525252526,0.9234465471198963
48,0.00986796665637763,0.7062695026397705,0.7833333333333333,0.7747128661762809,0.8000992063492064,0.9167921144631052,0.7839511549877403,0.9277709264442754
49,0.009858413310719925,0.6892465353012085,0.7833333333333333,0.7758609734400813,0.8055555555555555,0.9122024409465448,0.7839163171940525,0.9207238919797881
50,0.009848531316399685,0.68269282579422,0.7833333333333333,0.7758609734400813,0.8055555555555555,0.9072049271046912,0.7839163171940525,0.9186111975027069
51,0.009838321348838096,0.6130214929580688,0.7666666666666667,0.7620327700972863,0.7896825396825397,0.8940145502645502,0.7670698924731183,0.9192349568234003
52,0.009827784105872876,0.6111946105957031,0.7666666666666667,0.7620327700972863,0.7896825396825397,0.8965760010866143,0.7670698924731183,0.9168688469985641
53,0.009816920307710586,0.592959463596344,0.8,0.79904976244061,0.8159722222222222,0.9046691537847198,0.8001850462615654,0.9221403541863448
54,0.0098057306968774,0.5881575345993042,0.8,0.8000000000000002,0.8214285714285715,0.9030898074235338,0.8,0.9182861491234133
55,0.009794216038168352,0.611579179763794,0.8,0.8000000000000002,0.8214285714285715,0.8986886955636955,0.8,0.9193459460263705
56,0.009782377118595071,0.6048120260238647,0.8166666666666667,0.8132154261852125,0.8373015873015873,0.8966886701261702,0.8163620732006879,0.9161598959653204
57,0.009770214747331984,0.5476874709129333,0.7833333333333333,0.7865375062096374,0.8055555555555555,0.8903438073544206,0.7834600099354198,0.9063764077030587
58,0.009757729755661011,0.6019158363342285,0.8,0.7976626016260163,0.810515873015873,0.893292640491933,0.7998373983739838,0.9039421445081822
59,0.009744922996914747,0.5456638932228088,0.8,0.7976626016260163,0.810515873015873,0.8954761280822602,0.7998373983739838,0.898943790748036
60,0.00973179534641814,0.5849802494049072,0.75,0.7285591026747196,0.779265873015873,0.8907565072069789,0.7558700028760426,0.8925028773200943
61,0.009718347701428667,0.727879524230957,0.7666666666666667,0.7544155646754827,0.7951388888888888,0.901580174280646,0.7679860161118711,0.8985972044639498
62,0.009704580981074998,0.5849887132644653,0.7833333333333333,0.7534391534391535,0.7366071428571428,0.8981227706168743,0.781058201058201,0.8896287969106366
63,0.009690496126294182,0.6864233613014221,0.8,0.7893001307635455,0.7733134920634921,0.8947269809592923,0.7992779578145434,0.8824659137159138
64,0.009676094099767331,0.6134864091873169,0.7833333333333333,0.76651104886399,0.8000992063492064,0.879170494294315,0.7856333644568939,0.9014660053869958
65,0.009661375885853831,0.6115128993988037,0.7833333333333333,0.7758609734400813,0.8055555555555555,0.893813149856782,0.7839163171940525,0.9041963997742299
66,0.00964634249052405,0.5675309896469116,0.7666666666666667,0.7631313131313132,0.7951388888888888,0.9198458773930472,0.7668434343434344,0.9201565271730366
67,0.009630994941290591,0.5883747339248657,0.8166666666666667,0.8116402116402117,0.8263888888888888,0.8806797674722203,0.8168783068783069,0.9118925110965206
68,0.009615334287138054,0.5891449451446533,0.8,0.7976626016260163,0.810515873015873,0.8813476824974465,0.7998373983739838,0.8919100749879051
69,0.00959936159845135,0.5506958961486816,0.8166666666666667,0.8116402116402117,0.8263888888888888,0.8842956757166661,0.8168783068783069,0.8908076822286728
70,0.009583077966942534,0.5554087162017822,0.8,0.79904976244061,0.8159722222222222,0.8974904321307623,0.8001850462615654,0.8927301352124465
71,0.009566484505576189,0.5376700162887573,0.7833333333333333,0.7865375062096374,0.8055555555555555,0.8919818280077715,0.7834600099354198,0.8791352777201834
72,0.009549582348493355,0.5612853765487671,0.8,0.8000000000000002,0.8214285714285715,0.9088260294038596,0.8,0.8900630346679875
73,0.009532372650934018,0.5497400164604187,0.8166666666666667,0.8244124523194291,0.8263888888888888,0.8980938534299382,0.8169558262581518,0.8886389532026323
74,0.009514856589158148,0.5585194826126099,0.8166666666666667,0.8031746031746033,0.7891865079365079,0.8939863530075796,0.8161538461538462,0.8924368837399497
75,0.009497035360365296,0.5339713096618652,0.8,0.7918941273779984,0.7842261904761904,0.9016494075456339,0.7998511166253102,0.9065078549158737
76,0.00947891018261278,0.5674231052398682,0.8,0.7664017453638771,0.7524801587301587,0.9002884999347263,0.7970157394421069,0.9046571549519662
77,0.00946048229473242,0.550250768661499,0.8166666666666667,0.7788359788359788,0.7628968253968255,0.8923984274809746,0.8135449735449735,0.9042859710607353
78,0.009441752956245879,0.5453034043312073,0.8166666666666667,0.8126179831097864,0.8318452380952381,0.8875492792061189,0.8168554396423249,0.8984734964982607
79,0.009422723447278559,0.5530336499214172,0.8166666666666667,0.8042698042698042,0.7946428571428571,0.9113234664531834,0.8163188663188663,0.9072612016303054
80,0.00940339506847212,0.516371488571167,0.8166666666666667,0.8042698042698042,0.7946428571428571,0.9192544549266248,0.8163188663188663,0.9147211759240061
81,0.009383769140895582,0.5259405970573425,0.8,0.7893939393939394,0.8214285714285715,0.9097799366077668,0.800530303030303,0.9138372219150521
82,0.009363847005955023,0.5307801961898804,0.7833333333333333,0.7765536723163842,0.8110119047619048,0.8823357263805378,0.7833192090395481,0.8825465458720175
83,0.009343630025301902,0.5411063432693481,0.7833333333333333,0.7765536723163842,0.8110119047619048,0.8844619795386305,0.7833192090395481,0.8875158624569002
84,0.00932311958073999,0.5239824056625366,0.7666666666666667,0.7637431284357822,0.8005952380952381,0.8966891500794802,0.766010744627686,0.8739721799863309
85,0.009302317074130931,0.562583863735199,0.7666666666666667,0.7637431284357822,0.8005952380952381,0.8791427769906544,0.766010744627686,0.8666384334131977
86,0.009281223927298419,0.5300712585449219,0.75,0.7494281357224551,0.779265873015873,0.9052114410310166,0.7501509086287965,0.8758050616835994
87,0.009259841581931017,0.5700545907020569,0.7833333333333333,0.7874232375337756,0.8110119047619048,0.8921200545610923,0.7830655858511423,0.88531815624976
88,0.00923817149948363,0.5202822685241699,0.8,0.8000000000000002,0.8214285714285715,0.9073165162492992,0.8,0.90001372666467
89,0.00921621516107761,0.5182439088821411,0.8,0.8000000000000002,0.8214285714285715,0.8989367714308752,0.8,0.8920700194285099
90,0.009193974067399517,0.5395992994308472,0.8166666666666667,0.8132154261852125,0.8373015873015873,0.9002900597829843,0.8163620732006879,0.8937048003970175
91,0.009171449738598562,0.5466747283935547,0.8,0.8000000000000002,0.8214285714285715,0.877071958439883,0.8,0.8798349896522066
92,0.009148643714182699,0.5542279481887817,0.8,0.8000000000000002,0.8214285714285715,0.9061663081415441,0.8,0.8930374853134286
93,0.009125557552913402,0.5251106023788452,0.7833333333333333,0.7670569867291178,0.7738095238095237,0.8987114333517635,0.7830054644808743,0.885927276994494
94,0.009102192832699127,0.5691242218017578,0.85,0.8380952380952381,0.8526785714285715,0.9118149386427689,0.8504761904761904,0.9047646044992743
95,0.009078551150487465,0.5365460515022278,0.8666666666666667,0.8515628907226808,0.8685515873015873,0.912030857638169,0.8671517879469868,0.9180420328710422
96,0.00905463412215599,0.5178197026252747,0.8333333333333334,0.825925925925926,0.847718253968254,0.9283075742391781,0.8333333333333334,0.9214329630013592
97,0.009030443382401818,0.6177862286567688,0.8666666666666667,0.8518953289312791,0.8794642857142857,0.9359161540765314,0.8658694057226707,0.9392089337549242
98,0.009005980584629878,0.6020385026931763,0.8833333333333333,0.8647998034880864,0.8898809523809524,0.936603927169965,0.8829550478997789,0.9385417386596632
99,0.008981247400839902,0.5826579332351685,0.8333333333333334,0.8050595238095237,0.8050595238095237,0.9458412285652852,0.8333333333333334,0.9294664815006796
100,0.00895624552151215,0.591987669467926,0.85,0.8380952380952381,0.8526785714285715,0.9207972648420761,0.8504761904761904,0.9300490848250282
101,0.008930976655491857,0.5653885006904602,0.8333333333333334,0.8253063265816455,0.8422619047619048,0.92486216940816,0.8336684171042761,0.9280208621305319
102,0.008905442529872458,0.5664207935333252,0.8166666666666667,0.8132154261852125,0.8373015873015873,0.9231010407307577,0.8163620732006879,0.9135344313705162
103,0.008879644889877513,0.5588157176971436,0.8166666666666667,0.8126179831097864,0.8318452380952381,0.9337838415078981,0.8168554396423249,0.9221121569293739
104,0.008853585498741453,0.5285916328430176,0.8166666666666667,0.8126179831097864,0.8318452380952381,0.9103329028152141,0.8168554396423249,0.9231581551746647
105,0.008827266137589043,0.5531114935874939,0.7833333333333333,0.767908396024049,0.8110119047619048,0.9324995464441219,0.7845357865796551,0.9245335813732041
106,0.008800688605313658,0.5618436932563782,0.8,0.7801242236024845,0.7896825396825397,0.9067467516759969,0.7991304347826087,0.901471944809209
107,0.008773854718454323,0.5681667327880859,0.7833333333333333,0.742785605935998,0.7420634920634921,0.9063618891154269,0.7805974377250214,0.8998353640157886
108,0.008746766311071562,0.5389573574066162,0.8,0.7801242236024845,0.7896825396825397,0.9254183753004508,0.7991304347826087,0.9161879732339638
109,0.008719425234622036,0.5206543207168579,0.7833333333333333,0.7670569867291178,0.7738095238095237,0.9201973232043987,0.7830054644808743,0.9073532926716891
110,0.008691833357832001,0.5654854774475098,0.8,0.7796397151235861,0.7842261904761904,0.9067499913608404,0.79980449657869,0.8845064952081461
111,0.008663992566569587,0.55162513256073,0.7833333333333333,0.7670569867291178,0.7738095238095237,0.8987328512682287,0.7830054644808743,0.8881773581066034
112,0.00863590476371589,0.5456715822219849,0.7666666666666667,0.729859387923904,0.7261904761904762,0.9047338874874252,0.7646980976013235,0.8868088312368972
113,0.008607571869034929,0.5607497096061707,0.7833333333333333,0.7670569867291178,0.7738095238095237,0.9207648079994778,0.7830054644808743,0.9012953819852405
114,0.008578995819042416,0.5350906252861023,0.7833333333333333,0.7572445769167081,0.7738095238095237,0.9131759662420039,0.7838135452889552,0.8988873962340943
115,0.00855017856687341,0.5220224261283875,0.8,0.7893939393939394,0.8214285714285715,0.9266522152724983,0.800530303030303,0.9121034505763279
116,0.00852112208214882,0.5218719244003296,0.8166666666666667,0.8022938111577075,0.8318452380952381,0.9285344721665477,0.8176817257593086,0.9173458006005176
117,0.008491828350840775,0.5658413767814636,0.8166666666666667,0.8022938111577075,0.8318452380952381,0.9177117649995008,0.8176817257593086,0.9079138781379349
118,0.0084622993751369,0.5559765100479126,0.8,0.755031305903399,0.7470238095238094,0.9156776028827917,0.7981514609421586,0.9090017523095354
119,0.008432537173303462,0.5709089040756226,0.8,0.7657828282828283,0.7470238095238094,0.9095487790947697,0.7974747474747476,0.9106998271208177
120,0.00840254377954742,0.5488121509552002,0.8333333333333334,0.8380114509146767,0.8422619047619048,0.9185471837299667,0.8336754643206257,0.9179908578493484
121,0.008372321243877393,0.5480478405952454,0.85,0.8504983388704318,0.8526785714285715,0.9389092629069045,0.8501661129568105,0.9341207687316179
122,0.00834187163196355,0.5701783895492554,0.8333333333333334,0.8253063265816455,0.8422619047619048,0.9537047835986515,0.8336684171042761,0.9505306123820275
123,0.008311197024996417,0.555136501789093,0.8333333333333334,0.8368055555555555,0.8368055555555555,0.948735467013769,0.8333333333333334,0.9427533289561593
124,0.008280299519544634,0.535336971282959,0.8,0.7647907647907649,0.7415674603174603,0.9246029346265194,0.7974747474747474,0.9330661913209083
125,0.008249181227411657,0.5761116743087769,0.85,0.8293040293040294,0.8154761904761904,0.9357430709140614,0.8492307692307693,0.9370594628554535
126,0.008217844275491416,0.5231236219406128,0.8833333333333333,0.8765842254214347,0.878968253968254,0.9477526426229256,0.8833763996554694,0.9374801419317929
127,0.008186290805622951,0.5321897268295288,0.8833333333333333,0.8765842254214347,0.878968253968254,0.9528696048448406,0.8833763996554694,0.9390876855499498
128,0.008154522974444009,0.52203768491745,0.8666666666666667,0.8426505664877758,0.8313492063492064,0.9451280179464142,0.8657125819916518,0.9280464196442971
129,0.008122542953243656,0.5295339226722717,0.8666666666666667,0.8426505664877758,0.8313492063492064,0.9344170199123029,0.8657125819916518,0.9130128421107194
130,0.008090352927813856,0.5153530240058899,0.8666666666666667,0.8426505664877758,0.8313492063492064,0.9335330659033488,0.8657125819916518,0.9154130886147396
131,0.008057955098300092,0.5169453620910645,0.8666666666666667,0.8426505664877758,0.8313492063492064,0.9317863358252509,0.8657125819916518,0.9189361858878368
132,0.008025351679050973,0.5365248322486877,0.85,0.8183831672203765,0.8209325396825397,0.9298689823453974,0.8497785160575859,0.9090060118951628
133,0.0079925448984669,0.5316013097763062,0.85,0.8386984600099354,0.8581349206349206,0.9226665629967515,0.85025086934923,0.910227013116164
134,0.007959536998847744,0.5536454319953918,0.85,0.8380952380952381,0.8526785714285715,0.9104342929519816,0.8504761904761904,0.9140794183541825
135,0.007926330236239594,0.5162544250488281,0.85,0.8380952380952381,0.8526785714285715,0.9118651537578425,0.8504761904761904,0.9094547682401455
136,0.00789292688028057,0.5378019213676453,0.85,0.8380952380952381,0.8526785714285715,0.9124402578117201,0.8504761904761904,0.9079112383947289
137,0.00785932921404568,0.5286209583282471,0.8333333333333334,0.8253063265816455,0.8422619047619048,0.9205462492608719,0.8336684171042761,0.9129301701530474
138,0.007825539533890782,0.5352925062179565,0.8166666666666667,0.8126179831097864,0.8318452380952381,0.9235778743443839,0.8168554396423249,0.9166921641862679
139,0.007791560149295626,0.5206711888313293,0.8166666666666667,0.8126179831097864,0.8318452380952381,0.9248193335752298,0.8168554396423249,0.9159685745770653
140,0.007757393382706014,0.5290923118591309,0.8166666666666667,0.8126179831097864,0.8318452380952381,0.9266385366031592,0.8168554396423249,0.9137159737100774
141,0.00772304156937506,0.528278112411499,0.85,0.8371794871794872,0.8472222222222222,0.9200692956589184,0.8503205128205129,0.9139710688944179
142,0.00768850705720357,0.5961614847183228,0.85,0.8371794871794872,0.8472222222222222,0.9217962876571367,0.8503205128205129,0.9155972706975065
143,0.00765379220657958,0.5337756872177124,0.8333333333333334,0.8253063265816455,0.8422619047619048,0.9242595880272767,0.8336684171042761,0.9157313576535274
144,0.007618899390217016,0.510697066783905,0.7833333333333333,0.7865375062096374,0.8055555555555555,0.9204839153247173,0.7834600099354198,0.9109455032214466
145,0.007583830992993526,0.5190611481666565,0.7833333333333333,0.7765536723163842,0.8110119047619048,0.9140469615115842,0.7833192090395481,0.9006756422735197
146,0.007548589411787477,0.5269567966461182,0.7833333333333333,0.7758609734400813,0.8055555555555555,0.9104675897128728,0.7839163171940525,0.8979325291235668
147,0.007513177055314133,0.5323443412780762,0.7666666666666667,0.7631313131313132,0.7951388888888888,0.909079324763287,0.7668434343434344,0.8963190460831969
148,0.0074775963439610155,0.5232400894165039,0.7666666666666667,0.7631313131313132,0.7951388888888888,0.906875379163115,0.7668434343434344,0.8957721392862902
149,0.007441849709622487,0.5386134386062622,0.7833333333333333,0.7874232375337756,0.8110119047619048,0.8916643988872762,0.7830655858511423,0.8968804714677355
150,0.007405939595533515,0.5201804637908936,0.7666666666666667,0.7637431284357822,0.8005952380952381,0.8893188670606124,0.766010744627686,0.8824272174802834
151,0.007369868456102699,0.5115458965301514,0.8,0.7893939393939394,0.8214285714285715,0.8955868773085753,0.800530303030303,0.8852003277121202
152,0.0073336387567445056,0.520087480545044,0.8,0.7886584741423451,0.8159722222222222,0.9048865126400504,0.8009408602150537,0.885544154264673
153,0.007297252973710758,0.5040696859359741,0.8166666666666667,0.8116402116402117,0.8263888888888888,0.9106135555133196,0.8168783068783069,0.8922541415171131
154,0.007260713593921394,0.5032146573066711,0.8166666666666667,0.8116402116402117,0.8263888888888888,0.913112672399229,0.8168783068783069,0.8932857411630998
155,0.007224023114794484,0.5093169808387756,0.8166666666666667,0.8116402116402117,0.8263888888888888,0.9123890827900262,0.8168783068783069,0.8982337598198448
156,0.00718718404407554,0.5177311301231384,0.8166666666666667,0.8116402116402117,0.8263888888888888,0.9086612254359895,0.8168783068783069,0.8927797503858824
157,0.0071501988996661115,0.5038903951644897,0.8166666666666667,0.8116402116402117,0.8263888888888888,0.9069974072922187,0.8168783068783069,0.9003873703166155
158,0.007113070209451689,0.5176186561584473,0.85,0.8386984600099354,0.8581349206349206,0.907573351264389,0.85025086934923,0.8981134715214903
159,0.007075800511128927,0.5160709619522095,0.8333333333333334,0.8055439184471442,0.810515873015873,0.9175070049185615,0.8329178885630498,0.9015120209106059
160,0.0070383923520322,0.5046340227127075,0.8166666666666667,0.7922972806693737,0.7946428571428571,0.9035392836984819,0.816568229358927,0.9016400484560863
161,0.007000848288959491,0.506179690361023,0.8166666666666667,0.7922972806693737,0.7946428571428571,0.8849033566014698,0.816568229358927,0.8922909179395028
162,0.006963170887997639,0.5236915349960327,0.7833333333333333,0.7416361416361417,0.7311507936507936,0.8906167208054,0.7817948717948718,0.8880655289853402
163,0.006925362724346952,0.5042355060577393,0.7833333333333333,0.7416361416361417,0.7311507936507936,0.9046689138080648,0.7817948717948718,0.8802947849233226
164,0.006887426382145193,0.5195401906967163,0.8,0.7787698412698413,0.7787698412698413,0.9063114340236983,0.8,0.8932123683008117
165,0.006849364454290958,0.5167826414108276,0.8,0.7787698412698413,0.7787698412698413,0.9166358896606538,0.8,0.9018225507022678
166,0.006811179542266458,0.5054028630256653,0.8166666666666667,0.7922972806693737,0.7946428571428571,0.922573752025403,0.816568229358927,0.903512886266424
167,0.006772874255959703,0.5047276020050049,0.8333333333333334,0.8050595238095237,0.8050595238095237,0.9329953982076624,0.8333333333333334,0.9078286864253845
168,0.006734451213486133,0.5239828824996948,0.8333333333333334,0.8050595238095237,0.8050595238095237,0.9371643926478832,0.8333333333333334,0.9174363317936431
169,0.006695913041009662,0.5132836103439331,0.8333333333333334,0.8050595238095237,0.8050595238095237,0.9329459030225539,0.8333333333333334,0.9231147194000967
170,0.006657262372563185,0.5275079011917114,0.8666666666666667,0.8314481217707024,0.8368055555555555,0.9320619490135998,0.8660312805474095,0.9212265230838345
171,0.006618501849868548,0.5058872103691101,0.8666666666666667,0.8314481217707024,0.8368055555555555,0.9333819406048179,0.8660312805474095,0.9181803794126907
172,0.006579634122155991,0.5068045854568481,0.8666666666666667,0.8314481217707024,0.8368055555555555,0.9335706222498675,0.8660312805474095,0.9198297989571574
173,0.006540661845983073,0.5108535885810852,0.8666666666666667,0.8314481217707024,0.8368055555555555,0.9392344912686893,0.8660312805474095,0.9264902910244891
174,0.0065015876850531016,0.5195318460464478,0.8833333333333333,0.8647789369100845,0.8844246031746031,0.939452090100675,0.8836462990561351,0.9327941177882216
175,0.006462414310033072,0.5152263641357422,0.8833333333333333,0.8647789369100845,0.8844246031746031,0.9315133623801076,0.8836462990561351,0.9302308671412445
176,0.0064231443983711325,0.5199495553970337,0.8666666666666667,0.8518518518518517,0.8740079365079364,0.944372751418742,0.8666666666666667,0.9340764930387572
177,0.006383780634113578,0.5039979219436646,0.8666666666666667,0.8518518518518517,0.8740079365079364,0.9427865057287227,0.8666666666666667,0.9366097466038504
178,0.006344325707721409,0.5060884356498718,0.8666666666666667,0.8518518518518517,0.8740079365079364,0.9427165525337694,0.8666666666666667,0.9256386738698059
179,0.006304782315886434,0.5300885438919067,0.85,0.8390076148366495,0.8635912698412698,0.9427865057287227,0.8496585605502334,0.9112093575536973
180,0.0062651531613469565,0.5277700424194336,0.85,0.8185445398560153,0.8263888888888888,0.9439025771572941,0.8490892531876137,0.9117409058446794
181,0.00622544095270305,0.5208944082260132,0.8666666666666667,0.8314481217707024,0.8368055555555555,0.9375850717242228,0.8660312805474095,0.9133552288033421
182,0.006185648404231421,0.5041947364807129,0.8666666666666667,0.8314481217707024,0.8368055555555555,0.9484589539129634,0.8660312805474095,0.9181283644727042
183,0.0061457782356999025,0.5190089344978333,0.8833333333333333,0.8444690537713794,0.8472222222222222,0.9315277609794119,0.8829888027562446,0.9214065055751376
184,0.006105833172181549,0.5177673101425171,0.8833333333333333,0.8444690537713794,0.8472222222222222,0.928699216140254,0.8829888027562446,0.9258356947036193
185,0.006065815943868391,0.513563871383667,0.8833333333333333,0.8444690537713794,0.8472222222222222,0.9339493054115695,0.8829888027562446,0.9266787326928837
186,0.006025729285884828,0.5037211179733276,0.8833333333333333,0.8444690537713794,0.8472222222222222,0.9484861912633139,0.8829888027562446,0.9307010414026924
187,0.005985575938100685,0.5030263662338257,0.8666666666666667,0.8314481217707024,0.8368055555555555,0.9494478377143473,0.8660312805474095,0.9305184191681833
188,0.005945358644943944,0.5020103454589844,0.8666666666666667,0.8314481217707024,0.8368055555555555,0.9465979949470515,0.8660312805474095,0.9303222382526628
189,0.005905080155213171,0.5089070796966553,0.8833333333333333,0.8444690537713794,0.8472222222222222,0.9505921063998896,0.8829888027562446,0.9319929557252671
190,0.005864743221889634,0.5144007802009583,0.8833333333333333,0.8444690537713794,0.8472222222222222,0.9530136508320471,0.8829888027562446,0.9323930568034342
191,0.005824350601949144,0.5012208819389343,0.8666666666666667,0.8313492063492064,0.8313492063492064,0.9489495861842561,0.8666666666666667,0.9292906386066763
192,0.0057839050561736185,0.5056671500205994,0.8666666666666667,0.8313492063492064,0.8313492063492064,0.9504376814223513,0.8666666666666667,0.9279851656030901
193,0.005743409348962387,0.5039708614349365,0.8666666666666667,0.8313492063492064,0.8313492063492064,0.9445775114996814,0.8666666666666667,0.9288496215088196
194,0.005702866248143243,0.5034573078155518,0.8666666666666667,0.8313492063492064,0.8313492063492064,0.9386746257324088,0.8666666666666667,0.9182649711836032
195,0.005662278524783272,0.5016796588897705,0.8666666666666667,0.8313492063492064,0.8313492063492064,0.9370816007018837,0.8666666666666667,0.9196190994540051
196,0.005621648952999453,0.5058704614639282,0.8666666666666667,0.8313492063492064,0.8313492063492064,0.9323579602176301,0.8666666666666667,0.9161309787783845
197,0.005580980309769044,0.5022092461585999,0.8666666666666667,0.8313492063492064,0.8313492063492064,0.930154014617458,0.8666666666666667,0.9107964177244837
198,0.005540275374739791,0.5075573921203613,0.8666666666666667,0.8313492063492064,0.8313492063492064,0.9330883291673385,0.8666666666666667,0.9133032738575192
199,0.0054995369300399315,0.5040602087974548,0.8333333333333334,0.8050595238095237,0.8050595238095237,0.934730849382972,0.8333333333333334,0.909331420239439
200,0.005458767760088046,0.502899169921875,0.8333333333333334,0.8050595238095237,0.8050595238095237,0.9299014391879957,0.8333333333333334,0.9178442921072638
201,0.0054179706514027445,0.5025550127029419,0.8333333333333334,0.8050595238095237,0.8050595238095237,0.9311369589966288,0.8333333333333334,0.9178093155097873
202,0.005377148392412213,0.5009799003601074,0.8333333333333334,0.8050595238095237,0.8050595238095237,0.9215710695663525,0.8333333333333334,0.8975828831371283
203,0.005336303773263628,0.5024701356887817,0.8666666666666667,0.8515628907226808,0.8685515873015873,0.915429287038957,0.8671517879469868,0.9033158654326107
204,0.005295439585632452,0.5019062161445618,0.8666666666666667,0.8515628907226808,0.8685515873015873,0.9141587906328472,0.8671517879469868,0.9064182836293685
205,0.005254558622531626,0.5014609098434448,0.8666666666666667,0.8515628907226808,0.8685515873015873,0.9134429402707706,0.8671517879469868,0.9011749736985587
206,0.005213663678120677,0.5019260048866272,0.8666666666666667,0.8515628907226808,0.8685515873015873,0.9126639160542463,0.8671517879469868,0.9076536834496739
207,0.005172757547514729,0.5021189451217651,0.8666666666666667,0.8515628907226808,0.8685515873015873,0.918524925895209,0.8671517879469868,0.9144131658872224
208,0.0051318430265934745,0.5018323659896851,0.8666666666666667,0.8515628907226808,0.8685515873015873,0.9195428468718564,0.8671517879469868,0.9074429839465217
209,0.005090922911810069,0.5011187791824341,0.8666666666666667,0.8515628907226808,0.8685515873015873,0.9233543360901852,0.8671517879469868,0.912370544593422
210,0.005050000000000001,0.500209629535675,0.8666666666666667,0.8515628907226808,0.8685515873015873,0.9273834241404996,0.8671517879469868,0.9141674897865935
211,0.005009077088189933,0.5014936923980713,0.8666666666666667,0.8515628907226808,0.8685515873015873,0.9227647134486757,0.8671517879469868,0.9152203873607174
212,0.004968156973406526,0.5004444122314453,0.8666666666666667,0.8515628907226808,0.8685515873015873,0.931131739504381,0.8671517879469868,0.9179789790049223
213,0.0049272424524852716,0.5095034241676331,0.8666666666666667,0.8515628907226808,0.8685515873015873,0.9234388078727701,0.8671517879469868,0.9203869647560685
214,0.004886336321879326,0.5000134706497192,0.8666666666666667,0.8515628907226808,0.8685515873015873,0.9241615575636802,0.8671517879469868,0.9178408724399291
215,0.004845441377468376,0.5068061947822571,0.8333333333333334,0.8243394308943089,0.8368055555555555,0.9139975863148032,0.8335772357723578,0.9093697565100868
216,0.004804560414367551,0.5015662312507629,0.8333333333333334,0.8243394308943089,0.8368055555555555,0.9210787574584746,0.8335772357723578,0.913222161748105
217,0.004763696226736375,0.5004978179931641,0.8333333333333334,0.8243394308943089,0.8368055555555555,0.9155478955007257,0.8335772357723578,0.9019233408973975
218,0.0047228516075877875,0.5083616971969604,0.8333333333333334,0.8243394308943089,0.8368055555555555,0.9144745399167569,0.8335772357723578,0.8991383518211348
219,0.004682029348597257,0.4997354745864868,0.8333333333333334,0.8243394308943089,0.8368055555555555,0.9123268688421989,0.8335772357723578,0.8957483815974383
220,0.004641232239911956,0.49968791007995605,0.8333333333333334,0.8243394308943089,0.8368055555555555,0.9129164914837085,0.8335772357723578,0.8976085006450574
221,0.00460046306996007,0.5004549622535706,0.8333333333333334,0.8243394308943089,0.8368055555555555,0.9196401574054875,0.8335772357723578,0.9032715297455863
222,0.00455972462526021,0.5005415678024292,0.8333333333333334,0.8243394308943089,0.8368055555555555,0.9169805561314995,0.8335772357723578,0.8990675587078889
223,0.0045190196902309574,0.49989989399909973,0.8333333333333334,0.8243394308943089,0.8368055555555555,0.9109719006535043,0.8335772357723578,0.903669950987168
224,0.00447835104700055,0.5000100135803223,0.8333333333333334,0.8243394308943089,0.8368055555555555,0.9190163980847944,0.8335772357723578,0.9108714104291935
225,0.004437721475216731,0.5028102993965149,0.8166666666666667,0.8116402116402117,0.8263888888888888,0.9261897802581766,0.8168783068783069,0.9184577324317891
226,0.00439713375185676,0.5011099576950073,0.8333333333333334,0.8253063265816455,0.8422619047619048,0.9217673704702007,0.8336684171042761,0.9188647328387894
227,0.004356590651037616,0.5007882118225098,0.8333333333333334,0.8253063265816455,0.8422619047619048,0.9130428391926033,0.8336684171042761,0.9087306386834689
228,0.004316094943826382,0.5000015497207642,0.8333333333333334,0.8253063265816455,0.8422619047619048,0.9124881931485705,0.8336684171042761,0.9171940153661852
229,0.0042756493980508565,0.50173020362854,0.8333333333333334,0.8253063265816455,0.8422619047619048,0.9136110439176477,0.8336684171042761,0.9170727671612106
230,0.0042352567781103675,0.5018891096115112,0.8333333333333334,0.8253063265816455,0.8422619047619048,0.9146007676373243,0.8336684171042761,0.9183927587524287
231,0.004194919844786831,0.5021356344223022,0.8333333333333334,0.8243394308943089,0.8368055555555555,0.9201179509257339,0.8335772357723578,0.9201692459357553
232,0.004154641355056057,0.5019201636314392,0.8333333333333334,0.8243394308943089,0.8368055555555555,0.9265250276453106,0.8335772357723578,0.9218381635834465
233,0.004114424061899316,0.5032728910446167,0.8333333333333334,0.8243394308943089,0.8368055555555555,0.9261666825051259,0.8335772357723578,0.9255584016786846
234,0.004074270714115174,0.5024610161781311,0.8333333333333334,0.8243394308943089,0.8368055555555555,0.9332273956389523,0.8335772357723578,0.9264509348530575
235,0.004034184056131611,0.5015166997909546,0.8333333333333334,0.8243394308943089,0.8368055555555555,0.9317742769983336,0.8335772357723578,0.9207656479177705
236,0.003994166827818454,0.5023334622383118,0.8333333333333334,0.8243394308943089,0.8368055555555555,0.9330447734044433,0.8335772357723578,0.9225335559356785
237,0.003954221764300101,0.5008488297462463,0.8333333333333334,0.8243394308943089,0.8368055555555555,0.9426968144538899,0.8335772357723578,0.9291549318082337
238,0.003914351595768582,0.4997040629386902,0.8333333333333334,0.8243394308943089,0.8368055555555555,0.934463755365878,0.8335772357723578,0.9225089583285339
239,0.0038745590472969507,0.4997524917125702,0.8333333333333334,0.8243394308943089,0.8368055555555555,0.9350251807504165,0.8335772357723578,0.9259475838190462
240,0.0038348468386530444,0.5046496391296387,0.8333333333333334,0.8243394308943089,0.8368055555555555,0.9366318844502807,0.8335772357723578,0.9288247839250198
241,0.0037952176841135675,0.5094688534736633,0.8333333333333334,0.8253063265816455,0.8422619047619048,0.9489717240306863,0.8336684171042761,0.9329767400227306
242,0.0037556742922785925,0.4999770224094391,0.8666666666666667,0.8518518518518517,0.8740079365079364,0.9485160683568702,0.8666666666666667,0.9235858535681648
243,0.003716219365886423,0.500479519367218,0.8833333333333333,0.8647998034880864,0.8898809523809524,0.9412933109867073,0.8829550478997789,0.9176753485420939
244,0.0036768556016288706,0.5008988380432129,0.8833333333333333,0.8647998034880864,0.8898809523809524,0.9501859459111818,0.8829550478997789,0.9191498850991776
245,0.00363758568996693,0.5002236366271973,0.8833333333333333,0.8647998034880864,0.8898809523809524,0.9463607780235139,0.8829550478997789,0.907689859930426
246,0.0035984123149469,0.5006853342056274,0.8833333333333333,0.8647998034880864,0.8898809523809524,0.9375662935509634,0.8829550478997789,0.9028254731379731
247,0.003559338154016929,0.5091208815574646,0.8833333333333333,0.8647998034880864,0.8898809523809524,0.9518992592400611,0.8829550478997789,0.9206243016679337
248,0.003520365877844012,0.5015013813972473,0.8833333333333333,0.8647998034880864,0.8898809523809524,0.9555213468833751,0.8829550478997789,0.9361134148869997
249,0.0034814981501314545,0.5114026069641113,0.8666666666666667,0.8518518518518517,0.8740079365079364,0.9404152963999662,0.8666666666666667,0.9240055727378841
250,0.0034427376274368173,0.499705046415329,0.8666666666666667,0.8518518518518517,0.8740079365079364,0.9329467429408468,0.8666666666666667,0.9221462936085577
251,0.003404086958990339,0.5053557753562927,0.9,0.877819454863716,0.8948412698412698,0.9293817697414396,0.9006351587896975,0.92950979728692
252,0.003365548786513867,0.5013737082481384,0.8833333333333333,0.8645502645502646,0.878968253968254,0.915189550360541,0.8840740740740741,0.9171640182843013
253,0.003327125744040297,0.5018008947372437,0.8833333333333333,0.8645502645502646,0.878968253968254,0.9123610055213828,0.8840740740740741,0.9050786739465985
254,0.0032888204577335442,0.5010091662406921,0.8833333333333333,0.8645502645502646,0.878968253968254,0.914558171781049,0.8840740740740741,0.9072058870113114
255,0.0032506355457090426,0.5056281089782715,0.8833333333333333,0.8645502645502646,0.878968253968254,0.9246368313290483,0.8840740740740741,0.9128689161118406
256,0.0032125736178548075,0.4997600018978119,0.8666666666666667,0.8518518518518517,0.8740079365079364,0.921856941756706,0.8666666666666667,0.9253682801737048
257,0.0031746372756530482,0.5012769103050232,0.8666666666666667,0.8518518518518517,0.8740079365079364,0.9433641295374787,0.8666666666666667,0.9256277549320003
258,0.0031368291120023616,0.4997750520706177,0.8833333333333333,0.8647998034880864,0.8898809523809524,0.9426192420001382,0.8829550478997789,0.9306320481143594
259,0.0030991517110405113,0.5001184940338135,0.8833333333333333,0.8647998034880864,0.8898809523809524,0.9451602348123576,0.8829550478997789,0.9344648352608259
260,0.0030616076479678023,0.5006044507026672,0.8833333333333333,0.8647998034880864,0.8898809523809524,0.9472805485482373,0.8829550478997789,0.9412738128834827
261,0.0030241994888710747,0.5002294182777405,0.8833333333333333,0.8647998034880864,0.8898809523809524,0.9426900351133843,0.8829550478997789,0.9426987342671306
262,0.0029869297905483136,0.5003308653831482,0.8833333333333333,0.8647998034880864,0.8898809523809524,0.9421635863263221,0.8829550478997789,0.9422285600056827
263,0.00294980110033389,0.5014556646347046,0.8833333333333333,0.8647998034880864,0.8898809523809524,0.9442480835464327,0.8829550478997789,0.9419905031638524
264,0.0029128159559244607,0.4996362030506134,0.8833333333333333,0.8647998034880864,0.8898809523809524,0.9416934120648744,0.8829550478997789,0.9327608210273305
265,0.0028759768852055175,0.4996625781059265,0.8833333333333333,0.8647998034880864,0.8898809523809524,0.9392155931071026,0.8829550478997789,0.9339963408359635
266,0.002839286406078608,0.4992355704307556,0.8833333333333333,0.8647998034880864,0.8898809523809524,0.9404860895132122,0.8829550478997789,0.9338419158584254
267,0.0028027470262892437,0.5030791163444519,0.8833333333333333,0.8647998034880864,0.8898809523809524,0.9397070652966879,0.8829550478997789,0.9338069392609487
268,0.002766361243255496,0.5152711272239685,0.8833333333333333,0.8647998034880864,0.8898809523809524,0.9375380962939927,0.8829550478997789,0.9355194126715354
269,0.002730131543897301,0.5071316957473755,0.8833333333333333,0.8647998034880864,0.8898809523809524,0.9461363998510225,0.8829550478997789,0.936082637880987
270,0.0026940604044664858,0.5001926422119141,0.8833333333333333,0.8647998034880864,0.8898809523809524,0.945729399444022,0.8829550478997789,0.9350442588944948
271,0.002658150290377515,0.5013960003852844,0.8833333333333333,0.8647998034880864,0.8898809523809524,0.9470211937782693,0.8829550478997789,0.9312618068514297
272,0.0026224036560389846,0.5094799995422363,0.8833333333333333,0.8647998034880864,0.8898809523809524,0.9476108164197786,0.8829550478997789,0.9317387604533831
273,0.0025868229446858685,0.49980682134628296,0.8833333333333333,0.8647998034880864,0.8898809523809524,0.9466415507099469,0.8829550478997789,0.9317941950607045
274,0.0025514105882125234,0.5014546513557434,0.8833333333333333,0.8647998034880864,0.8898809523809524,0.9496236806083505,0.8829550478997789,0.9372464046697537
275,0.002516169007006475,0.504013180732727,0.8666666666666667,0.8518518518518517,0.8740079365079364,0.9496091620207187,0.8666666666666667,0.936004105520615
276,0.0024811006097829845,0.500487208366394,0.8833333333333333,0.8647789369100845,0.8844246031746031,0.95267660362,0.8836462990561351,0.9430775374171599
277,0.002446207793420422,0.5045876502990723,0.8833333333333333,0.8647789369100845,0.8844246031746031,0.949819861523871,0.8836462990561351,0.939441771104507
278,0.002411492942796432,0.5007466077804565,0.8833333333333333,0.8647789369100845,0.8844246031746031,0.9509146350243048,0.8836462990561351,0.9450980208645303
279,0.0023769584306249435,0.49932849407196045,0.8833333333333333,0.8647789369100845,0.8844246031746031,0.9448360263513566,0.8836462990561351,0.9446270066847898
280,0.0023426066172939877,0.5009628534317017,0.8833333333333333,0.8647789369100845,0.8844246031746031,0.9413479056757358,0.8836462990561351,0.9422754154475852
281,0.002308439850704377,0.5158647894859314,0.9,0.877819454863716,0.8948412698412698,0.9504657586909945,0.9006351587896975,0.9462550083127913
282,0.002274460466109219,0.5004624724388123,0.9,0.877819454863716,0.8948412698412698,0.945468244849141,0.9006351587896975,0.94078732020949
283,0.0022406707859543205,0.5041971206665039,0.9,0.877819454863716,0.8948412698412698,0.9406038580566882,0.9006351587896975,0.9342804132014036
284,0.002207073119719429,0.5001848936080933,0.9,0.877819454863716,0.8948412698412698,0.9389963144385313,0.9006351587896975,0.9269731840486557
285,0.0021736697637604056,0.5001197457313538,0.9,0.877819454863716,0.8948412698412698,0.9350304002426645,0.9006351587896975,0.9199398282535075
286,0.0021404630011522584,0.5008505582809448,0.9,0.877819454863716,0.8948412698412698,0.9417898826802129,0.9006351587896975,0.9249023654978844
287,0.0021074551015331003,0.49954015016555786,0.9,0.877819454863716,0.8948412698412698,0.937978393461884,0.9006351587896975,0.9195678044439838
288,0.0020746483209490257,0.5021052360534668,0.8833333333333333,0.8647789369100845,0.8844246031746031,0.9447515545687715,0.8836462990561351,0.9309869135930456
289,0.002042044901699908,0.5062928795814514,0.9,0.877819454863716,0.8948412698412698,0.9425825855660762,0.9006351587896975,0.9299058187619508
290,0.0020096470721861445,0.4996710419654846,0.9,0.877819454863716,0.8948412698412698,0.9466116736163905,0.9006351587896975,0.9291617711429033
291,0.0019774570467563477,0.4994535446166992,0.9,0.877819454863716,0.8948412698412698,0.9454956021878193,0.9006351587896975,0.930586692526551
292,0.001945477025555992,0.4994795322418213,0.9,0.877819454863716,0.8948412698412698,0.9455518767134333,0.9006351587896975,0.9329100865067845
293,0.0019137091943770502,0.5011556148529053,0.9,0.877819454863716,0.8948412698412698,0.9377675739704041,0.9006351587896975,0.9251198443415425
294,0.0018821557245085828,0.504239022731781,0.9,0.877819454863716,0.8948412698412698,0.9456713250934948,0.9006351587896975,0.9342591152732661
295,0.0018508187725883422,0.500779390335083,0.9,0.877819454863716,0.8948412698412698,0.944246403709847,0.9006351587896975,0.9318375708411087
296,0.0018197004804553652,0.5006742477416992,0.9,0.877819454863716,0.8948412698412698,0.9417054108976278,0.9006351587896975,0.9311566970765085
297,0.0017888029750035847,0.5044800043106079,0.9,0.877819454863716,0.8948412698412698,0.9393820169173942,0.9006351587896975,0.9338171382687892
298,0.0017581283680364525,0.49958643317222595,0.9,0.877819454863716,0.8948412698412698,0.9401260645364419,0.9006351587896975,0.9326660902427412
299,0.0017276787561226095,0.5037267804145813,0.9,0.877819454863716,0.8948412698412698,0.9484299167376998,0.9006351587896975,0.9362037061034703
300,0.0016974562204525828,0.5000760555267334,0.8833333333333333,0.8647789369100845,0.8844246031746031,0.9452712240153277,0.8836462990561351,0.929212226234632
301,0.0016674628266965387,0.49974262714385986,0.8833333333333333,0.8647789369100845,0.8844246031746031,0.9477490429730996,0.8836462990561351,0.9311635964053417
302,0.0016377006248631,0.4992431104183197,0.8833333333333333,0.8647789369100845,0.8844246031746031,0.9435937272022178,0.8836462990561351,0.9292472028321086
303,0.001608171649159226,0.49934858083724976,0.8833333333333333,0.8647789369100845,0.8844246031746031,0.940084188610132,0.8836462990561351,0.920483435371407
304,0.0015788779178511816,0.508949875831604,0.8833333333333333,0.8647789369100845,0.8844246031746031,0.9319347613864123,0.8836462990561351,0.9113441644396834
305,0.0015498214331265902,0.4993593096733093,0.8833333333333333,0.8647789369100845,0.8844246031746031,0.9312538876218123,0.8836462990561351,0.9129380293885011
306,0.001521004180957585,0.4996459186077118,0.8833333333333333,0.8647789369100845,0.8844246031746031,0.9301378161932408,0.8836462990561351,0.9109380039509757
307,0.001492428130965072,0.49985745549201965,0.8833333333333333,0.8647789369100845,0.8844246031746031,0.9297657923837169,0.8836462990561351,0.9128543975242088
308,0.0014640952362841098,0.4995710253715515,0.8666666666666667,0.8515628907226808,0.8685515873015873,0.9276812951636065,0.8671517879469868,0.9152972398845041
309,0.0014360074334304135,0.49964380264282227,0.8666666666666667,0.8515628907226808,0.8685515873015873,0.9256317745409727,0.8671517879469868,0.9228920210641909
310,0.0014081666421679989,0.49952661991119385,0.85,0.8380952380952381,0.8526785714285715,0.9284603193801306,0.8504761904761904,0.9247239428548392
311,0.0013805747653779662,0.5066083073616028,0.85,0.8380952380952381,0.8526785714285715,0.9250558305688023,0.8504761904761904,0.9268434166724262
312,0.00135323368892844,0.5111585855484009,0.85,0.8380952380952381,0.8526785714285715,0.9255822793558642,0.8504761904761904,0.922827167373158
313,0.001326145281545679,0.4993847608566284,0.85,0.8380952380952381,0.8526785714285715,0.9382872434169603,0.8504761904761904,0.9276839349068123
314,0.0012993113946863431,0.49950850009918213,0.85,0.8380952380952381,0.8526785714285715,0.9314083125993503,0.8504761904761904,0.9261608630712405
315,0.0012727338624109576,0.5180667042732239,0.8666666666666667,0.8515628907226808,0.8685515873015873,0.9365252748212654,0.8671517879469868,0.925852013116164
316,0.0012464145012585474,0.5068411827087402,0.8666666666666667,0.8515628907226808,0.8685515873015873,0.9439938282803849,0.8671517879469868,0.9175064049769239
317,0.0012203551101224882,0.5006618499755859,0.8666666666666667,0.8515628907226808,0.8685515873015873,0.9464716472381567,0.8671517879469868,0.9293333544512791
318,0.001194557470127544,0.4996979832649231,0.8666666666666667,0.8515628907226808,0.8685515873015873,0.9438461826433525,0.8671517879469868,0.9261746617289072
319,0.001169023344508143,0.4998311400413513,0.8666666666666667,0.8515628907226808,0.8685515873015873,0.9525571552399382,0.8671517879469868,0.9307301985662835
320,0.0011437544784878525,0.4992930293083191,0.8833333333333333,0.8647789369100845,0.8844246031746031,0.951069060001843,0.8836462990561351,0.9382268292940462
321,0.0011187525991600985,0.49946367740631104,0.8833333333333333,0.8647789369100845,0.8844246031746031,0.9472575707835142,0.8836462990561351,0.9299229770927884
322,0.001094019415370123,0.5049859285354614,0.8833333333333333,0.8647789369100845,0.8844246031746031,0.9466329715445281,0.8836462990561351,0.931523621382112
323,0.0010695566175981828,0.49949023127555847,0.8833333333333333,0.8647789369100845,0.8844246031746031,0.9374869212722986,0.8836462990561351,0.9263716825627203
324,0.0010453658778440107,0.4996839761734009,0.8833333333333333,0.8647789369100845,0.8844246031746031,0.9359356521797558,0.8836462990561351,0.9204543981961435
325,0.0010214488495125353,0.5044258832931519,0.8833333333333333,0.8647789369100845,0.8844246031746031,0.9350371795831701,0.8836462990561351,0.9220688411431336
326,0.0009978071673008729,0.5113579630851746,0.8833333333333333,0.8647789369100845,0.8844246031746031,0.9311070819030726,0.8836462990561351,0.9206719970281291
327,0.0009744424470865977,0.5047951936721802,0.8833333333333333,0.8647789369100845,0.8844246031746031,0.927429559652437,0.8836462990561351,0.9211702485582203
328,0.0009513562858173009,0.5005464553833008,0.8833333333333333,0.8647789369100845,0.8844246031746031,0.9273101112723755,0.8836462990561351,0.9194150593030311
329,0.0009285502614014378,0.49925681948661804,0.8833333333333333,0.8647789369100845,0.8844246031746031,0.9261590632463275,0.8836462990561351,0.9213314528762643
330,0.0009060259326004838,0.4994470477104187,0.8666666666666667,0.8515628907226808,0.8685515873015873,0.9289235943127453,0.8671517879469868,0.9192256577280163
331,0.000883784838922391,0.504061222076416,0.8666666666666667,0.8515628907226808,0.8685515873015873,0.9297870903118545,0.8671517879469868,0.918936425864492
332,0.0008618285005163704,0.49973228573799133,0.8666666666666667,0.8515628907226808,0.8685515873015873,0.9441695511860607,0.8671517879469868,0.9250782083918877
333,0.0008401584180689843,0.5052542686462402,0.8666666666666667,0.8515628907226808,0.8685515873015873,0.9432361019919983,0.8671517879469868,0.920894695364035
334,0.000818776072701583,0.49919289350509644,0.8666666666666667,0.8515628907226808,0.8685515873015873,0.9506833575229802,0.8671517879469868,0.9323291630190216
335,0.0007976829258690679,0.4995381832122803,0.8666666666666667,0.8515628907226808,0.8685515873015873,0.9563549657889281,0.8671517879469868,0.9252045561007826
336,0.0007768804192600093,0.4989740252494812,0.8666666666666667,0.8515628907226808,0.8685515873015873,0.9579974860045614,0.8671517879469868,0.9287984464871258
337,0.0007563699746980984,0.5004075169563293,0.8666666666666667,0.8515628907226808,0.8685515873015873,0.9538139729767088,0.8671517879469868,0.9255134060558589
338,0.0007361529940449782,0.5023641586303711,0.8666666666666667,0.8515628907226808,0.8685515873015873,0.9570990134079757,0.8671517879469868,0.9307498166578355
339,0.0007162308591044182,0.5011314749717712,0.8666666666666667,0.8515628907226808,0.8685515873015873,0.9532875241896468,0.8671517879469868,0.9213930668824536
340,0.0006966049315278798,0.500393807888031,0.8666666666666667,0.8515628907226808,0.8685515873015873,0.9440220255373557,0.8671517879469868,0.9218563418150683
341,0.0006772765527214417,0.4995400607585907,0.8666666666666667,0.8515628907226808,0.8685515873015873,0.9488301378041943,0.8671517879469868,0.9226003894341158
342,0.0006582470437541217,0.49941498041152954,0.8666666666666667,0.8515628907226808,0.8685515873015873,0.9507815079749041,0.8671517879469868,0.9258222560109353
343,0.0006395177052675795,0.4999198317527771,0.8666666666666667,0.8515628907226808,0.8685515873015873,0.9499462092327658,0.8671517879469868,0.9269383274395068
344,0.0006210898173872209,0.500970721244812,0.8666666666666667,0.8515628907226808,0.8685515873015873,0.9507815079749041,0.8671517879469868,0.927619201204107
345,0.0006029646396347048,0.4990716576576233,0.8666666666666667,0.8515628907226808,0.8685515873015873,0.9495110115687946,0.8671517879469868,0.9261942798204591
346,0.000585143410841854,0.49951738119125366,0.8666666666666667,0.8515628907226808,0.8685515873015873,0.9474964675436374,0.8671517879469868,0.9236532870082398
347,0.0005676273490659822,0.5012883543968201,0.8666666666666667,0.8515628907226808,0.8685515873015873,0.9465979949470515,0.8671517879469868,0.9247693584368113
348,0.0005504176515066467,0.499327152967453,0.8666666666666667,0.8515628907226808,0.8685515873015873,0.94480104975388,0.8671517879469868,0.9229092393891922
349,0.0005335154944238117,0.4994836449623108,0.8666666666666667,0.8515628907226808,0.8685515873015873,0.9436849783253085,0.8671517879469868,0.925913507134026
350,0.0005169220330574664,0.4991723299026489,0.8666666666666667,0.8515628907226808,0.8685515873015873,0.9429059541087842,0.8671517879469868,0.9289809487333073
351,0.0005006384015486492,0.49908751249313354,0.8666666666666667,0.8515628907226808,0.8685515873015873,0.9429059541087842,0.8671517879469868,0.9268119797306117
352,0.00048466571286194553,0.4992854595184326,0.8666666666666667,0.8515628907226808,0.8685515873015873,0.9436849783253085,0.8671517879469868,0.9284544999462453
353,0.00046900505870941026,0.49898719787597656,0.8666666666666667,0.8515628907226808,0.8685515873015873,0.9432779779183081,0.8671517879469868,0.924860609559902
354,0.00045365750947594944,0.501165509223938,0.8666666666666667,0.8515628907226808,0.8685515873015873,0.9436849783253085,0.8671517879469868,0.9199962227674492
355,0.00043862411414616955,0.5007472038269043,0.8666666666666667,0.8515628907226808,0.8685515873015873,0.9416354577026746,0.8671517879469868,0.9169287811681679
356,0.0004239059002326682,0.4989348351955414,0.8666666666666667,0.8515628907226808,0.8685515873015873,0.9430603790863225,0.8671517879469868,0.919841797789911
357,0.00040950387370581904,0.4988894462585449,0.8666666666666667,0.8515628907226808,0.8685515873015873,0.9426883552767986,0.8671517879469868,0.9225372155796685
358,0.00039541901892500223,0.49886587262153625,0.8666666666666667,0.8515628907226808,0.8685515873015873,0.9477703409012371,0.8671517879469868,0.9214843180055444
359,0.00038165229857133195,0.49922502040863037,0.8666666666666667,0.8515628907226808,0.8685515873015873,0.9482967896882991,0.8671517879469868,0.9263487047979972
360,0.00036820465358185857,0.500165581703186,0.8666666666666667,0.8515628907226808,0.8685515873015873,0.9490408373073468,0.8671517879469868,0.9261942798204591
361,0.00035507700308525403,0.49918848276138306,0.8666666666666667,0.8515628907226808,0.8685515873015873,0.9464998444951275,0.8671517879469868,0.9260398548429208
362,0.00034227024433899005,0.49948960542678833,0.8666666666666667,0.8515628907226808,0.8685515873015873,0.9532875241896468,0.8671517879469868,0.9266294774844304
363,0.00032978525266801593,0.502730667591095,0.8666666666666667,0.8515628907226808,0.8685515873015873,0.9472438921141751,0.8671517879469868,0.9220739406470538
364,0.0003176228814049297,0.5009536743164062,0.8666666666666667,0.8515628907226808,0.8685515873015873,0.9527960520000615,0.8671517879469868,0.9224459644565778
365,0.0003057839618316491,0.49929508566856384,0.8666666666666667,0.8515628907226808,0.8685515873015873,0.9536945245966472,0.8671517879469868,0.9224459644565778
366,0.00029426930312260227,0.4992881417274475,0.8666666666666667,0.8515628907226808,0.8685515873015873,0.9529504769775996,0.8671517879469868,0.9215474918599919
367,0.00028307969228941415,0.4987694025039673,0.8666666666666667,0.8515628907226808,0.8685515873015873,0.9513079567619663,0.8671517879469868,0.920122570476344
368,0.00027221589412712463,0.5011751055717468,0.8666666666666667,0.8515628907226808,0.8685515873015873,0.9505639091429186,0.8671517879469868,0.9195961216892821
369,0.0002616786511619041,0.4989014267921448,0.8666666666666667,0.8515628907226808,0.8685515873015873,0.9578780376245,0.8671517879469868,0.9221371145015013
370,0.00025146868360031467,0.49972647428512573,0.8666666666666667,0.8515628907226808,0.8685515873015873,0.9527960520000615,0.8671517879469868,0.9231900120756252
371,0.00024158668928007498,0.5048983097076416,0.8666666666666667,0.8515628907226808,0.8685515873015873,0.9535400996191091,0.8671517879469868,0.9246149334592731
372,0.00023203334362237158,0.49900010228157043,0.8666666666666667,0.8515628907226808,0.8685515873015873,0.9522696032129995,0.8671517879469868,0.9228179882661015
373,0.00022280929958568842,0.49885094165802,0.8666666666666667,0.8515628907226808,0.8685515873015873,0.9522696032129995,0.8671517879469868,0.9215474918599919
374,0.00021391518762118363,0.4990154802799225,0.8666666666666667,0.8515628907226808,0.8685515873015873,0.9518975794034756,0.8671517879469868,0.9242429096497493
375,0.00020535161562959536,0.4991704523563385,0.8666666666666667,0.8515628907226808,0.8685515873015873,0.9497286104007802,0.8671517879469868,0.920649019263406
376,0.0001971191689196937,0.4988979995250702,0.8666666666666667,0.8515628907226808,0.8685515873015873,0.9501006342103041,0.8671517879469868,0.9193785228572965
377,0.0001892184101682762,0.4991925060749054,0.8666666666666667,0.8515628907226808,0.8685515873015873,0.9493565865912564,0.8671517879469868,0.9193785228572965
378,0.0001816498793817073,0.49885496497154236,0.8666666666666667,0.8515628907226808,0.8685515873015873,0.9497286104007802,0.8671517879469868,0.9197505466668202
379,0.00017441409385901422,0.4987946152687073,0.8666666666666667,0.8515628907226808,0.8685515873015873,0.9497286104007802,0.8671517879469868,0.9190064990477728
380,0.00016751154815652453,0.5054664015769958,0.8666666666666667,0.8515628907226808,0.8685515873015873,0.9492021616137182,0.8671517879469868,0.9204945942858679
381,0.0001609427140540686,0.49895328283309937,0.8666666666666667,0.8515628907226808,0.8685515873015873,0.9492021616137182,0.8671517879469868,0.9213930668824536
382,0.00015470804052273096,0.4991152286529541,0.8666666666666667,0.8515628907226808,0.8685515873015873,0.9488301378041943,0.8671517879469868,0.9199049716443585
383,0.00014880795369416665,0.49912238121032715,0.8666666666666667,0.8515628907226808,0.8685515873015873,0.9488301378041943,0.8671517879469868,0.9202769954538823
384,0.0001432428568314728,0.4988991618156433,0.8666666666666667,0.8515628907226808,0.8685515873015873,0.9479316652076086,0.8671517879469868,0.9215474918599919
385,0.00013801313030162716,0.49921074509620667,0.8666666666666667,0.8515628907226808,0.8685515873015873,0.9475596413980848,0.8671517879469868,0.9215474918599919
386,0.0001331191315494912,0.49878960847854614,0.8666666666666667,0.8515628907226808,0.8685515873015873,0.9468155937790371,0.8671517879469868,0.9228179882661015
387,0.00012856119507337867,0.49893778562545776,0.8666666666666667,0.8515628907226808,0.8685515873015873,0.9475596413980848,0.8671517879469868,0.9224459644565778
388,0.0001243396324021935,0.4995731711387634,0.8666666666666667,0.8515628907226808,0.8685515873015873,0.9468155937790371,0.8671517879469868,0.9224459644565778
389,0.00012045473207413647,0.49882417917251587,0.8666666666666667,0.8515628907226808,0.8685515873015873,0.9471876175885608,0.8671517879469868,0.9224459644565778
390,0.00011690675961698426,0.5091614127159119,0.8666666666666667,0.8515628907226808,0.8685515873015873,0.9471876175885608,0.8671517879469868,0.9233444370531635
391,0.00011369595752994128,0.4988761842250824,0.8666666666666667,0.8515628907226808,0.8685515873015873,0.9471876175885608,0.8671517879469868,0.9229724132436395
392,0.00011082254526706605,0.4995075464248657,0.8666666666666667,0.8515628907226808,0.8685515873015873,0.9471876175885608,0.8671517879469868,0.9238708858402255
393,0.00010828671922226878,0.49926406145095825,0.8666666666666667,0.8515628907226808,0.8685515873015873,0.9470331926110228,0.8671517879469868,0.9238708858402255
394,0.00010608865271589101,0.4995090663433075,0.8666666666666667,0.8515628907226808,0.8685515873015873,0.9475596413980848,0.8671517879469868,0.9242429096497493
395,0.00010422849598285996,0.4989444315433502,0.8666666666666667,0.8515628907226808,0.8685515873015873,0.9466611688014991,0.8671517879469868,0.9216319636425769
396,0.00010270637616241606,0.4988791346549988,0.8666666666666667,0.8515628907226808,0.8685515873015873,0.9462891449919751,0.8671517879469868,0.9228674834512098
397,0.00010152239728942829,0.49889785051345825,0.8666666666666667,0.8515628907226808,0.8685515873015873,0.9466611688014991,0.8671517879469868,0.9228325068537333
398,0.00010067664028727843,0.4988417625427246,0.8666666666666667,0.8515628907226808,0.8685515873015873,0.9475596413980848,0.8671517879469868,0.9220185060397325
399,0.00010016916296233584,0.49884381890296936,0.8666666666666667,0.8515628907226808,0.8685515873015873,0.9466611688014991,0.8671517879469868,0.9207975048187312
400,0.0001,0.49908018112182617,0.8666666666666667,0.8515628907226808,0.8685515873015873,0.9479316652076086,0.8671517879469868,0.9203905044117309
