epoch,base_lr,graph_lr,loss,acc,macro_f1,bacc,macro_auc,weighted_f1
1,0.01,0.01,3.309741258621216,0.35,0.1728395061728395,0.3333333333333333,0.814942362406985,0.18148148148148147
2,0.01,0.01,2.910991907119751,0.35,0.1728395061728395,0.3333333333333333,0.498501765748228,0.18148148148148147
3,0.01,0.01,5.915204048156738,0.35,0.18918918918918917,0.21875,0.47519169335207073,0.30270270270270266
4,0.01,0.01,4.424011707305908,0.4666666666666667,0.38431938431938434,0.47767857142857145,0.5924196894126139,0.3834295334295334
5,0.01,0.01,6.139082908630371,0.5333333333333333,0.4271929824561404,0.5565476190476191,0.6648218461308084,0.4203508771929825
6,0.01,0.01,5.401062965393066,0.5,0.3956043956043956,0.5357142857142857,0.7632023156787309,0.3948717948717949
7,0.01,0.01,3.126274347305298,0.5333333333333333,0.4271929824561404,0.5565476190476191,0.8066577683322967,0.4203508771929825
8,0.01,0.01,6.582000732421875,0.55,0.4444444444444444,0.5669642857142857,0.8180873764600181,0.43333333333333335
9,0.01,0.01,4.081820487976074,0.5333333333333333,0.4271929824561404,0.5565476190476191,0.8000479713333487,0.4203508771929825
10,0.01,0.01,2.7413997650146484,0.5,0.3956043956043956,0.5357142857142857,0.7884474398330531,0.3948717948717949
11,0.01,0.01,2.7414002418518066,0.5,0.3956043956043956,0.5357142857142857,0.7955557283387473,0.3948717948717949
12,0.01,0.01,2.7503836154937744,0.5,0.3956043956043956,0.5357142857142857,0.823594420734751,0.3948717948717949
13,0.01,0.01,2.4019241333007812,0.5833333333333334,0.48293172690763053,0.5877976190476191,0.8682007414318735,0.46019076305220885
14,0.01,0.01,2.5135061740875244,0.5833333333333334,0.48293172690763053,0.5877976190476191,0.9048956917471068,0.46019076305220885
15,0.01,0.01,2.3965821266174316,0.5833333333333334,0.48293172690763053,0.5877976190476191,0.9119069096958249,0.46019076305220885
16,0.01,0.01,2.2675673961639404,0.5833333333333334,0.48293172690763053,0.5877976190476191,0.9145323742906291,0.46019076305220885
17,0.01,0.01,2.3322060108184814,0.6,0.5047619047619047,0.5982142857142857,0.9125673254505801,0.4742857142857143
18,0.01,0.01,2.218665838241577,0.5833333333333334,0.48293172690763053,0.5877976190476191,0.9145323742906291,0.46019076305220885
19,0.01,0.01,2.1962029933929443,0.7333333333333333,0.7112612612612613,0.7306547619047619,0.9211715684298231,0.7155180180180181
20,0.01,0.01,2.158212423324585,0.7833333333333333,0.773076923076923,0.7946428571428571,0.9224420648359327,0.7833974358974359
21,0.009999830837037664,0.009999830837037664,2.0985665321350098,0.7833333333333333,0.7766542980828696,0.8219246031746031,0.9163497774936454,0.780487012987013
22,0.009999323359712722,0.009999323359712722,2.0802853107452393,0.7666666666666667,0.7638888888888888,0.8060515873015873,0.912412900473042,0.7645833333333333
23,0.009998477602710573,0.009998477602710573,2.039179801940918,0.75,0.7246838025295798,0.7901785714285715,0.8963858795816343,0.7560057119543043
24,0.009997293623837585,0.009997293623837585,2.027754306793213,0.8,0.7897301349325337,0.8268849206349206,0.9313765756867172,0.7996189405297351
25,0.00999577150401714,0.00999577150401714,1.9741986989974976,0.6833333333333333,0.6051762605979473,0.5714285714285714,0.9309969326183949,0.6368005354752343
26,0.009993911347284109,0.009993911347284109,2.029454231262207,0.6666666666666666,0.7260913518978036,0.7544642857142857,0.8657392408866466,0.6529372300340042
27,0.009991713280777732,0.009991713280777732,2.067772150039673,0.5666666666666667,0.5491663163794311,0.6919642857142857,0.8523991786079049,0.5024365980103684
28,0.009989177454732934,0.009989177454732934,2.0470783710479736,0.65,0.6418370591569547,0.7385912698412698,0.9034125760246043,0.6279789307784829
29,0.00998630404247006,0.00998630404247006,1.8661479949951172,0.5333333333333333,0.2318840579710145,0.3333333333333333,0.9376856219426974,0.3710144927536232
30,0.009983093240383016,0.009983093240383016,2.2069947719573975,0.7666666666666667,0.744385026737968,0.7678571428571428,0.9059246516498876,0.7635650623885918
31,0.009979545267925863,0.009979545267925863,1.8403897285461426,0.7666666666666667,0.7420951054227795,0.7896825396825397,0.8897314469248432,0.7737669235122546
32,0.009975660367597807,0.009975660367597807,1.8134452104568481,0.7666666666666667,0.7365692153923039,0.7688492063492064,0.8836948341665322,0.7666448025987006
33,0.009971438804926623,0.009971438804926623,1.8706943988800049,0.7666666666666667,0.7445993315399037,0.7688492063492064,0.9020791457407024,0.7653542023314583
34,0.00996688086845051,0.00996688086845051,1.7684358358383179,0.7666666666666667,0.7475845410628019,0.8060515873015873,0.8991932464809823,0.7669082125603864
35,0.009961986869698373,0.009961986869698373,1.7419443130493164,0.7833333333333333,0.7485042735042735,0.7628968253968255,0.8940695049185615,0.7867628205128205
36,0.009956757143168527,0.009956757143168527,1.690871000289917,0.7833333333333333,0.7679663780081064,0.816468253968254,0.9136808771242734,0.7831792823918278
37,0.009951192046305833,0.009951192046305833,1.6312904357910156,0.8333333333333334,0.8074524829088724,0.8531746031746031,0.914115954799917,0.8348433626324092
38,0.009945291959477269,0.009945291959477269,1.5298240184783936,0.7833333333333333,0.76651104886399,0.8000992063492064,0.9062267222644582,0.7856333644568939
39,0.009939057285945933,0.009939057285945933,1.4283897876739502,0.7833333333333333,0.7676173499702911,0.8219246031746031,0.8894783915420708,0.7812923351158645
40,0.009932488451843476,0.009932488451843476,1.34108567237854,0.8333333333333334,0.8157171414292853,0.8531746031746031,0.8958521715007564,0.833227136431784
41,0.009925585906140986,0.009925585906140986,1.3654589653015137,0.8,0.7893939393939394,0.8214285714285715,0.9032636105159689,0.800530303030303
42,0.009918350120618293,0.009918350120618293,1.3299880027770996,0.8166666666666667,0.8015550393599172,0.8263888888888888,0.9119248479507913,0.8179555426506646
43,0.009910781589831726,0.009910781589831726,1.066903829574585,0.8333333333333334,0.8253063265816455,0.8422619047619048,0.915216907699219,0.8336684171042761
44,0.009902880831080306,0.009902880831080306,0.9641183614730835,0.75,0.7409544950055493,0.8010912698412698,0.8819126475376476,0.7447428782833889
45,0.009894648384370404,0.009894648384370404,1.1548733711242676,0.7,0.6826923076923076,0.7326388888888888,0.8528054590849403,0.6908653846153847
46,0.009886084812378817,0.009886084812378817,1.1268680095672607,0.75,0.7422126745435017,0.7584325396825397,0.873504585473925,0.7477443609022555
47,0.009877190700414313,0.009877190700414313,1.3515963554382324,0.7833333333333333,0.7670569867291178,0.7738095238095237,0.8716503758514372,0.7830054644808743
48,0.00986796665637763,0.00986796665637763,1.6813451051712036,0.8,0.7893939393939394,0.8214285714285715,0.8873477588100229,0.800530303030303
49,0.009858413310719925,0.009858413310719925,1.0400594472885132,0.8,0.780886822814232,0.8323412698412698,0.8919911870973193,0.7992729006496215
50,0.009848531316399685,0.009848531316399685,1.0230047702789307,0.85,0.8287821720025109,0.8635912698412698,0.9067748289446403,0.8505885122410546
51,0.009838321348838096,0.009838321348838096,1.0796124935150146,0.8666666666666667,0.861976911976912,0.8576388888888888,0.9129088722249099,0.8661868686868687
52,0.009827784105872876,0.009827784105872876,0.849909245967865,0.8166666666666667,0.7937597261126673,0.8263888888888888,0.8740231750255335,0.8200645813881108
53,0.009816920307710586,0.009816920307710586,0.796737790107727,0.85,0.8371794871794872,0.8472222222222222,0.9068456220578862,0.8503205128205129
54,0.0098057306968774,0.0098057306968774,0.7294734716415405,0.8166666666666667,0.7943593462038129,0.8373015873015873,0.8924153458351572,0.8185239735339437
55,0.009794216038168352,0.009794216038168352,0.7266170382499695,0.8,0.781030551755586,0.8214285714285715,0.9000305850246888,0.8020428636570908
56,0.009782377118595071,0.009782377118595071,0.7220890522003174,0.8666666666666667,0.8310245310245311,0.8258928571428571,0.9177799183695411,0.867020202020202
57,0.009770214747331984,0.009770214747331984,0.6634604334831238,0.8666666666666667,0.8163398692810458,0.7886904761904762,0.946599674783637,0.8633660130718954
58,0.009757729755661011,0.009757729755661011,0.6816972494125366,0.8666666666666667,0.8314481217707024,0.8368055555555555,0.9496244005383158,0.8660312805474095
59,0.009744922996914747,0.009744922996914747,0.6323146820068359,0.85,0.817250742623877,0.8100198412698413,0.940591739235607,0.8501530807500955
60,0.00973179534641814,0.00973179534641814,0.6335455775260925,0.8666666666666667,0.8310245310245311,0.8258928571428571,0.945694302858218,0.867020202020202
61,0.009718347701428667,0.009718347701428667,0.6290783882141113,0.8833333333333333,0.8444742249620298,0.841765873015873,0.9506210235868254,0.8836210131332083
62,0.009704580981074998,0.009704580981074998,0.6384201049804688,0.9166666666666666,0.8910052910052909,0.9052579365079364,0.9488658343316362,0.9176719576719577
63,0.009690496126294182,0.009690496126294182,0.601993203163147,0.9166666666666666,0.8910052910052909,0.9052579365079364,0.9491466070180693,0.9176719576719577
64,0.009676094099767331,0.009676094099767331,0.6098703742027283,0.9166666666666666,0.8815628815628817,0.8680555555555555,0.9420500773684736,0.9153846153846155
65,0.009661375885853831,0.009661375885853831,0.6215682625770569,0.8166666666666667,0.7660231962291458,0.7465277777777777,0.9377682939003694,0.8148408926440962
66,0.00964634249052405,0.00964634249052405,0.6436620354652405,0.8333333333333334,0.8031107179713991,0.7941468253968255,0.9363501518572274,0.8329721362229101
67,0.009630994941290591,0.009630994941290591,0.6593714356422424,0.8833333333333333,0.8444690537713794,0.8472222222222222,0.9510407427565447,0.8829888027562446
68,0.009615334287138054,0.009615334287138054,0.6164771914482117,0.8833333333333333,0.8444690537713794,0.8472222222222222,0.947020233871649,0.8829888027562446
69,0.00959936159845135,0.00959936159845135,0.5969880819320679,0.8333333333333334,0.7806394147857563,0.7678571428571428,0.9467881164520316,0.8316371974908561
70,0.009583077966942534,0.009583077966942534,0.5750488042831421,0.7833333333333333,0.7366879338710325,0.714781746031746,0.9376070895823254,0.779697845190803
71,0.009566484505576189,0.009566484505576189,0.6683088541030884,0.85,0.7936854190585533,0.7782738095238094,0.944219046371169,0.848486414083429
72,0.009549582348493355,0.009549582348493355,0.6011011600494385,0.9,0.877819454863716,0.8948412698412698,0.9536526486703373,0.9006351587896975
73,0.009532372650934018,0.009532372650934018,0.6139318943023682,0.8833333333333333,0.8551594865929597,0.8844246031746031,0.9367640515930611,0.8852125428898208
74,0.009514856589158148,0.009514856589158148,0.6417930722236633,0.9166666666666666,0.8910052910052909,0.9052579365079364,0.9472369927853418,0.9176719576719577
75,0.009497035360365296,0.009497035360365296,0.6019652485847473,0.9,0.8887445887445887,0.8839285714285715,0.9540391910674929,0.8998484848484849
76,0.00947891018261278,0.00947891018261278,0.6598457098007202,0.9,0.8776930894308944,0.8893849206349206,0.9532601668509688,0.9010569105691056
77,0.00946048229473242,0.00946048229473242,0.6141700148582458,0.8666666666666667,0.8518518518518517,0.8740079365079364,0.9571902645310665,0.8666666666666667
78,0.009441752956245879,0.009441752956245879,0.6858239769935608,0.8833333333333333,0.8647789369100845,0.8844246031746031,0.9560042399075419,0.8836462990561351
79,0.009422723447278559,0.009422723447278559,0.6120178699493408,0.8833333333333333,0.8641025641025641,0.8735119047619048,0.9451670141528633,0.8842307692307693
80,0.00940339506847212,0.00940339506847212,0.6411311030387878,0.8666666666666667,0.8416666666666667,0.8630952380952381,0.9368775605509096,0.8691666666666668
81,0.009383769140895582,0.009383769140895582,0.652150571346283,0.9166666666666666,0.8910052910052909,0.9052579365079364,0.9568814145759901,0.9176719576719577
82,0.009363847005955023,0.009363847005955023,0.5974334478378296,0.85,0.7938949938949939,0.7837301587301587,0.9540665484061711,0.847948717948718
83,0.009343630025301902,0.009343630025301902,0.6278448700904846,0.8666666666666667,0.8313492063492064,0.8313492063492064,0.9504939559479654,0.8666666666666667
84,0.00932311958073999,0.00932311958073999,0.5697187185287476,0.8666666666666667,0.8510162601626017,0.8630952380952381,0.9369613124035294,0.8673170731707317
85,0.009302317074130931,0.009302317074130931,0.571294367313385,0.8666666666666667,0.8510162601626017,0.8630952380952381,0.9315567981546756,0.8673170731707317
86,0.009281223927298419,0.009281223927298419,0.5534353256225586,0.8166666666666667,0.7830687830687829,0.7946428571428571,0.9193868620460601,0.8179894179894179
87,0.009259841581931017,0.009259841581931017,0.6023952960968018,0.85,0.8095238095238094,0.8209325396825397,0.9341114696362339,0.8515873015873014
88,0.00923817149948363,0.00923817149948363,0.5406290292739868,0.8833333333333333,0.8444742249620298,0.841765873015873,0.9469289827485583,0.8836210131332083
89,0.00921621516107761,0.00921621516107761,0.5637035369873047,0.8333333333333334,0.7800402212166918,0.7624007936507936,0.9486414561591449,0.8318250377073907
90,0.009193974067399517,0.009193974067399517,0.5632355213165283,0.85,0.7716732542819499,0.7410714285714285,0.9519546938473825,0.8424044795783926
91,0.009171449738598562,0.009171449738598562,0.5685228705406189,0.8666666666666667,0.7848789183078996,0.7569444444444443,0.953070765275954,0.8586148428329203
92,0.009148643714182699,0.009148643714182699,0.535100519657135,0.8833333333333333,0.8444742249620298,0.841765873015873,0.954663790306479,0.8836210131332083
93,0.009125557552913402,0.009125557552913402,0.5600906610488892,0.9,0.8576388888888888,0.8576388888888888,0.9462403697368321,0.9
94,0.009102192832699127,0.009102192832699127,0.5528792142868042,0.9,0.8576388888888888,0.8576388888888888,0.9471038657359413,0.9
95,0.009078551150487465,0.009078551150487465,0.574521541595459,0.9166666666666666,0.8815628815628817,0.8680555555555555,0.944745495158231,0.9153846153846155
96,0.00905463412215599,0.00905463412215599,0.5420453548431396,0.9,0.8427128427128427,0.8204365079365079,0.9406464539129633,0.8959595959595958
97,0.009030443382401818,0.009030443382401818,0.5384302139282227,0.9,0.8427128427128427,0.8204365079365079,0.9387795555248385,0.8959595959595958
98,0.009005980584629878,0.009005980584629878,0.5269895792007446,0.8833333333333333,0.8296727743396838,0.8045634920634921,0.9412370364610929,0.8797799619787244
99,0.008981247400839902,0.008981247400839902,0.5930408239364624,0.8666666666666667,0.8163398692810458,0.7886904761904762,0.927851918565362,0.8633660130718954
100,0.00895624552151215,0.00895624552151215,0.604954719543457,0.8833333333333333,0.8549177190968237,0.8363095238095237,0.9373059788743751,0.8823555300420973
101,0.008930976655491857,0.008930976655491857,0.5934045314788818,0.8666666666666667,0.8167388167388167,0.7941468253968255,0.9400431526021148,0.8631313131313131
102,0.008905442529872458,0.008905442529872458,0.5741187930107117,0.85,0.8042328042328042,0.7891865079365079,0.9456584863424485,0.846031746031746
103,0.008879644889877513,0.008879644889877513,0.5596933364868164,0.9,0.8427128427128427,0.8204365079365079,0.9492660553981308,0.8959595959595958
104,0.008853585498741453,0.008853585498741453,0.572838544845581,0.9,0.8576388888888888,0.8576388888888888,0.9403869791546678,0.9
105,0.008827266137589043,0.008827266137589043,0.5565431118011475,0.9,0.8576388888888888,0.8576388888888888,0.9440722406524292,0.9
106,0.008800688605313658,0.008800688605313658,0.561006486415863,0.9,0.8685711091234346,0.8576388888888888,0.9418750743927631,0.8986583184257603
107,0.008773854718454323,0.008773854718454323,0.5675467848777771,0.9,0.8685711091234346,0.8576388888888888,0.9406890497692384,0.8986583184257603
108,0.008746766311071562,0.008746766311071562,0.5778049826622009,0.85,0.7938949938949939,0.7837301587301587,0.9393281421583309,0.847948717948718
109,0.008719425234622036,0.008719425234622036,0.5910942554473877,0.8666666666666667,0.8310245310245311,0.8258928571428571,0.945167854071156,0.867020202020202
110,0.008691833357832001,0.008691833357832001,0.5778607130050659,0.8833333333333333,0.8444742249620298,0.841765873015873,0.9489725639489791,0.8836210131332083
111,0.008663992566569587,0.008663992566569587,0.5889613032341003,0.8833333333333333,0.8444742249620298,0.841765873015873,0.958103255715284,0.8836210131332083
112,0.00863590476371589,0.00863590476371589,0.5681343674659729,0.85,0.817250742623877,0.8100198412698413,0.9451396568141853,0.8501530807500955
113,0.008607571869034929,0.008607571869034929,0.5689467191696167,0.8333333333333334,0.8031107179713991,0.7941468253968255,0.9258721111610263,0.8329721362229101
114,0.008578995819042416,0.008578995819042416,0.5743917226791382,0.8833333333333333,0.8444690537713794,0.8472222222222222,0.9489785033711922,0.8829888027562446
115,0.00855017856687341,0.00855017856687341,0.5437214374542236,0.8666666666666667,0.8314481217707024,0.8368055555555555,0.945531298715261,0.8660312805474095
116,0.00852112208214882,0.00852112208214882,0.5876963138580322,0.8833333333333333,0.8444690537713794,0.8472222222222222,0.9408648926632418,0.8829888027562446
117,0.008491828350840775,0.008491828350840775,0.5481857061386108,0.9,0.8576388888888888,0.8576388888888888,0.9400850285284248,0.9
118,0.0084622993751369,0.0084622993751369,0.5300099849700928,0.8833333333333333,0.8444742249620298,0.841765873015873,0.9357257925948962,0.8836210131332083
119,0.008432537173303462,0.008432537173303462,0.5497617125511169,0.9,0.8576388888888888,0.8576388888888888,0.9238425685949271,0.9
120,0.00840254377954742,0.00840254377954742,0.5301980972290039,0.8666666666666667,0.8314481217707024,0.8368055555555555,0.9193853021978021,0.8660312805474095
121,0.008372321243877393,0.008372321243877393,0.5293871164321899,0.8666666666666667,0.8314481217707024,0.8368055555555555,0.8999533725359198,0.8660312805474095
122,0.00834187163196355,0.00834187163196355,0.5495074391365051,0.85,0.8185445398560153,0.8263888888888888,0.8851783098540175,0.8490892531876137
123,0.008311197024996417,0.008311197024996417,0.6143370270729065,0.8833333333333333,0.8444690537713794,0.8472222222222222,0.9036443334792391,0.8829888027562446
124,0.008280299519544634,0.008280299519544634,0.5565658807754517,0.9,0.8576388888888888,0.8576388888888888,0.9386050924966018,0.9
125,0.008249181227411657,0.008249181227411657,0.5700124502182007,0.8833333333333333,0.8444742249620298,0.841765873015873,0.9378964414341772,0.8836210131332083
126,0.008217844275491416,0.008217844275491416,0.5535330176353455,0.9,0.8683836488714537,0.8521825396825397,0.9466287119589006,0.8989823184945135
127,0.008186290805622951,0.008186290805622951,0.5674786567687988,0.8833333333333333,0.8444742249620298,0.841765873015873,0.9337410056749679,0.8836210131332083
128,0.008154522974444009,0.008154522974444009,0.5679172277450562,0.8833333333333333,0.8444742249620298,0.841765873015873,0.9344500766965389,0.8836210131332083
129,0.008122542953243656,0.008122542953243656,0.5799459218978882,0.9,0.8776930894308944,0.8893849206349206,0.9367734706767726,0.9010569105691056
130,0.008090352927813856,0.008090352927813856,0.5526017546653748,0.8833333333333333,0.8444742249620298,0.841765873015873,0.9349065722886478,0.8836210131332083
131,0.008057955098300092,0.008057955098300092,0.5529932975769043,0.9,0.8576388888888888,0.8576388888888888,0.9323655794764285,0.9
132,0.008025351679050973,0.008025351679050973,0.5281282663345337,0.9,0.8576388888888888,0.8576388888888888,0.9266307973560332,0.9
133,0.0079925448984669,0.0079925448984669,0.5326521992683411,0.8666666666666667,0.8314481217707024,0.8368055555555555,0.9291717901682525,0.8660312805474095
134,0.007959536998847744,0.007959536998847744,0.5174359083175659,0.85,0.8185445398560153,0.8263888888888888,0.9225035588537948,0.8490892531876137
135,0.007926330236239594,0.007926330236239594,0.5620737075805664,0.8666666666666667,0.8314481217707024,0.8368055555555555,0.9197662651377274,0.8660312805474095
136,0.00789292688028057,0.00789292688028057,0.5613822340965271,0.8833333333333333,0.8444742249620298,0.841765873015873,0.9202227607298362,0.8836210131332083
137,0.00785932921404568,0.00785932921404568,0.5458799600601196,0.8833333333333333,0.8444742249620298,0.841765873015873,0.9202577373273129,0.8836210131332083
138,0.007825539533890782,0.007825539533890782,0.5308148860931396,0.9,0.8576388888888888,0.8576388888888888,0.9184607921341411,0.9
139,0.007791560149295626,0.007791560149295626,0.5378872752189636,0.9166666666666666,0.8910052910052909,0.9052579365079364,0.9263364659885887,0.9176719576719577
140,0.007757393382706014,0.007757393382706014,0.5583819150924683,0.9,0.8576388888888888,0.8576388888888888,0.9148037278933505,0.9
141,0.00772304156937506,0.00772304156937506,0.5414409637451172,0.8833333333333333,0.8444742249620298,0.841765873015873,0.905229379285983,0.8836210131332083
142,0.00768850705720357,0.00768850705720357,0.5691198110580444,0.8833333333333333,0.8444742249620298,0.841765873015873,0.9195905422320516,0.8836210131332083
143,0.00765379220657958,0.00765379220657958,0.6052283048629761,0.8833333333333333,0.8444742249620298,0.841765873015873,0.9205444494359588,0.8836210131332083
144,0.007618899390217016,0.007618899390217016,0.541325569152832,0.9,0.8776930894308944,0.8893849206349206,0.924425891849241,0.9010569105691056
145,0.007583830992993526,0.007583830992993526,0.533402681350708,0.9,0.8776930894308944,0.8893849206349206,0.9269173894763517,0.9010569105691056
146,0.007548589411787477,0.007548589411787477,0.538701057434082,0.9,0.8776930894308944,0.8893849206349206,0.9290368632939389,0.9010569105691056
147,0.007513177055314133,0.007513177055314133,0.5418276786804199,0.9166666666666666,0.8910052910052909,0.9052579365079364,0.9375089391304013,0.9176719576719577
148,0.0074775963439610155,0.0074775963439610155,0.5829604864120483,0.9,0.8776930894308944,0.8893849206349206,0.9517720716128736,0.9010569105691056
149,0.007441849709622487,0.007441849709622487,0.5274261832237244,0.9,0.8776930894308944,0.8893849206349206,0.9469989359435115,0.9010569105691056
150,0.007405939595533515,0.007405939595533515,0.5915607810020447,0.9,0.8776930894308944,0.8893849206349206,0.9487891017961774,0.9010569105691056
151,0.007369868456102699,0.007369868456102699,0.6058993339538574,0.9,0.8776930894308944,0.8893849206349206,0.9539129633469257,0.9010569105691056
152,0.0073336387567445056,0.0073336387567445056,0.6067886352539062,0.9,0.877819454863716,0.8948412698412698,0.9546919875634498,0.9006351587896975
153,0.007297252973710758,0.007297252973710758,0.6033034324645996,0.9166666666666666,0.9026701119724375,0.9052579365079364,0.9520955601439093,0.9165866863541282
154,0.007260713593921394,0.007260713593921394,0.651250422000885,0.9,0.8685711091234346,0.8576388888888888,0.9505929463181823,0.8986583184257603
155,0.007224023114794484,0.007224023114794484,0.6194072961807251,0.8833333333333333,0.8444690537713794,0.8472222222222222,0.9524180887683246,0.8829888027562446
156,0.00718718404407554,0.00718718404407554,0.5809208154678345,0.8833333333333333,0.8645502645502646,0.878968253968254,0.9523199383164006,0.8840740740740741
157,0.0071501988996661115,0.0071501988996661115,0.5687426924705505,0.8833333333333333,0.8645502645502646,0.878968253968254,0.9450620843604335,0.8840740740740741
158,0.007113070209451689,0.007113070209451689,0.5565499067306519,0.9,0.877819454863716,0.8948412698412698,0.9367376541610032,0.9006351587896975
159,0.007075800511128927,0.007075800511128927,0.6210317611694336,0.8833333333333333,0.8645502645502646,0.878968253968254,0.9295225160496386,0.8840740740740741
160,0.0070383923520322,0.0070383923520322,0.5327778458595276,0.9,0.8776930894308944,0.8893849206349206,0.9266240180155275,0.9010569105691056
161,0.007000848288959491,0.007000848288959491,0.5585078001022339,0.8833333333333333,0.8645502645502646,0.878968253968254,0.9319168231314457,0.8840740740740741
162,0.006963170887997639,0.006963170887997639,0.5501134991645813,0.8666666666666667,0.8313492063492064,0.8313492063492064,0.9286515207800585,0.8666666666666667
163,0.006925362724346952,0.006925362724346952,0.522504985332489,0.8833333333333333,0.8647789369100845,0.8844246031746031,0.9219423734459111,0.8836462990561351
164,0.006887426382145193,0.006887426382145193,0.5583903193473816,0.8833333333333333,0.8444690537713794,0.8472222222222222,0.9157443163929013,0.8829888027562446
165,0.006849364454290958,0.006849364454290958,0.5377287864685059,0.8833333333333333,0.8444742249620298,0.841765873015873,0.9236462676910788,0.8836210131332083
166,0.006811179542266458,0.006811179542266458,0.5173423886299133,0.8833333333333333,0.8444742249620298,0.841765873015873,0.9249806578816012,0.8836210131332083
167,0.006772874255959703,0.006772874255959703,0.5501958131790161,0.8833333333333333,0.8444742249620298,0.841765873015873,0.924984887470147,0.8836210131332083
168,0.006734451213486133,0.006734451213486133,0.532707691192627,0.8833333333333333,0.8552393857271906,0.878968253968254,0.9336420153047511,0.8859643179765132
169,0.006695913041009662,0.006695913041009662,0.5296908020973206,0.8833333333333333,0.8552393857271906,0.878968253968254,0.945367544645257,0.8859643179765132
170,0.006657262372563185,0.006657262372563185,0.5423605442047119,0.8833333333333333,0.8552393857271906,0.878968253968254,0.9462908248285608,0.8859643179765132
171,0.006618501849868548,0.006618501849868548,0.5322650074958801,0.9,0.8776930894308944,0.8893849206349206,0.9391319612428104,0.9010569105691056
172,0.006579634122155991,0.006579634122155991,0.5584125518798828,0.9,0.8776930894308944,0.8893849206349206,0.9412480453901445,0.9010569105691056
173,0.006540661845983073,0.006540661845983073,0.5195246934890747,0.9166666666666666,0.8910052910052909,0.9052579365079364,0.9460527679867302,0.9176719576719577
174,0.0065015876850531016,0.0065015876850531016,0.5281234979629517,0.9166666666666666,0.8910052910052909,0.9052579365079364,0.9467827169772924,0.9176719576719577
175,0.006462414310033072,0.006462414310033072,0.5575770139694214,0.9,0.877819454863716,0.8948412698412698,0.9420236799364158,0.9006351587896975
176,0.0064231443983711325,0.0064231443983711325,0.5241148471832275,0.9,0.877819454863716,0.8948412698412698,0.9416729540550296,0.9006351587896975
177,0.006383780634113578,0.006383780634113578,0.532351016998291,0.9,0.8683836488714537,0.8521825396825397,0.9440595218897104,0.8989823184945135
178,0.006344325707721409,0.006344325707721409,0.5168622732162476,0.9,0.8683836488714537,0.8521825396825397,0.9513523524431543,0.8989823184945135
179,0.006304782315886434,0.006304782315886434,0.5466759204864502,0.8666666666666667,0.8420224761688176,0.8258928571428571,0.9506083048241066,0.8657475316011902
180,0.0062651531613469565,0.0062651531613469565,0.5435073971748352,0.8666666666666667,0.8420224761688176,0.8258928571428571,0.9564897726749142,0.8657475316011902
181,0.00622544095270305,0.00622544095270305,0.527664303779602,0.8833333333333333,0.8554334554334555,0.841765873015873,0.955282450123252,0.8823076923076923
182,0.006185648404231421,0.006185648404231421,0.5149969458580017,0.8666666666666667,0.8426505664877758,0.8313492063492064,0.9485315468511223,0.8657125819916518
183,0.0061457782356999025,0.0061457782356999025,0.5322333574295044,0.8833333333333333,0.8765842254214347,0.878968253968254,0.9417814834972854,0.8833763996554694
184,0.006105833172181549,0.006105833172181549,0.5270681381225586,0.8833333333333333,0.8765842254214347,0.878968253968254,0.9454598456662135,0.8833763996554694
185,0.006065815943868391,0.006065815943868391,0.5216873288154602,0.8833333333333333,0.8765842254214347,0.878968253968254,0.9457619162807842,0.8833763996554694
186,0.006025729285884828,0.006025729285884828,0.547654390335083,0.8833333333333333,0.8765842254214347,0.878968253968254,0.9454598456662135,0.8833763996554694
187,0.005985575938100685,0.005985575938100685,0.5340958833694458,0.8666666666666667,0.8639156542382348,0.8685515873015873,0.9481083180228227,0.8667888563049854
188,0.005945358644943944,0.005945358644943944,0.5136818885803223,0.8666666666666667,0.8639156542382348,0.8685515873015873,0.9502516395205075,0.8667888563049854
189,0.005905080155213171,0.005905080155213171,0.5481172800064087,0.8833333333333333,0.8697873186245278,0.841765873015873,0.9567286694350373,0.8824219837010536
190,0.005864743221889634,0.005864743221889634,0.5506958365440369,0.8666666666666667,0.8299271787643882,0.7941468253968255,0.9600273885356433,0.8628376791167489
191,0.005824350601949144,0.005824350601949144,0.5440829992294312,0.8666666666666667,0.8299271787643882,0.7941468253968255,0.9563566456255136,0.8628376791167489
192,0.0057839050561736185,0.0057839050561736185,0.5247951149940491,0.85,0.8449735449735449,0.8209325396825397,0.9574727170540851,0.8499206349206349
193,0.005743409348962387,0.005743409348962387,0.5142000913619995,0.8833333333333333,0.8926293473691906,0.8844246031746031,0.9620769091582773,0.8841712813202477
194,0.005702866248143243,0.005702866248143243,0.5160216689109802,0.8833333333333333,0.8926293473691906,0.8844246031746031,0.963158003989372,0.8841712813202477
195,0.005662278524783272,0.005662278524783272,0.5394973158836365,0.9166666666666666,0.9176009176009176,0.9052579365079364,0.9665761714700395,0.9168794168794169
196,0.005621648952999453,0.005621648952999453,0.5180331468582153,0.9166666666666666,0.9176009176009176,0.9052579365079364,0.9689277627072439,0.9168794168794169
197,0.005580980309769044,0.005580980309769044,0.528462827205658,0.9333333333333333,0.9302698270721527,0.9156746031746031,0.9646256412176223,0.9332737030411449
198,0.005540275374739791,0.005540275374739791,0.5214451551437378,0.9333333333333333,0.9302698270721527,0.9156746031746031,0.9645761460325141,0.9332737030411449
199,0.0054995369300399315,0.0054995369300399315,0.5232770442962646,0.9333333333333333,0.9302698270721527,0.9156746031746031,0.9653901468465148,0.9332737030411449
200,0.005458767760088046,0.005458767760088046,0.5120694041252136,0.9333333333333333,0.9302698270721527,0.9156746031746031,0.9657621706560388,0.9332737030411449
201,0.0054179706514027445,0.0054179706514027445,0.5166293382644653,0.9333333333333333,0.9302698270721527,0.9156746031746031,0.9626315552023099,0.9332737030411449
202,0.005377148392412213,0.005377148392412213,0.5123655200004578,0.9166666666666666,0.9176009176009176,0.9052579365079364,0.9568635963093511,0.9168794168794169
203,0.005336303773263628,0.005336303773263628,0.5191065669059753,0.9166666666666666,0.9176009176009176,0.9052579365079364,0.9564565959023508,0.9168794168794169
204,0.005295439585632452,0.005295439585632452,0.5136203765869141,0.9166666666666666,0.9176009176009176,0.9052579365079364,0.9567586665169213,0.9168794168794169
205,0.005254558622531626,0.005254558622531626,0.5126520991325378,0.9166666666666666,0.9176009176009176,0.9052579365079364,0.9654741986699534,0.9168794168794169
206,0.005213663678120677,0.005213663678120677,0.5318120718002319,0.9166666666666666,0.9176009176009176,0.9052579365079364,0.9653406516614064,0.9168794168794169
207,0.005172757547514729,0.005172757547514729,0.511746883392334,0.95,0.9431013431013432,0.9260912698412698,0.9645616274448822,0.9497435897435896
208,0.0051318430265934745,0.0051318430265934745,0.5318363904953003,0.95,0.9431013431013432,0.9260912698412698,0.9641896036353583,0.9497435897435896
209,0.005090922911810069,0.005090922911810069,0.5211454629898071,0.9333333333333333,0.9297667102545152,0.910218253968254,0.9653406516614064,0.9330926526048479
210,0.005050000000000001,0.005050000000000001,0.5086997747421265,0.9166666666666666,0.9023496828374876,0.8998015873015873,0.9567841040423589,0.9166979362101313
211,0.005009077088189933,0.005009077088189933,0.5104026198387146,0.9166666666666666,0.9023496828374876,0.8998015873015873,0.953028889349644,0.9166979362101313
212,0.004968156973406526,0.004968156973406526,0.5265659093856812,0.9,0.8893849206349206,0.8893849206349206,0.953028889349644,0.9
213,0.0049272424524852716,0.0049272424524852716,0.5111558437347412,0.9,0.8893849206349206,0.8893849206349206,0.9600973417305965,0.9
214,0.004886336321879326,0.004886336321879326,0.5341236591339111,0.9,0.8893849206349206,0.8893849206349206,0.953028889349644,0.9
215,0.004845441377468376,0.004845441377468376,0.5262461304664612,0.9,0.8893849206349206,0.8893849206349206,0.9520988298258346,0.9
216,0.004804560414367551,0.004804560414367551,0.511259913444519,0.9,0.8893849206349206,0.8893849206349206,0.9519128179210727,0.9
217,0.004763696226736375,0.004763696226736375,0.5115605592727661,0.9,0.8893849206349206,0.8893849206349206,0.9427044337126884,0.9
218,0.0047228516075877875,0.0047228516075877875,0.5088589787483215,0.8833333333333333,0.8765842254214347,0.878968253968254,0.9381574760407307,0.8833763996554694
219,0.004682029348597257,0.004682029348597257,0.5108003616333008,0.8833333333333333,0.8765842254214347,0.878968253968254,0.9374134284216832,0.8833763996554694
220,0.004641232239911956,0.004641232239911956,0.5117092132568359,0.8833333333333333,0.8765842254214347,0.878968253968254,0.9381574760407307,0.8833763996554694
221,0.00460046306996007,0.00460046306996007,0.5110479593276978,0.8833333333333333,0.8765842254214347,0.878968253968254,0.9470860474693023,0.8833763996554694
222,0.00455972462526021,0.00455972462526021,0.5088154077529907,0.9,0.8898198575617929,0.8948412698412698,0.9390159925242472,0.8999022482893451
223,0.0045190196902309574,0.0045190196902309574,0.5087814927101135,0.9,0.8898198575617929,0.8948412698412698,0.9402020171477719,0.8999022482893451
224,0.00447835104700055,0.00447835104700055,0.5270922780036926,0.9,0.8898198575617929,0.8948412698412698,0.9400160052430099,0.8999022482893451
225,0.004437721475216731,0.004437721475216731,0.5224950313568115,0.9,0.8898198575617929,0.8948412698412698,0.9394229929312478,0.8999022482893451
226,0.00439713375185676,0.00439713375185676,0.510691225528717,0.8833333333333333,0.8770925492236968,0.8844246031746031,0.9390159925242473,0.8832422586520946
227,0.004356590651037616,0.004356590651037616,0.5211529731750488,0.8833333333333333,0.8770925492236968,0.8844246031746031,0.939388016333771,0.8832422586520946
228,0.004316094943826382,0.004316094943826382,0.5214693546295166,0.8666666666666667,0.8644582470669427,0.8740079365079364,0.9416551357883906,0.8665700483091787
229,0.0042756493980508565,0.0042756493980508565,0.5089001655578613,0.8666666666666667,0.8644582470669427,0.8740079365079364,0.9346311990769537,0.8665700483091787
230,0.0042352567781103675,0.0042352567781103675,0.5191913843154907,0.8666666666666667,0.8644582470669427,0.8740079365079364,0.9362941773024319,0.8665700483091787
231,0.004194919844786831,0.004194919844786831,0.5100454092025757,0.8666666666666667,0.8644582470669427,0.8740079365079364,0.9475630010712558,0.8665700483091787
232,0.004154641355056057,0.004154641355056057,0.5345964431762695,0.8666666666666667,0.8644582470669427,0.8740079365079364,0.9479350248807795,0.8665700483091787
233,0.004114424061899316,0.004114424061899316,0.5283591747283936,0.8666666666666667,0.8644582470669427,0.8740079365079364,0.9490860729068276,0.8665700483091787
234,0.004074270714115174,0.004074270714115174,0.5220935940742493,0.8666666666666667,0.8644582470669427,0.8740079365079364,0.949051096309351,0.8665700483091787
235,0.004034184056131611,0.004034184056131611,0.5312720537185669,0.9,0.8898198575617929,0.8948412698412698,0.9500127427603843,0.8999022482893451
236,0.003994166827818454,0.003994166827818454,0.5104783773422241,0.9,0.8898198575617929,0.8948412698412698,0.9457660558780842,0.8999022482893451
237,0.003954221764300101,0.003954221764300101,0.511008620262146,0.8833333333333333,0.8557368557368558,0.8472222222222222,0.9442429840425124,0.881999481999482
238,0.003914351595768582,0.003914351595768582,0.5132916569709778,0.8666666666666667,0.8426505664877758,0.8313492063492064,0.9438709602329886,0.8657125819916518
239,0.0038745590472969507,0.0038745590472969507,0.5089602470397949,0.8666666666666667,0.8426505664877758,0.8313492063492064,0.9427199122069405,0.8657125819916518
240,0.0038348468386530444,0.0038348468386530444,0.5129381418228149,0.8666666666666667,0.8426505664877758,0.8313492063492064,0.940922967013769,0.8657125819916518
241,0.0037952176841135675,0.0037952176841135675,0.5214982032775879,0.8666666666666667,0.8426505664877758,0.8313492063492064,0.940922967013769,0.8657125819916518
242,0.0037556742922785925,0.0037556742922785925,0.5118147134780884,0.8666666666666667,0.8426505664877758,0.8313492063492064,0.9409579436112455,0.8657125819916518
243,0.003716219365886423,0.003716219365886423,0.509127140045166,0.8666666666666667,0.8426505664877758,0.8313492063492064,0.9410424153938305,0.8657125819916518
244,0.0036768556016288706,0.0036768556016288706,0.5090512037277222,0.8666666666666667,0.8426505664877758,0.8313492063492064,0.9350021729886117,0.8657125819916518
245,0.00363758568996693,0.00363758568996693,0.5220516920089722,0.85,0.8304183343385053,0.8263888888888888,0.9348229404243554,0.8487362245737157
246,0.0035984123149469,0.0035984123149469,0.5146369934082031,0.85,0.8304183343385053,0.8263888888888888,0.9327879383893535,0.8487362245737157
247,0.003559338154016929,0.003559338154016929,0.5079408884048462,0.85,0.8304183343385053,0.8263888888888888,0.9279039335053486,0.8487362245737157
248,0.003520365877844012,0.003520365877844012,0.5090173482894897,0.85,0.8304183343385053,0.8263888888888888,0.9265493852758003,0.8487362245737157
249,0.0034814981501314545,0.0034814981501314545,0.5104990005493164,0.85,0.8304183343385053,0.8263888888888888,0.9251948370462522,0.8487362245737157
250,0.0034427376274368173,0.0034427376274368173,0.5159079432487488,0.85,0.8304183343385053,0.8263888888888888,0.9283604290974573,0.8487362245737157
251,0.003404086958990339,0.003404086958990339,0.5198390483856201,0.8666666666666667,0.8644582470669427,0.8740079365079364,0.9301505949501232,0.8665700483091787
252,0.003365548786513867,0.003365548786513867,0.512270987033844,0.85,0.8390076148366495,0.8635912698412698,0.9311472179986331,0.8496585605502334
253,0.003327125744040297,0.003327125744040297,0.5141663551330566,0.85,0.8390076148366495,0.8635912698412698,0.929996169972585,0.8496585605502334
254,0.0032888204577335442,0.0032888204577335442,0.5252164006233215,0.85,0.8390076148366495,0.8635912698412698,0.9250899072538225,0.8496585605502334
255,0.0032506355457090426,0.0032506355457090426,0.5321545004844666,0.8666666666666667,0.8518518518518517,0.8740079365079364,0.9259534032529316,0.8666666666666667
256,0.0032125736178548075,0.0032125736178548075,0.5223286747932434,0.8666666666666667,0.8518518518518517,0.8740079365079364,0.9251530811082698,0.8666666666666667
257,0.0031746372756530482,0.0031746372756530482,0.5093090534210205,0.8666666666666667,0.8518518518518517,0.8740079365079364,0.9254551517228403,0.8666666666666667
258,0.0031368291120023616,0.0031368291120023616,0.5093762874603271,0.8833333333333333,0.8647789369100845,0.8844246031746031,0.9254551517228404,0.8836462990561351
259,0.0030991517110405113,0.0030991517110405113,0.5124654173851013,0.8833333333333333,0.8647789369100845,0.8844246031746031,0.9235600560777447,0.8836462990561351
260,0.0030616076479678023,0.0030616076479678023,0.5121284127235413,0.8833333333333333,0.8647789369100845,0.8844246031746031,0.9216999370301258,0.8836462990561351
261,0.0030241994888710747,0.0030241994888710747,0.5106798410415649,0.8833333333333333,0.8647789369100845,0.8844246031746031,0.9205838656015543,0.8836462990561351
262,0.0029869297905483136,0.0029869297905483136,0.5193662047386169,0.8833333333333333,0.8647789369100845,0.8844246031746031,0.9203662667695687,0.8836462990561351
263,0.00294980110033389,0.00294980110033389,0.5095245242118835,0.8666666666666667,0.8518518518518517,0.8740079365079364,0.9131084128136014,0.8666666666666667
264,0.0029128159559244607,0.0029128159559244607,0.5254289507865906,0.8666666666666667,0.8518518518518517,0.8740079365079364,0.9136698381981402,0.8666666666666667
265,0.0028759768852055175,0.0028759768852055175,0.5094037652015686,0.8666666666666667,0.8518518518518517,0.8740079365079364,0.9133677675835695,0.8666666666666667
266,0.002839286406078608,0.002839286406078608,0.522835910320282,0.8666666666666667,0.8518518518518517,0.8740079365079364,0.9144416031208484,0.8666666666666667
267,0.0028027470262892437,0.0028027470262892437,0.5226213932037354,0.8666666666666667,0.8518518518518517,0.8740079365079364,0.9099573393500281,0.8666666666666667
268,0.002766361243255496,0.002766361243255496,0.5255755186080933,0.8666666666666667,0.8518518518518517,0.8740079365079364,0.9085298682144202,0.8666666666666667
269,0.002730131543897301,0.002730131543897301,0.5097742080688477,0.8666666666666667,0.8518518518518517,0.8740079365079364,0.9134045440059592,0.8666666666666667
270,0.0026940604044664858,0.0026940604044664858,0.5106529593467712,0.8666666666666667,0.8518518518518517,0.8740079365079364,0.9208450201964352,0.8666666666666667
271,0.002658150290377515,0.002658150290377515,0.5125707983970642,0.8666666666666667,0.8518518518518517,0.8740079365079364,0.928692496793912,0.8666666666666667
272,0.0026224036560389846,0.0026224036560389846,0.5110583305358887,0.85,0.8390076148366495,0.8635912698412698,0.9290645206034357,0.8496585605502334
273,0.0025868229446858685,0.0025868229446858685,0.5082510709762573,0.85,0.8390076148366495,0.8635912698412698,0.9298260565212216,0.8496585605502334
274,0.0025514105882125234,0.0025514105882125234,0.5234339237213135,0.85,0.8390076148366495,0.8635912698412698,0.9307420174165458,0.8496585605502334
275,0.002516169007006475,0.002516169007006475,0.5112309455871582,0.85,0.8390076148366495,0.8635912698412698,0.9304331674614694,0.8496585605502334
276,0.0024811006097829845,0.0024811006097829845,0.5099142789840698,0.85,0.8390076148366495,0.8635912698412698,0.9348974531757551,0.8496585605502334
277,0.002446207793420422,0.002446207793420422,0.5192053318023682,0.85,0.8390076148366495,0.8635912698412698,0.9297240964398984,0.8496585605502334
278,0.002411492942796432,0.002411492942796432,0.5085701942443848,0.85,0.8390076148366495,0.8635912698412698,0.9277727262691885,0.8496585605502334
279,0.0023769584306249435,0.0023769584306249435,0.5078096389770508,0.85,0.8390076148366495,0.8635912698412698,0.926502229863079,0.8496585605502334
280,0.0023426066172939877,0.0023426066172939877,0.5214815139770508,0.85,0.8390076148366495,0.8635912698412698,0.9213288731272221,0.8496585605502334
281,0.002308439850704377,0.002308439850704377,0.5179485082626343,0.85,0.8390076148366495,0.8635912698412698,0.9168365101442931,0.8496585605502334
282,0.002274460466109219,0.002274460466109219,0.5085493326187134,0.85,0.8390076148366495,0.8635912698412698,0.9173629589313551,0.8496585605502334
283,0.0022406707859543205,0.0022406707859543205,0.5082929134368896,0.85,0.8390076148366495,0.8635912698412698,0.9173629589313551,0.8496585605502334
284,0.002207073119719429,0.002207073119719429,0.5357694029808044,0.85,0.8390076148366495,0.8635912698412698,0.9181070065504028,0.8496585605502334
285,0.0021736697637604056,0.0021736697637604056,0.5178818702697754,0.8666666666666667,0.8518518518518517,0.8740079365079364,0.920211961780358,0.8666666666666667
286,0.0021404630011522584,0.0021404630011522584,0.5122107267379761,0.8666666666666667,0.8518518518518517,0.8740079365079364,0.9246889662573626,0.8666666666666667
287,0.0021074551015331003,0.0021074551015331003,0.5105850100517273,0.8833333333333333,0.8647789369100845,0.8844246031746031,0.9242469892528855,0.8836462990561351
288,0.0020746483209490257,0.0020746483209490257,0.5096748471260071,0.8833333333333333,0.8647789369100845,0.8844246031746031,0.9227588940147903,0.8836462990561351
289,0.002042044901699908,0.002042044901699908,0.5146490335464478,0.8833333333333333,0.8647789369100845,0.8844246031746031,0.9190352662492992,0.8836462990561351
290,0.0020096470721861445,0.0020096470721861445,0.5115460157394409,0.8833333333333333,0.8647789369100845,0.8844246031746031,0.9227161781701877,0.8836462990561351
291,0.0019774570467563477,0.0019774570467563477,0.5099464058876038,0.8833333333333333,0.8647789369100845,0.8844246031746031,0.9269555457645081,0.8836462990561351
292,0.001945477025555992,0.001945477025555992,0.5098015069961548,0.8833333333333333,0.8647789369100845,0.8844246031746031,0.9336310963669455,0.8836462990561351
293,0.0019137091943770502,0.0019137091943770502,0.5137437582015991,0.8833333333333333,0.8647789369100845,0.8844246031746031,0.9364246646086268,0.8836462990561351
294,0.0018821557245085828,0.0018821557245085828,0.5103661417961121,0.8833333333333333,0.8647789369100845,0.8844246031746031,0.9400535315924466,0.8836462990561351
295,0.0018508187725883422,0.0018508187725883422,0.51352459192276,0.8833333333333333,0.8647789369100845,0.8844246031746031,0.941120527795056,0.8836462990561351
296,0.0018197004804553652,0.0018197004804553652,0.5095248222351074,0.8833333333333333,0.8647789369100845,0.8844246031746031,0.940390578804494,0.8836462990561351
297,0.0017888029750035847,0.0017888029750035847,0.5333629846572876,0.8833333333333333,0.8647789369100845,0.8844246031746031,0.9396115545879696,0.8836462990561351
298,0.0017581283680364525,0.0017581283680364525,0.5122995376586914,0.9,0.8898198575617929,0.8948412698412698,0.9478660315924466,0.8999022482893451
299,0.0017276787561226095,0.0017276787561226095,0.5154522061347961,0.8833333333333333,0.8557368557368558,0.8472222222222222,0.9448898411162562,0.881999481999482
300,0.0016974562204525828,0.0016974562204525828,0.5157724618911743,0.8833333333333333,0.8557368557368558,0.8472222222222222,0.941169603021018,0.881999481999482
301,0.0016674628266965387,0.0016674628266965387,0.511212944984436,0.8833333333333333,0.8557368557368558,0.8472222222222222,0.9422856744495895,0.881999481999482
302,0.0016377006248631,0.0016377006248631,0.5098913908004761,0.8833333333333333,0.8557368557368558,0.8472222222222222,0.9418786740425892,0.881999481999482
303,0.001608171649159226,0.001608171649159226,0.5092236995697021,0.8833333333333333,0.8557368557368558,0.8472222222222222,0.9442856998871149,0.881999481999482
304,0.0015788779178511816,0.0015788779178511816,0.5189666748046875,0.8833333333333333,0.8557368557368558,0.8472222222222222,0.9454017713156864,0.881999481999482
305,0.0015498214331265902,0.0015498214331265902,0.5085431337356567,0.8833333333333333,0.8557368557368558,0.8472222222222222,0.9453667947182098,0.881999481999482
306,0.001521004180957585,0.001521004180957585,0.5128999948501587,0.8833333333333333,0.8557368557368558,0.8472222222222222,0.9492764343884627,0.881999481999482
307,0.001492428130965072,0.001492428130965072,0.5189073085784912,0.8833333333333333,0.8557368557368558,0.8472222222222222,0.9526946018691301,0.881999481999482
308,0.0014640952362841098,0.0014640952362841098,0.5099553465843201,0.8833333333333333,0.8557368557368558,0.8472222222222222,0.9456611260856543,0.881999481999482
309,0.0014360074334304135,0.0014360074334304135,0.5091999769210815,0.8833333333333333,0.8557368557368558,0.8472222222222222,0.9458646262891546,0.881999481999482
310,0.0014081666421679989,0.0014081666421679989,0.5266178846359253,0.8833333333333333,0.8557368557368558,0.8472222222222222,0.9459981732977015,0.881999481999482
311,0.0013805747653779662,0.0013805747653779662,0.5186067819595337,0.8833333333333333,0.8557368557368558,0.8472222222222222,0.945521219695748,0.881999481999482
312,0.00135323368892844,0.00135323368892844,0.5099372863769531,0.8833333333333333,0.8557368557368558,0.8472222222222222,0.9443206764845916,0.881999481999482
313,0.001326145281545679,0.001326145281545679,0.5082406401634216,0.8833333333333333,0.8557368557368558,0.8472222222222222,0.94420122810453,0.881999481999482
314,0.0012993113946863431,0.0012993113946863431,0.5099349617958069,0.8833333333333333,0.8557368557368558,0.8472222222222222,0.9456261494881778,0.881999481999482
315,0.0012727338624109576,0.0012727338624109576,0.5079312920570374,0.8833333333333333,0.8557368557368558,0.8472222222222222,0.9468121741117024,0.881999481999482
316,0.0012464145012585474,0.0012464145012585474,0.5205012559890747,0.8833333333333333,0.8557368557368558,0.8472222222222222,0.945254125678654,0.881999481999482
317,0.0012203551101224882,0.0012203551101224882,0.514648973941803,0.8833333333333333,0.8557368557368558,0.8472222222222222,0.9401856987352271,0.881999481999482
318,0.001194557470127544,0.001194557470127544,0.5080114603042603,0.9,0.8685711091234346,0.8576388888888888,0.9431046547791831,0.8986583184257603
319,0.001169023344508143,0.001169023344508143,0.5087684988975525,0.9,0.8685711091234346,0.8576388888888888,0.941174582536611,0.8986583184257603
320,0.0011437544784878525,0.0011437544784878525,0.5079822540283203,0.9,0.8685711091234346,0.8576388888888888,0.9443129372374655,0.8986583184257603
321,0.0011187525991600985,0.0011187525991600985,0.5080537796020508,0.9,0.8685711091234346,0.8576388888888888,0.9454144900784051,0.8986583184257603
322,0.001094019415370123,0.001094019415370123,0.5136790871620178,0.9,0.8685711091234346,0.8576388888888888,0.9494844941484093,0.8986583184257603
323,0.0010695566175981828,0.0010695566175981828,0.5093426704406738,0.9,0.8685711091234346,0.8576388888888888,0.9486243878195529,0.8986583184257603
324,0.0010453658778440107,0.0010453658778440107,0.5079049468040466,0.9,0.8685711091234346,0.8576388888888888,0.9480663521052671,0.8986583184257603
325,0.0010214488495125353,0.0010214488495125353,0.5071435570716858,0.8833333333333333,0.8444690537713794,0.8472222222222222,0.9477293048932199,0.8829888027562446
326,0.0009978071673008729,0.0009978071673008729,0.5083709359169006,0.9,0.8576388888888888,0.8576388888888888,0.9471746588491872,0.9
327,0.0009744424470865977,0.0009744424470865977,0.507230281829834,0.9,0.8576388888888888,0.8576388888888888,0.9434544207539491,0.9
328,0.0009513562858173009,0.0009513562858173009,0.5102736949920654,0.9,0.8576388888888888,0.8576388888888888,0.9441984683729968,0.9
329,0.0009285502614014378,0.0009285502614014378,0.5128634572029114,0.9,0.8576388888888888,0.8576388888888888,0.9449425159920444,0.9
330,0.0009060259326004838,0.0009060259326004838,0.5076689720153809,0.9,0.8576388888888888,0.8576388888888888,0.9453145398015682,0.9
331,0.000883784838922391,0.000883784838922391,0.5072434544563293,0.9,0.8576388888888888,0.8576388888888888,0.9456865636110919,0.9
332,0.0008618285005163704,0.0008618285005163704,0.5128961801528931,0.9,0.8576388888888888,0.8576388888888888,0.9456865636110919,0.9
333,0.0008401584180689843,0.0008401584180689843,0.5081868767738342,0.9,0.8576388888888888,0.8576388888888888,0.9467710481124397,0.9
334,0.000818776072701583,0.000818776072701583,0.5080028772354126,0.9,0.8576388888888888,0.8576388888888888,0.9477011076362493,0.9
335,0.0007976829258690679,0.0007976829258690679,0.5073260068893433,0.9,0.8576388888888888,0.8576388888888888,0.9477011076362493,0.9
336,0.0007768804192600093,0.0007768804192600093,0.5081906318664551,0.9,0.8576388888888888,0.8576388888888888,0.9477011076362493,0.9
337,0.0007563699746980984,0.0007563699746980984,0.5077992081642151,0.9,0.8576388888888888,0.8576388888888888,0.9477011076362493,0.9
338,0.0007361529940449782,0.0007361529940449782,0.5067726373672485,0.9,0.8576388888888888,0.8576388888888888,0.9477011076362493,0.9
339,0.0007162308591044182,0.0007162308591044182,0.5087812542915344,0.9,0.8576388888888888,0.8576388888888888,0.948599580232835,0.9
340,0.0006966049315278798,0.0006966049315278798,0.5081599354743958,0.9,0.8576388888888888,0.8576388888888888,0.948599580232835,0.9
341,0.0006772765527214417,0.0006772765527214417,0.5098105072975159,0.9,0.8576388888888888,0.8576388888888888,0.948599580232835,0.9
342,0.0006582470437541217,0.0006582470437541217,0.5086904764175415,0.9,0.8576388888888888,0.8576388888888888,0.9489716040423589,0.9
343,0.0006395177052675795,0.0006395177052675795,0.508827805519104,0.9,0.8576388888888888,0.8576388888888888,0.948599580232835,0.9
344,0.0006210898173872209,0.0006210898173872209,0.5135342478752136,0.9,0.8576388888888888,0.8576388888888888,0.9478555326137874,0.9
345,0.0006029646396347048,0.0006029646396347048,0.5068790912628174,0.9,0.8576388888888888,0.8576388888888888,0.9478555326137874,0.9
346,0.000585143410841854,0.000585143410841854,0.5075291395187378,0.9,0.8576388888888888,0.8576388888888888,0.9478555326137874,0.9
347,0.0005676273490659822,0.0005676273490659822,0.507854163646698,0.9,0.8576388888888888,0.8576388888888888,0.9482275564233111,0.9
348,0.0005504176515066467,0.0005504176515066467,0.5074273347854614,0.9,0.8576388888888888,0.8576388888888888,0.9486345568303115,0.9
349,0.0005335154944238117,0.0005335154944238117,0.5123102068901062,0.9,0.8576388888888888,0.8576388888888888,0.9475500723289638,0.9
350,0.0005169220330574664,0.0005169220330574664,0.5066737532615662,0.8833333333333333,0.8444690537713794,0.8472222222222222,0.9469920366146781,0.8829888027562446
351,0.0005006384015486492,0.0005006384015486492,0.5091540813446045,0.8833333333333333,0.8444690537713794,0.8472222222222222,0.9469920366146781,0.8829888027562446
352,0.00048466571286194553,0.00048466571286194553,0.5119807720184326,0.8833333333333333,0.8444690537713794,0.8472222222222222,0.947364060424202,0.8829888027562446
353,0.00046900505870941026,0.00046900505870941026,0.5088890790939331,0.8833333333333333,0.8444690537713794,0.8472222222222222,0.9495962032813448,0.8829888027562446
354,0.00045365750947594944,0.00045365750947594944,0.5183479189872742,0.8833333333333333,0.8444690537713794,0.8472222222222222,0.9499682270908686,0.8829888027562446
355,0.00043862411414616955,0.00043862411414616955,0.5074561834335327,0.8833333333333333,0.8444690537713794,0.8472222222222222,0.9499682270908686,0.8829888027562446
356,0.0004239059002326682,0.0004239059002326682,0.5081700086593628,0.8833333333333333,0.8444690537713794,0.8472222222222222,0.9466422706399121,0.8829888027562446
357,0.00040950387370581904,0.00040950387370581904,0.5068774223327637,0.8833333333333333,0.8444690537713794,0.8472222222222222,0.9429792669769085,0.8829888027562446
358,0.00039541901892500223,0.00039541901892500223,0.507379412651062,0.8833333333333333,0.8444690537713794,0.8472222222222222,0.9422352193578609,0.8829888027562446
359,0.00038165229857133195,0.00038165229857133195,0.5166760087013245,0.8833333333333333,0.8444690537713794,0.8472222222222222,0.9392590288816703,0.8829888027562446
360,0.00036820465358185857,0.00036820465358185857,0.5075129866600037,0.8833333333333333,0.8444690537713794,0.8472222222222222,0.9392590288816703,0.8829888027562446
361,0.00035507700308525403,0.00035507700308525403,0.508369505405426,0.8833333333333333,0.8444690537713794,0.8472222222222222,0.9392590288816703,0.8829888027562446
362,0.00034227024433899005,0.00034227024433899005,0.5074765682220459,0.8833333333333333,0.8444690537713794,0.8472222222222222,0.9392590288816703,0.8829888027562446
363,0.00032978525266801593,0.00032978525266801593,0.5102689266204834,0.8833333333333333,0.8444690537713794,0.8472222222222222,0.9392590288816703,0.8829888027562446
364,0.0003176228814049297,0.0003176228814049297,0.5064976215362549,0.8833333333333333,0.8444690537713794,0.8472222222222222,0.9392590288816703,0.8829888027562446
365,0.0003057839618316491,0.0003057839618316491,0.5119103789329529,0.8833333333333333,0.8444690537713794,0.8472222222222222,0.9396310526911943,0.8829888027562446
366,0.00029426930312260227,0.00029426930312260227,0.5062239170074463,0.8833333333333333,0.8444690537713794,0.8472222222222222,0.940003076500718,0.8829888027562446
367,0.00028307969228941415,0.00028307969228941415,0.5070765018463135,0.8833333333333333,0.8444690537713794,0.8472222222222222,0.940003076500718,0.8829888027562446
368,0.00027221589412712463,0.00027221589412712463,0.523826003074646,0.8833333333333333,0.8444690537713794,0.8472222222222222,0.940003076500718,0.8829888027562446
369,0.0002616786511619041,0.0002616786511619041,0.5080814361572266,0.8833333333333333,0.8444690537713794,0.8472222222222222,0.940003076500718,0.8829888027562446
370,0.00025146868360031467,0.00025146868360031467,0.5142489671707153,0.8833333333333333,0.8444690537713794,0.8472222222222222,0.940003076500718,0.8829888027562446
371,0.00024158668928007498,0.00024158668928007498,0.519240140914917,0.8833333333333333,0.8444690537713794,0.8472222222222222,0.9403751003102419,0.8829888027562446
372,0.00023203334362237158,0.00023203334362237158,0.5073442459106445,0.8833333333333333,0.8444690537713794,0.8472222222222222,0.9418631955483371,0.8829888027562446
373,0.00022280929958568842,0.00022280929958568842,0.5158048868179321,0.8833333333333333,0.8444690537713794,0.8472222222222222,0.9475979776687323,0.8829888027562446
374,0.00021391518762118363,0.00021391518762118363,0.5075488686561584,0.8833333333333333,0.8444690537713794,0.8472222222222222,0.9479700014782563,0.8829888027562446
375,0.00020535161562959536,0.00020535161562959536,0.5086987018585205,0.8833333333333333,0.8444690537713794,0.8472222222222222,0.9479700014782563,0.8829888027562446
376,0.0001971191689196937,0.0001971191689196937,0.5079054832458496,0.8833333333333333,0.8444690537713794,0.8472222222222222,0.9479700014782563,0.8829888027562446
377,0.0001892184101682762,0.0001892184101682762,0.5082042217254639,0.8833333333333333,0.8444690537713794,0.8472222222222222,0.948868474074842,0.8829888027562446
378,0.0001816498793817073,0.0001816498793817073,0.5071099996566772,0.8833333333333333,0.8444690537713794,0.8472222222222222,0.9492754744818424,0.8829888027562446
379,0.00017441409385901422,0.00017441409385901422,0.5077223777770996,0.8833333333333333,0.8444690537713794,0.8472222222222222,0.9496474982913662,0.8829888027562446
380,0.00016751154815652453,0.00016751154815652453,0.5174773335456848,0.8833333333333333,0.8444690537713794,0.8472222222222222,0.9496474982913662,0.8829888027562446
381,0.0001609427140540686,0.0001609427140540686,0.5072307586669922,0.8833333333333333,0.8444690537713794,0.8472222222222222,0.9496474982913662,0.8829888027562446
382,0.00015470804052273096,0.00015470804052273096,0.5098989605903625,0.8833333333333333,0.8444690537713794,0.8472222222222222,0.949833510196128,0.8829888027562446
383,0.00014880795369416665,0.00014880795369416665,0.5083456039428711,0.8833333333333333,0.8444690537713794,0.8472222222222222,0.9500195221008901,0.8829888027562446
384,0.0001432428568314728,0.0001432428568314728,0.5065898299217224,0.8833333333333333,0.8444690537713794,0.8472222222222222,0.9513249951044763,0.8829888027562446
385,0.00013801313030162716,0.00013801313030162716,0.5065155029296875,0.8833333333333333,0.8444690537713794,0.8472222222222222,0.9513249951044763,0.8829888027562446
386,0.0001331191315494912,0.0001331191315494912,0.5074368715286255,0.8833333333333333,0.8444690537713794,0.8472222222222222,0.952223467701062,0.8829888027562446
387,0.00012856119507337867,0.00012856119507337867,0.5075429677963257,0.8833333333333333,0.8444690537713794,0.8472222222222222,0.952223467701062,0.8829888027562446
388,0.0001243396324021935,0.0001243396324021935,0.5103349089622498,0.8833333333333333,0.8444690537713794,0.8472222222222222,0.952223467701062,0.8829888027562446
389,0.00012045473207413647,0.00012045473207413647,0.5093214511871338,0.8833333333333333,0.8444690537713794,0.8472222222222222,0.952223467701062,0.8829888027562446
390,0.00011690675961698426,0.00011690675961698426,0.5249068140983582,0.8833333333333333,0.8444690537713794,0.8472222222222222,0.952223467701062,0.8829888027562446
391,0.00011369595752994128,0.00011369595752994128,0.5134005546569824,0.8833333333333333,0.8444690537713794,0.8472222222222222,0.9522234677010623,0.8829888027562446
392,0.00011082254526706605,0.00011082254526706605,0.5141812562942505,0.8833333333333333,0.8444690537713794,0.8472222222222222,0.952223467701062,0.8829888027562446
393,0.00010828671922226878,0.00010828671922226878,0.5074173212051392,0.8833333333333333,0.8444690537713794,0.8472222222222222,0.952223467701062,0.8829888027562446
394,0.00010608865271589101,0.00010608865271589101,0.5085122585296631,0.8833333333333333,0.8444690537713794,0.8472222222222222,0.9522234677010623,0.8829888027562446
395,0.00010422849598285996,0.00010422849598285996,0.5059778690338135,0.8833333333333333,0.8444690537713794,0.8472222222222222,0.952223467701062,0.8829888027562446
396,0.00010270637616241606,0.00010270637616241606,0.5075368881225586,0.8833333333333333,0.8444690537713794,0.8472222222222222,0.952223467701062,0.8829888027562446
397,0.00010152239728942829,0.00010152239728942829,0.5265958905220032,0.8833333333333333,0.8444690537713794,0.8472222222222222,0.9518514438915382,0.8829888027562446
398,0.00010067664028727843,0.00010067664028727843,0.5073884725570679,0.8833333333333333,0.8444690537713794,0.8472222222222222,0.9518514438915383,0.8829888027562446
399,0.00010016916296233584,0.00010016916296233584,0.5071297883987427,0.8833333333333333,0.8444690537713794,0.8472222222222222,0.9514794200820145,0.8829888027562446
400,0.0001,0.0001,0.5079550743103027,0.8833333333333333,0.8444690537713794,0.8472222222222222,0.9514794200820145,0.8829888027562446
