epoch,lr,loss_original,loss_nca,loss_refine,loss_total,acc,macro_f1,bacc,probability_macro_auc,weighted_f1,test_gate_active_ratio,train_neighbor_agreement_weighted,train_neighbor_agreement_unweighted
1,0.01,3.3061938285827637,0.8954623341560364,1.1979817152023315,4.683268070220947,0.35,0.1728395061728395,0.3333333333333333,0.81541535639413,0.18148148148148147,0.0,0.6669976115226746,0.6661245226860046
2,0.01,2.8987884521484375,0.8881863355636597,1.385702133178711,4.462127685546875,0.35,0.1728395061728395,0.3333333333333333,0.5929846544528148,0.18148148148148147,0.30000001192092896,0.7103580832481384,0.7098048329353333
3,0.01,6.127223014831543,0.9754863381385803,0.9725806713104248,7.294900894165039,0.7,0.4852564102564103,0.5193452380952381,0.8398834961334961,0.6618269230769231,0.8000000715255737,0.7165657877922058,0.7160780429840088
4,0.01,5.42275857925415,0.7593275308609009,0.9442589282989502,6.518882751464844,0.65,0.5843137254901961,0.6666666666666666,0.6317504833129833,0.518235294117647,0.36666667461395264,0.7180816531181335,0.7179368138313293
5,0.01,4.882905960083008,1.015546202659607,0.9668112397193909,6.052826404571533,0.6166666666666667,0.5288515406162465,0.6086309523809524,0.6646312446725183,0.48901960784313725,0.18333333730697632,0.6965545415878296,0.6963289976119995
6,0.01,6.060019493103027,1.0924129486083984,0.9680385589599609,7.246540546417236,0.6333333333333333,0.5571428571428572,0.65625,0.7339548608711345,0.5025396825396825,0.1666666716337204,0.6929425597190857,0.6928438544273376
7,0.01,3.424198627471924,1.1949520111083984,0.9756050109863281,4.6387939453125,0.6333333333333333,0.5571428571428572,0.65625,0.736908793512567,0.5025396825396825,0.15000000596046448,0.6831974983215332,0.6830855011940002
8,0.01,5.263650894165039,1.7071468830108643,0.923839271068573,6.528919219970703,0.6166666666666667,0.5288515406162465,0.6086309523809524,0.7366816556085424,0.48901960784313725,0.13333334028720856,0.6734393835067749,0.6733271479606628
9,0.01,3.1852006912231445,1.3224525451660156,0.9168419241905212,4.366533279418945,0.6166666666666667,0.5288515406162465,0.6086309523809524,0.8132658854946592,0.48901960784313725,0.5166667103767395,0.6640970706939697,0.6640334725379944
10,0.01,2.6449429988861084,1.2161153554916382,0.860985279083252,3.7491512298583984,0.65,0.6058879392212726,0.6140873015873015,0.8512949860237596,0.5924976258309591,0.7166666984558105,0.6717482805252075,0.6717007160186768
11,0.01,3.30281925201416,1.4691134691238403,0.8296817541122437,4.426323890686035,0.7666666666666667,0.7573111573111574,0.7361111111111112,0.8579341801629538,0.7623562023562024,0.7833333611488342,0.6712576746940613,0.6712360382080078
12,0.01,2.9923830032348633,1.3474881649017334,0.7793081998825073,4.041188716888428,0.7,0.710216612655637,0.6944444444444445,0.8477923467605072,0.6995735971345727,0.7666667103767395,0.6596456170082092,0.6596189737319946
13,0.01,2.5190987586975098,1.6716500520706177,0.7599771618843079,3.61340594291687,0.7333333333333333,0.7335344394167924,0.7152777777777778,0.8424373276967616,0.730920060331825,0.7000000476837158,0.6626554131507874,0.6626393795013428
14,0.01,3.5026495456695557,1.6769288778305054,0.7417651414871216,4.579800605773926,0.7166666666666667,0.7218331419823958,0.7048611111111112,0.8478418419456156,0.7152535399923461,0.7333333492279053,0.6559177041053772,0.6559014916419983
15,0.01,3.29758882522583,2.1493070125579834,0.732356607913971,4.4598069190979,0.65,0.6794328552803129,0.6741071428571429,0.8212560282135755,0.6519964146023469,0.6666666865348816,0.6535875797271729,0.6535780429840088
16,0.01,2.4084038734436035,1.7771114110946655,0.7011105418205261,3.4649367332458496,0.75,0.7628000671478933,0.7574404761904762,0.8297144253806991,0.7444183313748531,0.6500000357627869,0.6408135294914246,0.6407992243766785
17,0.01,2.71885347366333,1.681095004081726,0.7149076461791992,3.7699801921844482,0.7666666666666667,0.794620412267471,0.7733134920634921,0.8236998304804909,0.764555052790347,0.6666666865348816,0.6382550001144409,0.6382434964179993
18,0.01,2.696780204772949,1.717866063117981,0.7248751521110535,3.765228509902954,0.7333333333333333,0.741051976346094,0.736111111111111,0.8326461001873738,0.7206971677559914,0.6333333849906921,0.631981372833252,0.631970226764679
19,0.01,2.4699769020080566,1.9463653564453125,0.7174162864685059,3.5766663551330566,0.7333333333333333,0.7587301587301587,0.7733134920634921,0.8390200001343869,0.7203174603174602,0.6500000357627869,0.6278020739555359,0.6277881264686584
20,0.01,2.3712775707244873,1.727513313293457,0.7500526905059814,3.4668328762054443,0.7,0.7237947810703229,0.720734126984127,0.8366189137120741,0.6947884416924666,0.550000011920929,0.6219969987869263,0.6219795346260071
21,0.009999830837037664,2.3548943996429443,1.5691215991973877,0.7079343199729919,3.3766531944274902,0.75,0.7641265218622335,0.7311507936507936,0.848696758779306,0.7501769607248311,0.6333333849906921,0.6201276779174805,0.6201208233833313
22,0.009999323359712722,2.43410062789917,1.7785052061080933,0.6881979703903198,3.477999687194824,0.7666666666666667,0.7758169934640522,0.7415674603174603,0.8561004585473926,0.765751633986928,0.6000000238418579,0.6205919981002808,0.6205855011940002
23,0.009998477602710573,2.3152828216552734,1.643517255783081,0.7774702906608582,3.4214565753936768,0.85,0.8783008036739379,0.8735119047619048,0.9025297619047619,0.8475889781859931,0.6166666746139526,0.6182760000228882,0.6182620525360107
24,0.009997293623837585,2.247126579284668,1.2617535591125488,0.6841331720352173,3.183610439300537,0.8,0.8422619047619048,0.8422619047619048,0.8950415903540904,0.8,0.6666666865348816,0.6231361627578735,0.6231412291526794
25,0.00999577150401714,2.143925666809082,1.3852252960205078,0.6879733204841614,3.1089439392089844,0.7833333333333333,0.8200809505157332,0.8154761904761904,0.8811813186813188,0.7765439352395874,0.550000011920929,0.6240637898445129,0.6240706443786621
26,0.009993911347284109,2.2713875770568848,1.4153108596801758,0.678774356842041,3.2332241535186768,0.8333333333333334,0.8632610939112487,0.8576388888888888,0.9201675061050061,0.8294633642930856,0.6000000238418579,0.6286912560462952,0.6287174820899963
27,0.009991713280777732,2.2498486042022705,1.2750438451766968,0.6455162763595581,3.1503734588623047,0.75,0.8043558508674788,0.8055555555555555,0.9108541921041922,0.7509228497600591,0.550000011920929,0.6354509592056274,0.6354553699493408
28,0.009989177454732934,1.9769104719161987,1.3856879472732544,0.6331433653831482,2.8871915340423584,0.75,0.8043558508674788,0.8055555555555555,0.9209242724867724,0.7509228497600591,0.5333333611488342,0.6563704609870911,0.6563661694526672
29,0.00998630404247006,2.085610866546631,1.6463030576705933,0.680314302444458,3.0951857566833496,0.7166666666666667,0.784938536818236,0.8174603174603176,0.9228766025641025,0.7105800214822772,0.6000000238418579,0.6554572582244873,0.6554368138313293
30,0.009983093240383016,1.9837732315063477,1.4828921556472778,0.6102681159973145,2.8906197547912598,0.8,0.844574780058651,0.847718253968254,0.919016458078958,0.8013196480938416,0.5333333611488342,0.6798909306526184,0.6798326969146729
31,0.009979545267925863,2.0547473430633545,1.410474181175232,0.5747207403182983,2.911562919616699,0.7666666666666667,0.7731705193504855,0.7514880952380952,0.9252486518111519,0.7460058334421663,0.25,0.6939449310302734,0.69400554895401
32,0.009975660367597807,2.034243106842041,1.3009470701217651,0.620495617389679,2.9149281978607178,0.7166666666666667,0.7672026655077503,0.7584325396825397,0.9227843915343915,0.7206866579747936,0.2666666805744171,0.6986616253852844,0.6981877088546753
33,0.009971438804926623,1.8796260356903076,1.1864585876464844,0.5412324070930481,2.6581501960754395,0.7333333333333333,0.7810816634346046,0.7797619047619048,0.9205522486772487,0.7357035121741003,0.1666666716337204,0.7069984674453735,0.7063196897506714
34,0.00996688086845051,1.848031997680664,0.9665036201477051,0.5248777270317078,2.5662105083465576,0.7333333333333333,0.780364135043938,0.7743055555555555,0.9262375356125355,0.7367563471011747,0.01666666753590107,0.7141858339309692,0.7139869928359985
35,0.009961986869698373,1.841770887374878,1.342313289642334,0.5065576434135437,2.616791248321533,0.8166666666666667,0.836299272866437,0.8154761904761904,0.9066824379324379,0.8159634519709146,0.13333334028720856,0.7286155819892883,0.7286245226860046
36,0.009956757143168527,1.7835581302642822,1.4095975160598755,0.5267963409423828,2.5922739505767822,0.7333333333333333,0.780364135043938,0.7743055555555555,0.9243074633699634,0.7367563471011747,0.03333333507180214,0.7256312966346741,0.7260687947273254
37,0.009951192046305833,1.677770733833313,1.0070775747299194,0.4379511773586273,2.3171374797821045,0.7333333333333333,0.780364135043938,0.7743055555555555,0.9174488705738706,0.7367563471011747,0.03333333507180214,0.7222683429718018,0.7223513126373291
38,0.009945291959477269,1.6524064540863037,1.0215497016906738,0.42015764117240906,2.27687406539917,0.8166666666666667,0.8541588492808004,0.8526785714285715,0.935782967032967,0.8158411507191995,0.06666667014360428,0.7349231839179993,0.7348977327346802
39,0.009939057285945933,1.6116280555725098,1.2871508598327637,0.41342654824256897,2.282484769821167,0.8,0.8463768115942029,0.8531746031746031,0.9376780626780626,0.8020289855072463,0.03333333507180214,0.7500907182693481,0.7502323389053345
40,0.009932488451843476,1.5040316581726074,1.1244691610336304,0.35164013504981995,2.0805656909942627,0.7833333333333333,0.7340538106495553,0.704861111111111,0.9222978988603989,0.7762591466846785,0.01666666753590107,0.7603626847267151,0.7602230310440063
41,0.009925585906140986,1.502327561378479,1.3237355947494507,0.3977210223674774,2.1647956371307373,0.8333333333333334,0.8704789833822092,0.8740079365079364,0.9319005647130646,0.8344330400782013,0.0,0.7949697971343994,0.7953066825866699
42,0.009918350120618293,1.4206825494766235,1.1201897859573364,0.3176672160625458,1.9623878002166748,0.8,0.8305635251448059,0.8268849206349206,0.9331565425315426,0.8021093848680055,0.0,0.7964144349098206,0.7964683771133423
43,0.009910781589831726,1.4272050857543945,0.8217169642448425,0.262734591960907,1.854283094406128,0.8166666666666667,0.8143812709030099,0.7782738095238096,0.9363425925925926,0.8147621701969529,0.05000000447034836,0.7909374237060547,0.7908921837806702
44,0.009902880831080306,1.3935149908065796,1.0855504274368286,0.3270559012889862,1.937680959701538,0.8,0.8088122605363984,0.7951388888888888,0.9405107471145207,0.8002107279693487,0.0,0.8077638745307922,0.8076208233833313
45,0.009894648384370404,1.2511119842529297,0.6401385068893433,0.23685497045516968,1.6159946918487549,0.7666666666666667,0.7758169934640522,0.7415674603174603,0.9503932257469994,0.765751633986928,0.01666666753590107,0.8013908863067627,0.8011152148246765
46,0.009886084812378817,1.3765769004821777,0.7350528240203857,0.37852242588996887,1.9021098613739014,0.8166666666666667,0.8195767195767196,0.7946428571428571,0.9425952443346312,0.8174338624338624,0.03333333507180214,0.8179326057434082,0.8180761933326721
47,0.009877190700414313,1.1956061124801636,0.9097241759300232,0.18918797373771667,1.5667389631271362,0.8166666666666667,0.841785916625546,0.8318452380952381,0.9512362637362637,0.8187638211159238,0.06666667014360428,0.8386660218238831,0.8378252983093262
48,0.00986796665637763,1.1584839820861816,0.8140549659729004,0.19008372724056244,1.5113787651062012,0.8333333333333334,0.8685515873015873,0.8685515873015873,0.9603746947496948,0.8333333333333334,0.01666666753590107,0.8481647968292236,0.848280668258667
49,0.009858413310719925,1.0860267877578735,0.8705548644065857,0.1536051481962204,1.4137428998947144,0.8166666666666667,0.8385836385836386,0.8209325396825397,0.9479580026455027,0.8174358974358974,0.01666666753590107,0.8680257201194763,0.8673326969146729
50,0.009848531316399685,1.128829002380371,0.8450843095779419,0.15186598896980286,1.449711799621582,0.8166666666666667,0.836299272866437,0.8154761904761904,0.937007147944648,0.8159634519709146,0.0,0.8866555094718933,0.8866170644760132
51,0.009838321348838096,1.0363879203796387,0.7188059687614441,0.1691204160451889,1.3492695093154907,0.8166666666666667,0.8385836385836386,0.8209325396825397,0.9452353475053948,0.8174358974358974,0.0,0.8863096237182617,0.8861523866653442
52,0.009827784105872876,1.058098316192627,0.8444839715957642,0.1578630805015564,1.3848581314086914,0.8166666666666667,0.8385836385836386,0.8209325396825397,0.9538395904846376,0.8174358974358974,0.0,0.893826961517334,0.8935873508453369
53,0.009816920307710586,1.1277103424072266,0.666189432144165,0.12723179161548615,1.3881800174713135,0.8333333333333334,0.8380114509146767,0.8422619047619048,0.9366892988650064,0.8336754643206257,0.03333333507180214,0.888601541519165,0.8884758353233337
54,0.0098057306968774,1.0484840869903564,0.6878883838653564,0.14760401844978333,1.3336657285690308,0.85,0.851348772660248,0.8581349206349206,0.9553149669600142,0.850200364298725,0.0,0.8960410952568054,0.8959107995033264
55,0.009794216038168352,1.022057294845581,1.0314319133758545,0.14481030404567719,1.3731540441513062,0.8333333333333334,0.8287581699346406,0.7941468253968255,0.9723185728492333,0.8321241830065359,0.01666666753590107,0.9002895951271057,0.9000928997993469
56,0.009782377118595071,1.041168451309204,0.9358417987823486,0.18705563247203827,1.4153923988342285,0.8166666666666667,0.8165473445779234,0.7837301587301587,0.9698483731502598,0.8161640982081463,0.01666666753590107,0.9070837497711182,0.9070631861686707
57,0.009770214747331984,0.9699915647506714,0.6860885620117188,0.13353168964385986,1.2407410144805908,0.8,0.8044733044733046,0.7733134920634921,0.9607321999715869,0.8002525252525252,0.0,0.8961872458457947,0.8961431384086609
58,0.009757729755661011,1.0538740158081055,0.7539780139923096,0.13531939685344696,1.3399889469146729,0.8,0.8044733044733046,0.7733134920634921,0.9602902229671098,0.8002525252525252,0.03333333507180214,0.9155877232551575,0.9154275059700012
59,0.009744922996914747,0.9673523902893066,0.6461824774742126,0.15244832634925842,1.2490371465682983,0.8333333333333334,0.8304473304473304,0.7996031746031745,0.9721854457998326,0.8330808080808081,0.01666666753590107,0.9285851120948792,0.928438663482666
60,0.00973179534641814,0.8787566423416138,0.5956072807312012,0.10169409960508347,1.0995721817016602,0.8833333333333333,0.8678929765886289,0.8308531746031745,0.9786497569516438,0.881577480490524,0.03333333507180214,0.9263467192649841,0.926347553730011
61,0.009718347701428667,0.8923650979995728,0.6424338817596436,0.10699333995580673,1.1278451681137085,0.8666666666666667,0.8794963698189505,0.8685515873015873,0.9767546613065482,0.8677639922801212,0.0,0.9268093109130859,0.9268122315406799
62,0.009704580981074998,0.8489350080490112,0.5449221730232239,0.09571441262960434,1.0536338090896606,0.8833333333333333,0.8908424908424908,0.8735119047619048,0.9774987089255956,0.8835897435897436,0.01666666753590107,0.9366768598556519,0.9365706443786621
63,0.009690496126294182,0.8027285933494568,0.4354744255542755,0.09207651019096375,0.9818999767303467,0.85,0.8427577559357683,0.8100198412698413,0.9775336855230723,0.8491576669498038,0.03333333507180214,0.9401184916496277,0.9400557279586792
64,0.009676094099767331,0.782282292842865,0.23937664926052094,0.08103230595588684,0.9111899137496948,0.8333333333333334,0.8317550505050505,0.8050595238095237,0.9560880517543252,0.8335858585858585,0.01666666753590107,0.9347590804100037,0.9347118735313416
65,0.009661375885853831,0.763698399066925,0.48801690340042114,0.07614713907241821,0.9374489188194275,0.8333333333333334,0.8043222926943857,0.7678571428571428,0.955681051347325,0.8303969931876909,0.0,0.9442460536956787,0.9442378878593445
66,0.00964634249052405,0.7568702101707458,0.38602569699287415,0.08967554569244385,0.9237508773803711,0.8666666666666667,0.861976911976912,0.8576388888888888,0.968353498571659,0.8661868686868687,0.01666666753590107,0.9461597800254822,0.946096658706665
67,0.009630994941290591,0.8202996850013733,0.3239569067955017,0.09473862498998642,0.9798296689987183,0.85,0.8371794871794872,0.8472222222222222,0.9512900185069997,0.8503205128205129,0.01666666753590107,0.9567628502845764,0.9567843675613403
68,0.009615334287138054,0.7951669096946716,0.4150805175304413,0.09754298627376556,0.9757260084152222,0.85,0.8504983388704318,0.8526785714285715,0.9636239186651921,0.8501661129568105,0.0,0.9596758484840393,0.9595724940299988
69,0.00959936159845135,0.7603027820587158,0.3523324429988861,0.07518938928842545,0.9059587121009827,0.8166666666666667,0.8042698042698042,0.7946428571428571,0.9639259892797628,0.8163188663188663,0.03333333507180214,0.961334764957428,0.9611988663673401
70,0.009583077966942534,0.6847943663597107,0.2620367407798767,0.06009937450289726,0.7973010540008545,0.85,0.8427577559357683,0.8100198412698413,0.9660659211071948,0.8491576669498038,0.01666666753590107,0.964439868927002,0.9644516706466675
71,0.009566484505576189,0.7274624109268188,0.43762436509132385,0.08392061293125153,0.8989078998565674,0.8333333333333334,0.8317550505050505,0.8050595238095237,0.9564250989663726,0.8335858585858585,0.01666666753590107,0.9641056656837463,0.9639869928359985
72,0.009549582348493355,0.709917426109314,0.29989877343177795,0.09250779449939728,0.8624049425125122,0.8333333333333334,0.8317550505050505,0.8050595238095237,0.9698706309850178,0.8335858585858585,0.01666666753590107,0.9721229076385498,0.9721189737319946
73,0.009532372650934018,0.670094907283783,0.2635597288608551,0.06278906017541885,0.7855959534645081,0.8333333333333334,0.8539288668320927,0.8422619047619048,0.9651187932437932,0.8350041356492971,0.01666666753590107,0.9688301086425781,0.9688661694526672
74,0.009514856589158148,0.6511456966400146,0.3118206262588501,0.06103776395320892,0.7745475769042969,0.8333333333333334,0.8525081991651758,0.8368055555555555,0.9658978174603176,0.8344364937388192,0.0,0.9764281511306763,0.9765334725379944
75,0.009497035360365296,0.6825318336486816,0.294736385345459,0.09279252588748932,0.8342716097831726,0.8333333333333334,0.8317550505050505,0.8050595238095237,0.96655739329678,0.8335858585858585,0.0,0.9790811538696289,0.9790892004966736
76,0.00947891018261278,0.6810945272445679,0.1966935396194458,0.08192697912454605,0.8023602366447449,0.85,0.8427577559357683,0.8100198412698413,0.9750771644934381,0.8491576669498038,0.01666666753590107,0.9782452583312988,0.9781598448753357
77,0.00946048229473242,0.6775850653648376,0.2881990373134613,0.08599424362182617,0.8212190866470337,0.8333333333333334,0.8304473304473304,0.7996031746031745,0.966822687488961,0.8330808080808081,0.0,0.9742259383201599,0.9742100238800049
78,0.009441752956245879,0.6542959213256836,0.24845817685127258,0.07854080945253372,0.7825283408164978,0.85,0.8427577559357683,0.8100198412698413,0.9526508061295798,0.8491576669498038,0.01666666753590107,0.9730993509292603,0.9730483293533325
79,0.009422723447278559,0.6786274313926697,0.307821124792099,0.06663060188293457,0.8068222403526306,0.8833333333333333,0.8678929765886289,0.8308531746031745,0.9434424219211954,0.881577480490524,0.01666666753590107,0.9749728441238403,0.9749070405960083
80,0.00940339506847212,0.7234941720962524,0.33533626794815063,0.08872728049755096,0.8792887330055237,0.85,0.828300803673938,0.8100198412698413,0.9573472092634828,0.8489351320321468,0.0,0.978889524936676,0.9788568615913391
81,0.009383769140895582,0.6717706918716431,0.20178940892219543,0.06957735866308212,0.781705915927887,0.8666666666666667,0.8411261940673705,0.8204365079365079,0.9522088291251029,0.8654600301659126,0.0,0.9798552393913269,0.9795538783073425
82,0.009363847005955023,0.6881102919578552,0.22676020860671997,0.060815077275037766,0.7942774295806885,0.8333333333333334,0.8156613034661815,0.7996031746031745,0.9533010528735765,0.8325127447078666,0.0,0.9791828989982605,0.9790892004966736
83,0.009343630025301902,0.6364966630935669,0.2842819094657898,0.05994837358593941,0.7533014416694641,0.8166666666666667,0.8031746031746033,0.7891865079365079,0.9487652241189976,0.8161538461538462,0.0,0.9779371619224548,0.9779275059700012
84,0.00932311958073999,0.6418419480323792,0.1401909589767456,0.0664459690451622,0.7363260984420776,0.8333333333333334,0.8156613034661815,0.7996031746031745,0.9559513250550986,0.8325127447078666,0.0,0.9824270606040955,0.982342004776001
85,0.009302317074130931,0.6293821930885315,0.1469086855649948,0.06648262590169907,0.7252465486526489,0.8333333333333334,0.8167300238521169,0.8050595238095237,0.9480211764999501,0.8327668455575432,0.0,0.9867717027664185,0.9867565035820007
86,0.009281223927298419,0.6064000725746155,0.22662988305091858,0.0635383129119873,0.7152643799781799,0.8166666666666667,0.8042698042698042,0.7946428571428571,0.9378811429224165,0.8163188663188663,0.0,0.9840133190155029,0.9839683771133423
87,0.009259841581931017,0.6243008375167847,0.16701778769493103,0.06326964497566223,0.7209740877151489,0.85,0.8440270323991254,0.8154761904761904,0.9543165440865913,0.8497326575233551,0.0,0.9802615642547607,0.980250895023346
88,0.00923817149948363,0.6037387847900391,0.13322713971138,0.05263203755021095,0.6830162405967712,0.9,0.9211309523809524,0.9211309523809524,0.9644097222222223,0.9,0.01666666753590107,0.9849247336387634,0.9848977327346802
89,0.00921621516107761,0.6401135325431824,0.2378053367137909,0.06595773994922638,0.7536323070526123,0.85,0.8661338661338661,0.8526785714285715,0.9611187423687424,0.8511988011988012,0.0,0.9860460758209229,0.9858271479606628
90,0.009193974067399517,0.6246196031570435,0.1715424805879593,0.057294752448797226,0.7162228226661682,0.8833333333333333,0.8918673918673918,0.878968253968254,0.9629643428287297,0.8840391090391091,0.01666666753590107,0.9876884818077087,0.9876858592033386
91,0.009171449738598562,0.6275316476821899,0.16307178139686584,0.08244537562131882,0.742591381072998,0.85,0.8493165371214152,0.8472222222222222,0.9671392766911634,0.849731081926204,0.03333333507180214,0.980281412601471,0.980250895023346
92,0.009148643714182699,0.6872273683547974,0.25448599457740784,0.08318770676851273,0.8213122487068176,0.85,0.8504983388704318,0.8526785714285715,0.9568925134962871,0.8501661129568105,0.01666666753590107,0.9793766736984253,0.9793215394020081
93,0.009125557552913402,0.7262465953826904,0.2579875886440277,0.11207965016365051,0.8899238109588623,0.8333333333333334,0.8380114509146767,0.8422619047619048,0.9436141252178988,0.8336754643206257,0.0,0.983705997467041,0.9837360382080078
94,0.009102192832699127,0.7114377617835999,0.14401251077651978,0.10412148386240005,0.8443617820739746,0.8166666666666667,0.8244124523194291,0.8263888888888888,0.951207226561,0.8169558262581518,0.01666666753590107,0.9783852696418762,0.9783921837806702
95,0.009078551150487465,0.6489441394805908,0.21431569755077362,0.07423503696918488,0.7660422921180725,0.8666666666666667,0.853717627401838,0.8149801587301587,0.9619736592024326,0.8643400167084377,0.03333333507180214,0.9786807894706726,0.9786245226860046
96,0.00905463412215599,0.7180973291397095,0.14880016446113586,0.15900401771068573,0.9068613648414612,0.8166666666666667,0.8182667461737229,0.7891865079365079,0.9682058529346266,0.817043331345657,0.0,0.982266902923584,0.982342004776001
97,0.009030443382401818,0.6340397596359253,0.2006557136774063,0.09000370651483536,0.7641746401786804,0.8666666666666667,0.8579554308867072,0.8368055555555555,0.9634045200082936,0.8660861773414368,0.0,0.9872264266014099,0.9872211813926697
98,0.009005980584629878,0.6558363437652588,0.15678085386753082,0.11347552388906479,0.8006680011749268,0.8333333333333334,0.8174616303648562,0.810515873015873,0.9729149748312484,0.8326109732561346,0.01666666753590107,0.989962637424469,0.9900093078613281
99,0.008981247400839902,0.6187745928764343,0.19915060698986053,0.07971326261758804,0.7383180260658264,0.8833333333333333,0.8748200389991435,0.8680555555555555,0.9738834006227873,0.8827401454267125,0.0,0.9895795583724976,0.9895445704460144
100,0.00895624552151215,0.623771071434021,0.12708036601543427,0.09016212821006775,0.7393492460250854,0.8833333333333333,0.8748200389991435,0.8680555555555555,0.9605477779121646,0.8827401454267125,0.01666666753590107,0.9908782839775085,0.9902416467666626
101,0.008930976655491857,0.6478103995323181,0.0996207445859909,0.11569678783416748,0.783431351184845,0.8666666666666667,0.877044364849243,0.8576388888888888,0.9562474562474562,0.8666230788182008,0.0,0.991131603717804,0.9911710023880005
102,0.008905442529872458,0.6373004913330078,0.15007635951042175,0.09073515981435776,0.7580509185791016,0.8166666666666667,0.8182667461737229,0.7891865079365079,0.9539530994424862,0.817043331345657,0.0,0.9923191070556641,0.9925650358200073
103,0.008879644889877513,0.6396369934082031,0.166778102517128,0.07116247713565826,0.7441550493240356,0.8333333333333334,0.8304473304473304,0.7996031746031745,0.9617483211233212,0.8330808080808081,0.01666666753590107,0.9931343197822571,0.9934943914413452
104,0.008853585498741453,0.6025682687759399,0.10187111049890518,0.06354593485593796,0.6864884495735168,0.8833333333333333,0.8895331037122082,0.8680555555555555,0.9617910369679237,0.8828042479908151,0.0,0.9913157820701599,0.9911710023880005
105,0.008827266137589043,0.6164308786392212,0.22474341094493866,0.07386189699172974,0.7352414727210999,0.8833333333333333,0.8908424908424908,0.8735119047619048,0.9634762730281597,0.8835897435897436,0.01666666753590107,0.9908271431922913,0.9907063245773315
106,0.008800688605313658,0.6496322154998779,0.17789563536643982,0.08047696202993393,0.7656883001327515,0.8666666666666667,0.8784287418008349,0.8630952380952381,0.9612091535735403,0.8673822301729278,0.01666666753590107,0.993718147277832,0.9937267303466797
107,0.008773854718454323,0.6052597761154175,0.06693615764379501,0.07040009647607803,0.68904709815979,0.8833333333333333,0.8895331037122082,0.8680555555555555,0.9721854457998326,0.8828042479908151,0.0,0.9925310015678406,0.9925650358200073
108,0.008746766311071562,0.6185191869735718,0.19343695044517517,0.08724623173475266,0.7444528341293335,0.8833333333333333,0.8895331037122082,0.8680555555555555,0.9756036132805,0.8828042479908151,0.0,0.9974433183670044,0.997444212436676
109,0.008719425234622036,0.6111448407173157,0.12322790920734406,0.0738757997751236,0.7096661925315857,0.8666666666666667,0.877044364849243,0.8576388888888888,0.9751966128734996,0.8666230788182008,0.0,0.996330976486206,0.9962825179100037
110,0.008691833357832001,0.5733045935630798,0.04643268510699272,0.06418390572071075,0.6467750072479248,0.8666666666666667,0.877044364849243,0.8576388888888888,0.970115467167354,0.8666230788182008,0.0,0.9956558346748352,0.9955855011940002
111,0.008663992566569587,0.6097214818000793,0.16153529286384583,0.07105303555727005,0.7130815982818604,0.8833333333333333,0.8895331037122082,0.8680555555555555,0.971708492197879,0.8828042479908151,0.0,0.9970555305480957,0.9969795346260071
112,0.00863590476371589,0.5885410308837891,0.10986658185720444,0.06737082451581955,0.6778851747512817,0.8833333333333333,0.8895331037122082,0.8680555555555555,0.971708492197879,0.8828042479908151,0.0,0.9964208006858826,0.9960501790046692
113,0.008607571869034929,0.5999971628189087,0.12730245292186737,0.07406412810087204,0.6995217800140381,0.8666666666666667,0.877044364849243,0.8576388888888888,0.9689499005536741,0.8666230788182008,0.01666666753590107,0.9993413090705872,0.9993029832839966
114,0.008578995819042416,0.5513364672660828,0.03985990583896637,0.05260172113776207,0.6119101643562317,0.85,0.8647130647130647,0.8472222222222222,0.9648798964836699,0.8505128205128205,0.0,0.9984829425811768,0.9983735680580139
115,0.00855017856687341,0.574170708656311,0.12859773635864258,0.06350735574960709,0.6633976101875305,0.85,0.8647130647130647,0.8472222222222222,0.9558481950875818,0.8505128205128205,0.0,0.996091365814209,0.9960501790046692
116,0.00852112208214882,0.6163910627365112,0.11958496272563934,0.07570873200893402,0.7160168290138245,0.8666666666666667,0.877044364849243,0.8576388888888888,0.9593217971755706,0.8666230788182008,0.0,0.998694658279419,0.9986059665679932
117,0.008491828350840775,0.5692873001098633,0.1167440190911293,0.04763060063123703,0.6402667164802551,0.8833333333333333,0.8879109702908329,0.8625992063492064,0.9555093480506217,0.8816562029376674,0.0,0.995582103729248,0.9951208233833313
118,0.0084622993751369,0.59006667137146,0.11816248297691345,0.06645307689905167,0.6801522970199585,0.8666666666666667,0.877044364849243,0.8576388888888888,0.9538463698251434,0.8666230788182008,0.0,0.9986400604248047,0.9986059665679932
119,0.008432537173303462,0.5604422092437744,0.051477838307619095,0.0518861822783947,0.6226239800453186,0.8666666666666667,0.877044364849243,0.8576388888888888,0.9565077709240445,0.8666230788182008,0.01666666753590107,0.9994028210639954,0.9993029832839966
120,0.00840254377954742,0.6018683314323425,0.0647343173623085,0.06017584726214409,0.6749910116195679,0.8666666666666667,0.877044364849243,0.8576388888888888,0.9649498496786233,0.8666230788182008,0.01666666753590107,0.9997797012329102,0.9997676610946655
121,0.008372321243877393,0.588148295879364,0.0832836776971817,0.06957131624221802,0.674376368522644,0.9,0.9022121669180493,0.8784722222222222,0.9706701132113867,0.8990950226244344,0.01666666753590107,0.9953887462615967,0.9953531622886658
122,0.00834187163196355,0.5685605406761169,0.021665314212441444,0.055818431079387665,0.6287120580673218,0.9,0.9022121669180493,0.8784722222222222,0.9754491883029619,0.8990950226244344,0.01666666753590107,0.9975070953369141,0.997444212436676
123,0.008311197024996417,0.5893194675445557,0.09521966427564621,0.05571073293685913,0.6640741229057312,0.8666666666666667,0.8564213564213564,0.8258928571428571,0.9720387600694204,0.8659090909090909,0.0,0.9981412291526794,0.9981412291526794
124,0.008280299519544634,0.5498241782188416,0.07666722685098648,0.052095770835876465,0.6172534227371216,0.8666666666666667,0.8573232323232324,0.8313492063492064,0.965146990500764,0.8661616161616161,0.0,0.994382917881012,0.9944238066673279
125,0.008249181227411657,0.5810649991035461,0.11384526640176773,0.05507449433207512,0.6589085459709167,0.8333333333333334,0.8304473304473304,0.7996031746031745,0.969237452580613,0.8330808080808081,0.0,0.9924582839012146,0.9925650358200073
126,0.008217844275491416,0.5682096481323242,0.08186691254377365,0.05188053101301193,0.6364635825157166,0.9,0.8807852965747703,0.8412698412698413,0.9515697112984848,0.8979991645781119,0.0,0.9947205781936646,0.9946561455726624
127,0.008186290805622951,0.576836347579956,0.0848100334405899,0.07149428874254227,0.6652926206588745,0.8833333333333333,0.8678929765886289,0.8308531746031745,0.9718688565976302,0.881577480490524,0.0,0.9976125955581665,0.9976765513420105
128,0.008154522974444009,0.545587956905365,0.012127850204706192,0.048727355897426605,0.5967408418655396,0.8833333333333333,0.8689681672936133,0.8363095238095237,0.9783409069965674,0.8821512356914615,0.0,0.9957975149154663,0.9958178400993347
129,0.008122542953243656,0.5796418190002441,0.05899481102824211,0.05432548373937607,0.6457662582397461,0.85,0.8391278602546208,0.7991071428571429,0.9807829094385698,0.8467337055365224,0.01666666753590107,0.9926318526268005,0.9925650358200073
130,0.008090352927813856,0.5812951922416687,0.033533357083797455,0.05046960711479187,0.6384714841842651,0.9,0.8816993464052287,0.8467261904761904,0.9750004319579791,0.8984967320261438,0.01666666753590107,0.9983749389648438,0.9983735680580139
131,0.008057955098300092,0.5459305047988892,0.01923731528222561,0.04547366872429848,0.5952516794204712,0.8666666666666667,0.8564213564213564,0.8258928571428571,0.9607903943104414,0.8659090909090909,0.0,1.0,1.0
132,0.008025351679050973,0.561549723148346,0.08183994889259338,0.053244221955537796,0.6311619281768799,0.8333333333333334,0.8304473304473304,0.7996031746031745,0.9591051582502055,0.8330808080808081,0.0,0.9993501305580139,0.9993029832839966
133,0.0079925448984669,0.560724139213562,0.01244595181196928,0.043476320803165436,0.6066896915435791,0.8333333333333334,0.8304473304473304,0.7996031746031745,0.9546981069681543,0.8330808080808081,0.0,0.997528612613678,0.997444212436676
134,0.007959536998847744,0.5416465401649475,0.07531920075416565,0.042304135859012604,0.5990145206451416,0.8333333333333334,0.8304473304473304,0.7996031746031745,0.9623961381036853,0.8330808080808081,0.0,0.9967623949050903,0.9965148568153381
135,0.007926330236239594,0.575484573841095,0.08720768243074417,0.05255609005689621,0.6454821825027466,0.85,0.8427577559357683,0.8100198412698413,0.9688858867809339,0.8491576669498038,0.0,0.9971203207969666,0.9967471957206726
136,0.00789292688028057,0.5515178442001343,0.051817212253808975,0.05728583037853241,0.619167149066925,0.85,0.8440270323991254,0.8154761904761904,0.9621989972815445,0.8497326575233551,0.0,0.9984240531921387,0.9981412291526794
137,0.00785932921404568,0.530357837677002,0.004777242429554462,0.04484167695045471,0.5761549472808838,0.8333333333333334,0.8317550505050505,0.8050595238095237,0.9605709956535429,0.8335858585858585,0.0,0.9990748167037964,0.9988383054733276
138,0.007825539533890782,0.56663578748703,0.01557900756597519,0.05578448250889778,0.6255360245704651,0.85,0.8427577559357683,0.8100198412698413,0.9645138120963592,0.8491576669498038,0.01666666753590107,0.9968811869621277,0.9969795346260071
139,0.007791560149295626,0.5406734943389893,0.02176475152373314,0.045769285410642624,0.5907956957817078,0.8833333333333333,0.8678929765886289,0.8308531746031745,0.959642525975073,0.881577480490524,0.01666666753590107,0.9971734285354614,0.9972118735313416
140,0.007757393382706014,0.560391902923584,0.050287820398807526,0.06183917447924614,0.6322886347770691,0.85,0.8427577559357683,0.8100198412698413,0.9528634254459726,0.8491576669498038,0.0,0.9993617534637451,0.9993029832839966
141,0.00772304156937506,0.5382371544837952,0.010152343660593033,0.04676686227321625,0.5870345234870911,0.8166666666666667,0.8182667461737229,0.7891865079365079,0.9302685434760907,0.817043331345657,0.0,1.0,1.0
142,0.00768850705720357,0.5422275066375732,0.0014507223386317492,0.04617482051253319,0.5886924862861633,0.8166666666666667,0.8182667461737229,0.7891865079365079,0.9394955858694067,0.817043331345657,0.0,1.0,1.0
143,0.00765379220657958,0.5334506034851074,0.00740734301507473,0.04927444085478783,0.5842065215110779,0.8666666666666667,0.8552287581699346,0.8204365079365079,0.9597979108592316,0.8653104575163398,0.0,0.9995415210723877,0.999535322189331
144,0.007618899390217016,0.5538198351860046,0.019958216696977615,0.04920952767133713,0.6070210337638855,0.8833333333333333,0.8678929765886289,0.8308531746031745,0.9617279831018039,0.881577480490524,0.0,0.9998067021369934,0.9997676610946655
145,0.007583830992993526,0.5669717788696289,0.04606907442212105,0.05722467601299286,0.6334102749824524,0.85,0.8427577559357683,0.8100198412698413,0.9594608636471844,0.8491576669498038,0.01666666753590107,1.0,1.0
146,0.007548589411787477,0.5343059301376343,0.002797219669446349,0.04437146335840225,0.5792368650436401,0.85,0.8440270323991254,0.8154761904761904,0.9533499181199653,0.8497326575233551,0.0,0.9993762373924255,0.9993029832839966
147,0.007513177055314133,0.5499238967895508,0.00851791724562645,0.05822490528225899,0.6098523736000061,0.85,0.8440270323991254,0.8154761904761904,0.9647749666912402,0.8497326575233551,0.0,0.9993263483047485,0.9993029832839966
148,0.0074775963439610155,0.5580455660820007,0.014411624521017075,0.05132107064127922,0.612248957157135,0.8833333333333333,0.8689681672936133,0.8363095238095237,0.9649353310909916,0.8821512356914615,0.0,0.9990957975387573,0.9990706443786621
149,0.007441849709622487,0.5422224998474121,0.008189822547137737,0.0445326492190361,0.5883930921554565,0.8833333333333333,0.8689681672936133,0.8363095238095237,0.9505390715591187,0.8821512356914615,0.0,1.0,1.0
150,0.007405939595533515,0.5392083525657654,0.011219004169106483,0.05110897123813629,0.5925611257553101,0.8833333333333333,0.8689681672936133,0.8363095238095237,0.9438998774199246,0.8821512356914615,0.0,1.0,1.0
151,0.007369868456102699,0.5512312054634094,0.07847461849451065,0.05293896794319153,0.6198650598526001,0.8833333333333333,0.8689681672936133,0.8363095238095237,0.9488760933336405,0.8821512356914615,0.0,1.0,1.0
152,0.0073336387567445056,0.5232783555984497,0.012223840691149235,0.04459858313202858,0.5703216791152954,0.8833333333333333,0.8689681672936133,0.8363095238095237,0.9601417374117845,0.8821512356914615,0.0,0.9991143941879272,0.9990706443786621
153,0.007297252973710758,0.5425903797149658,0.08496778458356857,0.04494863748550415,0.6045325994491577,0.8833333333333333,0.8689681672936133,0.8363095238095237,0.9537823560524031,0.8821512356914615,0.0,0.9984140992164612,0.9983735680580139
154,0.007260713593921394,0.54271399974823,0.08108758926391602,0.04304467886686325,0.601976215839386,0.8666666666666667,0.8552287581699346,0.8204365079365079,0.9571373496786233,0.8653104575163398,0.0,1.0,1.0
155,0.007224023114794484,0.5458332300186157,0.044456154108047485,0.04987262561917305,0.6045970916748047,0.8666666666666667,0.8552287581699346,0.8204365079365079,0.9544632298170033,0.8653104575163398,0.0,0.9995536804199219,0.999535322189331
156,0.00718718404407554,0.5478502511978149,0.008301247842609882,0.04960041865706444,0.5991109013557434,0.8666666666666667,0.8552287581699346,0.8204365079365079,0.9524341672042144,0.8653104575163398,0.0,0.998833179473877,0.9988383054733276
157,0.0071501988996661115,0.5314592123031616,0.007734095677733421,0.04965796694159508,0.5826639533042908,0.8666666666666667,0.8552287581699346,0.8204365079365079,0.9542243330568803,0.8653104575163398,0.0,0.9979220628738403,0.997908890247345
158,0.007113070209451689,0.53870689868927,0.040491629391908646,0.051730114966630936,0.5985352993011475,0.85,0.8427577559357683,0.8100198412698413,0.9544659895485368,0.8491576669498038,0.0,0.996544599533081,0.9965148568153381
159,0.007075800511128927,0.5549570322036743,0.07684466242790222,0.06324751675128937,0.6335734724998474,0.85,0.8427577559357683,0.8100198412698413,0.9545709193409665,0.8491576669498038,0.0,0.996753454208374,0.9967471957206726
160,0.0070383923520322,0.5749485492706299,0.08236604928970337,0.07323446869850159,0.6646562814712524,0.8666666666666667,0.8552287581699346,0.8204365079365079,0.9565836635412107,0.8653104575163398,0.0,0.99798184633255,0.997908890247345
161,0.007000848288959491,0.5292912721633911,0.008150042034685612,0.05012821778655052,0.5810495018959045,0.8666666666666667,0.8552287581699346,0.8204365079365079,0.9584437825888298,0.8653104575163398,0.0,1.0,1.0
162,0.006963170887997639,0.5468862652778625,0.08067429810762405,0.05087300390005112,0.6138941049575806,0.8666666666666667,0.8552287581699346,0.8204365079365079,0.9655599303299774,0.8653104575163398,0.0,1.0,1.0
163,0.006925362724346952,0.5388991832733154,0.038082171231508255,0.05167442932724953,0.5981900691986084,0.8666666666666667,0.8552287581699346,0.8204365079365079,0.9649985049454388,0.8653104575163398,0.0,0.9990841150283813,0.9990706443786621
164,0.006887426382145193,0.5654066801071167,0.04595470055937767,0.043205223977565765,0.6178027987480164,0.8833333333333333,0.8689681672936133,0.8363095238095237,0.9658824589543928,0.8821512356914615,0.01666666753590107,0.997917652130127,0.997908890247345
165,0.006849364454290958,0.548007607460022,0.04258507490158081,0.054026685655117035,0.6105512976646423,0.8833333333333333,0.8689681672936133,0.8363095238095237,0.9601621954216292,0.8821512356914615,0.0,0.9983682632446289,0.9983735680580139
166,0.006811179542266458,0.5661368370056152,0.016626643016934395,0.06032980978488922,0.6297919750213623,0.8833333333333333,0.8689681672936133,0.8363095238095237,0.9578251227720567,0.8821512356914615,0.0,0.9997804760932922,0.9997676610946655
167,0.006772874255959703,0.5411861538887024,0.012577769346535206,0.045847587287425995,0.5895493030548096,0.8833333333333333,0.8689681672936133,0.8363095238095237,0.9508139048233387,0.8821512356914615,0.0,0.9995443820953369,0.999535322189331
168,0.006734451213486133,0.5494167804718018,0.04270794615149498,0.05376752093434334,0.6117258667945862,0.8666666666666667,0.8564213564213564,0.8258928571428571,0.9462446893166233,0.8659090909090909,0.01666666753590107,0.9993112683296204,0.9993029832839966
169,0.006695913041009662,0.5281034111976624,0.0016435704892501235,0.05160445347428322,0.5800365805625916,0.8666666666666667,0.8564213564213564,0.8258928571428571,0.9458726655070994,0.8659090909090909,0.0,0.9988868236541748,0.9988383054733276
170,0.006657262372563185,0.5379525423049927,0.012248614802956581,0.05586524307727814,0.5962675213813782,0.85,0.8440270323991254,0.8154761904761904,0.942104732051666,0.8497326575233551,0.0,0.9995506405830383,0.999535322189331
171,0.006618501849868548,0.5349643230438232,0.0075455838814377785,0.049516160041093826,0.5859895944595337,0.8333333333333334,0.8317550505050505,0.8050595238095237,0.9450032300857772,0.8335858585858585,0.0,1.0,1.0
172,0.006579634122155991,0.5273457765579224,0.004993998911231756,0.047590889036655426,0.5759354829788208,0.8666666666666667,0.8564213564213564,0.8258928571428571,0.9472003963454435,0.8659090909090909,0.0,1.0,1.0
173,0.006540661845983073,0.5237305164337158,0.003228042973205447,0.04429006949067116,0.5686662197113037,0.8666666666666667,0.8564213564213564,0.8258928571428571,0.9530605662681134,0.8659090909090909,0.0,0.999051570892334,0.9990706443786621
174,0.0065015876850531016,0.557752788066864,0.039299044758081436,0.05742045119404793,0.6230330467224121,0.8833333333333333,0.8689681672936133,0.8363095238095237,0.9571945841108577,0.8821512356914615,0.0,0.9993007183074951,0.9993029832839966
175,0.006462414310033072,0.5434522032737732,0.004657240118831396,0.0494297556579113,0.593813419342041,0.8666666666666667,0.8564213564213564,0.8258928571428571,0.9448351264389,0.8659090909090909,0.01666666753590107,1.0,1.0
176,0.0064231443983711325,0.5285576581954956,0.03618738427758217,0.04026583582162857,0.5760610103607178,0.85,0.8440270323991254,0.8154761904761904,0.9379698742906291,0.8497326575233551,0.0,1.0,1.0
177,0.006383780634113578,0.5290797352790833,0.07475525140762329,0.04345410689711571,0.5874848961830139,0.8,0.8074645472962443,0.7842261904761904,0.9369049778837515,0.8012427925822034,0.0,1.0,1.0
178,0.006344325707721409,0.5429224967956543,0.0027819029055535793,0.05252775177359581,0.5960066318511963,0.8833333333333333,0.8689681672936133,0.8363095238095237,0.9489401071063807,0.8821512356914615,0.01666666753590107,1.0,1.0
179,0.006304782315886434,0.5534534454345703,0.045510828495025635,0.07088840752840042,0.6334440112113953,0.8666666666666667,0.8552287581699346,0.8204365079365079,0.9611246817909552,0.8653104575163398,0.0,0.9995531439781189,0.999535322189331
180,0.0062651531613469565,0.5493494272232056,0.043172404170036316,0.05671444162726402,0.6146983504295349,0.8666666666666667,0.8552287581699346,0.8204365079365079,0.9667749921287657,0.8653104575163398,0.0,1.0,1.0
181,0.00622544095270305,0.5411919355392456,0.011089062318205833,0.055576473474502563,0.5989862680435181,0.8666666666666667,0.8552287581699346,0.8204365079365079,0.9633013900407769,0.8653104575163398,0.0,1.0,1.0
182,0.006185648404231421,0.5361356139183044,0.041706401854753494,0.04722903296351433,0.5917059183120728,0.85,0.8427577559357683,0.8100198412698413,0.9549846990884726,0.8491576669498038,0.01666666753590107,1.0,1.0
183,0.0061457782356999025,0.5419334769248962,0.012034286744892597,0.04710398614406586,0.5914443135261536,0.8666666666666667,0.8564213564213564,0.8258928571428571,0.9541357216769953,0.8659090909090909,0.03333333507180214,1.0,1.0
184,0.006105833172181549,0.5470623970031738,0.0054329861886799335,0.06416645646095276,0.6123154163360596,0.8833333333333333,0.8908424908424908,0.8735119047619048,0.957426701530475,0.8835897435897436,0.0,1.0,1.0
185,0.006065815943868391,0.5476133823394775,0.07859224826097488,0.06009479612112045,0.623426616191864,0.8666666666666667,0.877044364849243,0.8576388888888888,0.9598687039724775,0.8666230788182008,0.0,1.0,1.0
186,0.006025729285884828,0.577026903629303,0.07628216594457626,0.07681018114089966,0.6690934896469116,0.8666666666666667,0.877044364849243,0.8576388888888888,0.9571468887506623,0.8666230788182008,0.01666666753590107,1.0,1.0
187,0.005985575938100685,0.5858994126319885,0.008663247339427471,0.07345879077911377,0.6610908508300781,0.8333333333333334,0.8525081991651758,0.8368055555555555,0.9403454031991768,0.8344364937388192,0.01666666753590107,1.0,1.0
188,0.005945358644943944,0.5875478982925415,0.04230603203177452,0.07032564282417297,0.6663347482681274,0.8166666666666667,0.8195767195767196,0.7946428571428571,0.9140888974320577,0.8174338624338624,0.0,0.997187614440918,0.9969795346260071
189,0.005905080155213171,0.573502779006958,0.042020075023174286,0.0804395079612732,0.6623463034629822,0.7833333333333333,0.7678440721918983,0.7366071428571428,0.8840620584429546,0.782041951607169,0.01666666753590107,0.9981959462165833,0.9981412291526794
190,0.005864743221889634,0.6310316324234009,0.07763370871543884,0.1270931363105774,0.7736515402793884,0.7833333333333333,0.7795749035948608,0.7738095238095237,0.8805612190046151,0.7833287643693916,0.01666666753590107,0.9981319308280945,0.997908890247345
191,0.005824350601949144,0.6595522165298462,0.07944275438785553,0.13649655878543854,0.8119373321533203,0.8166666666666667,0.8256049960967994,0.8318452380952381,0.9215438922101659,0.8171584699453551,0.0,0.9985367059707642,0.9986059665679932
192,0.0057839050561736185,0.586317241191864,0.010852382518351078,0.09479217976331711,0.6832799315452576,0.8166666666666667,0.8116402116402117,0.8263888888888888,0.9380637651569255,0.8168783068783069,0.0,0.9911074638366699,0.990938663482666
193,0.005743409348962387,0.6418101787567139,0.06625247746706009,0.09841736406087875,0.7534779906272888,0.8333333333333334,0.8243394308943089,0.8368055555555555,0.9533199210380814,0.8335772357723578,0.0,0.9913883805274963,0.9911710023880005
194,0.005702866248143243,0.61574387550354,0.046535976231098175,0.10463547706604004,0.7296865582466125,0.7833333333333333,0.7865375062096374,0.8055555555555555,0.9435773487955093,0.7834600099354198,0.01666666753590107,0.9981395602226257,0.9981412291526794
195,0.005662278524783272,0.5865108966827393,0.04352142661809921,0.08360861986875534,0.6788238286972046,0.8,0.8121072475911184,0.8159722222222222,0.9381241792798396,0.8005620723362659,0.01666666753590107,1.0,1.0
196,0.005621648952999453,0.5586621761322021,0.07520536333322525,0.07246524840593338,0.6461684703826904,0.8333333333333334,0.8368055555555555,0.8368055555555555,0.9398571107002711,0.8333333333333334,0.0,1.0,1.0
197,0.005580980309769044,0.5666286945343018,0.04831750690937042,0.07446853071451187,0.6507607698440552,0.8166666666666667,0.7772519516239939,0.751984126984127,0.9284302623040831,0.813792824495409,0.0,0.9982126355171204,0.9981412291526794
198,0.005540275374739791,0.5410036444664001,0.0022358193527907133,0.06569083780050278,0.6071416139602661,0.8166666666666667,0.7772519516239939,0.751984126984127,0.9289499317506392,0.813792824495409,0.0,0.9982129335403442,0.9981412291526794
199,0.0054995369300399315,0.5815536975860596,0.037844277918338776,0.07989799976348877,0.6690205335617065,0.8166666666666667,0.7772519516239939,0.751984126984127,0.9264524947013154,0.813792824495409,0.0,0.9979187846183777,0.997908890247345
200,0.005458767760088046,0.5764017105102539,0.009571466594934464,0.08334895968437195,0.6616649627685547,0.85,0.8493165371214152,0.8472222222222222,0.9379152796016004,0.849731081926204,0.01666666753590107,0.9991764426231384,0.9990706443786621
201,0.0054179706514027445,0.5952213406562805,0.05199674144387245,0.07845752686262131,0.6840782165527344,0.85,0.8493165371214152,0.8472222222222222,0.9277752460240668,0.849731081926204,0.0,0.9967414140701294,0.9967471957206726
202,0.005377148392412213,0.5515564680099487,0.03781997039914131,0.05534838140010834,0.6144688725471497,0.8333333333333334,0.8368055555555555,0.8368055555555555,0.9226369858740142,0.8333333333333334,0.0,0.9965121150016785,0.9965148568153381
203,0.005336303773263628,0.559615433216095,0.04245736449956894,0.06606537103652954,0.634172260761261,0.8166666666666667,0.8031746031746033,0.7891865079365079,0.9284203032728976,0.8161538461538462,0.0,1.0,1.0
204,0.005295439585632452,0.5451952219009399,0.042438410222530365,0.05542082339525223,0.6091037392616272,0.8166666666666667,0.8031746031746033,0.7891865079365079,0.9343512663088136,0.8161538461538462,0.0,0.9952981472015381,0.9953531622886658
205,0.005254558622531626,0.5545409917831421,0.01049724780023098,0.0656396895647049,0.6222801208496094,0.8333333333333334,0.8156613034661815,0.7996031746031745,0.9487175287588023,0.8325127447078666,0.0,0.9979109764099121,0.997908890247345
206,0.005213663678120677,0.5342473387718201,0.037224214524030685,0.04857413098216057,0.5902663469314575,0.8333333333333334,0.8156613034661815,0.7996031746031745,0.9615889166301902,0.8325127447078666,0.0,0.9984005689620972,0.9983735680580139
207,0.005172757547514729,0.5475046038627625,0.04267086461186409,0.06137992441654205,0.6174187064170837,0.8666666666666667,0.861976911976912,0.8576388888888888,0.9663475337119206,0.8661868686868687,0.0,0.9995425939559937,0.999535322189331
208,0.0051318430265934745,0.5262293815612793,0.03640695661306381,0.04551780968904495,0.5790285468101501,0.9,0.9047397047397047,0.9156746031746031,0.9710361975986976,0.8988655788655788,0.0,0.9997994303703308,0.9997676610946655
209,0.005090922911810069,0.5478253364562988,0.047040581703186035,0.051576681435108185,0.6088101267814636,0.9,0.9047397047397047,0.9156746031746031,0.970559243996744,0.8988655788655788,0.01666666753590107,1.0,1.0
210,0.005050000000000001,0.5249664783477783,0.03897632285952568,0.0477413684129715,0.5805031061172485,0.8833333333333333,0.8918803418803418,0.9052579365079364,0.9666291463166464,0.8822863247863248,0.0,1.0,1.0
211,0.005009077088189933,0.5620843768119812,0.0760163962841034,0.058961451053619385,0.6362491250038147,0.8833333333333333,0.8918803418803418,0.9052579365079364,0.966664122914123,0.8822863247863248,0.0,1.0,1.0
212,0.004968156973406526,0.5276072025299072,0.03890671208500862,0.04655731841921806,0.5819458365440369,0.8833333333333333,0.8918803418803418,0.9052579365079364,0.9728390822140822,0.8822863247863248,0.0,0.9973679780960083,0.997444212436676
213,0.0049272424524852716,0.5654183626174927,0.039925217628479004,0.06324081867933273,0.6366442441940308,0.8833333333333333,0.8918803418803418,0.9052579365079364,0.9732810592185593,0.8822863247863248,0.0,0.9978687763214111,0.997908890247345
214,0.004886336321879326,0.540571391582489,0.011358040384948254,0.048307694494724274,0.59115070104599,0.9,0.9047397047397047,0.9156746031746031,0.972502035002035,0.8988655788655788,0.0,0.9981412291526794,0.9981412291526794
215,0.004845441377468376,0.534454345703125,0.07240448147058487,0.04708345979452133,0.5960186719894409,0.9,0.9047397047397047,0.9156746031746031,0.9743971306471306,0.8988655788655788,0.0,1.0,1.0
216,0.004804560414367551,0.5524481534957886,0.04075080156326294,0.05890478938817978,0.6195030808448792,0.9,0.9047397047397047,0.9156746031746031,0.9740251068376068,0.8988655788655788,0.01666666753590107,1.0,1.0
217,0.004763696226736375,0.5431928038597107,0.04568890482187271,0.05852891132235527,0.6108595132827759,0.8833333333333333,0.8918803418803418,0.9052579365079364,0.9688740079365079,0.8822863247863248,0.01666666753590107,1.0,1.0
218,0.0047228516075877875,0.5323747396469116,0.03729260712862015,0.049309346824884415,0.5891426205635071,0.8833333333333333,0.8918803418803418,0.9052579365079364,0.9657928876678876,0.8822863247863248,0.03333333507180214,0.9993297457695007,0.9993029832839966
219,0.004682029348597257,0.5176287889480591,0.0011356687173247337,0.04805246740579605,0.5659084320068359,0.85,0.8666666666666667,0.8844246031746031,0.9642348392348392,0.8493650793650793,0.03333333507180214,0.9946496486663818,0.9946561455726624
220,0.004641232239911956,0.5410707592964172,0.011621605604887009,0.04554281383752823,0.5889379382133484,0.85,0.8666666666666667,0.8844246031746031,0.9666068884818885,0.8493650793650793,0.03333333507180214,0.9970188140869141,0.9969795346260071
221,0.00460046306996007,0.5252422094345093,0.005394102074205875,0.052017729729413986,0.5783388018608093,0.85,0.8666666666666667,0.8844246031746031,0.9670138888888888,0.8493650793650793,0.03333333507180214,0.999317467212677,0.9993029832839966
222,0.00455972462526021,0.5299157500267029,0.006255180109292269,0.05005527660250664,0.5812220573425293,0.8666666666666667,0.8792005420054201,0.8948412698412698,0.9657579110704111,0.8657994579945799,0.03333333507180214,0.9995473027229309,0.999535322189331
223,0.0045190196902309574,0.5288881063461304,0.039237573742866516,0.051081541925668716,0.5878171324729919,0.85,0.8666666666666667,0.8844246031746031,0.9429086538461539,0.8493650793650793,0.01666666753590107,0.9993602633476257,0.9993029832839966
224,0.00447835104700055,0.5264912843704224,0.00449427729472518,0.05187307670712471,0.5792632102966309,0.8333333333333334,0.8368055555555555,0.8368055555555555,0.9308426876233481,0.8333333333333334,0.01666666753590107,0.9974682927131653,0.997444212436676
225,0.004437721475216731,0.5642985701560974,0.08219154924154282,0.06902407854795456,0.6497609615325928,0.85,0.8647130647130647,0.8472222222222222,0.94284919962986,0.8505128205128205,0.0,0.9997797012329102,0.9997676610946655
226,0.00439713375185676,0.5453464388847351,0.07581719756126404,0.057591475546360016,0.6181013584136963,0.8666666666666667,0.877044364849243,0.8576388888888888,0.9536792260848864,0.8666230788182008,0.0,0.9997949004173279,0.9997676610946655
227,0.004356590651037616,0.5161997079849243,0.0014190456131473184,0.046448834240436554,0.5629323720932007,0.8833333333333333,0.8879109702908329,0.8625992063492064,0.9528652252708856,0.8816562029376674,0.0,0.9947665929794312,0.9946561455726624
228,0.004316094943826382,0.5599222183227539,0.07759896665811539,0.06411650776863098,0.6395585536956787,0.8833333333333333,0.8879109702908329,0.8625992063492064,0.9580658193570928,0.8816562029376674,0.0,0.9935681819915771,0.9934943914413452
229,0.0042756493980508565,0.5896788835525513,0.07948745787143707,0.08052848279476166,0.6861048936843872,0.9,0.9022121669180493,0.8784722222222222,0.9624029174441909,0.8990950226244344,0.0,0.9968228936195374,0.9967471957206726
230,0.0042352567781103675,0.546887993812561,0.07190515100955963,0.05894497036933899,0.6202139854431152,0.8833333333333333,0.8908424908424908,0.8735119047619048,0.9570197011234747,0.8835897435897436,0.0,0.9979231953620911,0.997908890247345
231,0.004194919844786831,0.5382723808288574,0.04003715142607689,0.048559244722127914,0.5948390364646912,0.8833333333333333,0.8908424908424908,0.8735119047619048,0.953005131660792,0.8835897435897436,0.0,0.9998029470443726,0.9997676610946655
232,0.004154641355056057,0.5593613386154175,0.045846644788980484,0.06375019252300262,0.6322808861732483,0.8666666666666667,0.877044364849243,0.8576388888888888,0.9542261328817933,0.8666230788182008,0.0,1.0,1.0
233,0.004114424061899316,0.5216785669326782,0.0009970791870728135,0.0477425679564476,0.5696205496788025,0.8666666666666667,0.877044364849243,0.8576388888888888,0.9514470832277436,0.8666230788182008,0.0,1.0,1.0
234,0.004074270714115174,0.5286033153533936,0.03682643547654152,0.04478970915079117,0.5807583332061768,0.8833333333333333,0.8895331037122082,0.8680555555555555,0.9518191070372675,0.8828042479908151,0.0,1.0,1.0
235,0.004034184056131611,0.526249885559082,0.005024973303079605,0.04313557595014572,0.5703904628753662,0.8833333333333333,0.8895331037122082,0.8680555555555555,0.9470050553482157,0.8828042479908151,0.0,1.0,1.0
236,0.003994166827818454,0.5404737591743469,0.03924788534641266,0.050281673669815063,0.5986050367355347,0.8666666666666667,0.8753142282554047,0.8521825396825397,0.9482260565692169,0.8654600301659126,0.0,1.0,1.0
237,0.003954221764300101,0.5237134695053101,0.005019459407776594,0.04520351439714432,0.5699208974838257,0.8666666666666667,0.8753142282554047,0.8521825396825397,0.9497491284047888,0.8654600301659126,0.0,1.0,1.0
238,0.003914351595768582,0.529418408870697,0.039671219885349274,0.04643727093935013,0.5837899446487427,0.85,0.8411371237458193,0.8045634920634921,0.9461415593491065,0.8481698253437384,0.0,1.0,1.0
239,0.0038745590472969507,0.5129174590110779,0.0012228548293933272,0.03797367960214615,0.5511357188224792,0.8666666666666667,0.8552287581699346,0.8204365079365079,0.9399171048640388,0.8653104575163398,0.0,1.0,1.0
240,0.0038348468386530444,0.5186867713928223,0.03819121792912483,0.03864758089184761,0.5649725794792175,0.8666666666666667,0.8552287581699346,0.8204365079365079,0.9378821028290368,0.8653104575163398,0.0,1.0,1.0
241,0.0037952176841135675,0.525126039981842,0.0061665731482207775,0.03988780453801155,0.5662471652030945,0.85,0.8427577559357683,0.8100198412698413,0.9267659042128381,0.8491576669498038,0.0,1.0,1.0
242,0.0037556742922785925,0.5161939263343811,0.0009244508692063391,0.03887832909822464,0.5552571415901184,0.8333333333333334,0.8304473304473304,0.7996031746031745,0.9236148307492648,0.8330808080808081,0.0,1.0,1.0
243,0.003716219365886423,0.5163290500640869,0.001930686179548502,0.03822974115610123,0.5549449324607849,0.8333333333333334,0.8304473304473304,0.7996031746031745,0.920940710887645,0.8330808080808081,0.0,1.0,1.0
244,0.0036768556016288706,0.5140249133110046,0.0011574525851756334,0.0399206280708313,0.5541770458221436,0.85,0.8427577559357683,0.8100198412698413,0.9204637572856912,0.8491576669498038,0.0,1.0,1.0
245,0.00363758568996693,0.5118390917778015,0.0,0.04123608395457268,0.5530751943588257,0.85,0.8427577559357683,0.8100198412698413,0.9235798541517881,0.8491576669498038,0.01666666753590107,1.0,1.0
246,0.0035984123149469,0.5120505094528198,0.0006599390180781484,0.039037980139255524,0.5512204766273499,0.8333333333333334,0.8031607321420808,0.7624007936507936,0.9251379025848365,0.8299943480718229,0.0,1.0,1.0
247,0.003559338154016929,0.5324527621269226,0.03709645941853523,0.04885244369506836,0.5887244939804077,0.8333333333333334,0.8031607321420808,0.7624007936507936,0.9267309276153616,0.8299943480718229,0.0,1.0,1.0
248,0.003520365877844012,0.5164523720741272,0.004163773730397224,0.042770471423864365,0.5600555539131165,0.85,0.8427577559357683,0.8100198412698413,0.935649959971894,0.8491576669498038,0.0,1.0,1.0
249,0.0034814981501314545,0.5159901976585388,0.0014785670209676027,0.04421554505825043,0.5605014562606812,0.8333333333333334,0.8156613034661815,0.7996031746031745,0.9368709611928953,0.8325127447078666,0.01666666753590107,1.0,1.0
250,0.0034427376274368173,0.5134080052375793,0.0022404424380511045,0.04494279995560646,0.5587989091873169,0.8333333333333334,0.8156613034661815,0.7996031746031745,0.9396849874444214,0.8325127447078666,0.0,1.0,1.0
251,0.003404086958990339,0.5184860825538635,0.0030576891731470823,0.04266663268208504,0.5617642402648926,0.8333333333333334,0.8156613034661815,0.7996031746031745,0.9332983687346895,0.8325127447078666,0.0,1.0,1.0
252,0.003365548786513867,0.5128065943717957,0.0018314645858481526,0.04305858537554741,0.5562314391136169,0.8333333333333334,0.8156613034661815,0.7996031746031745,0.9313537779044854,0.8325127447078666,0.0,1.0,1.0
253,0.003327125744040297,0.519516110420227,0.0016149795847013593,0.047740139067173004,0.5675792694091797,0.8333333333333334,0.8156613034661815,0.7996031746031745,0.9335082283195489,0.8325127447078666,0.0,1.0,1.0
254,0.0032888204577335442,0.5212756991386414,0.0054200743325054646,0.04414694011211395,0.5665066838264465,0.8333333333333334,0.8156613034661815,0.7996031746031745,0.9335781815145023,0.8325127447078666,0.0,1.0,1.0
255,0.0032506355457090426,0.5372943878173828,0.03709110990166664,0.05656332150101662,0.6012759208679199,0.8166666666666667,0.7914410792459573,0.7891865079365079,0.9347642061380269,0.8166541588492807,0.01666666753590107,1.0,1.0
256,0.0032125736178548075,0.5101349949836731,0.0002960090059787035,0.04176979139447212,0.5519639849662781,0.8333333333333334,0.8042568542568542,0.7996031746031745,0.9409041888405096,0.8333585858585858,0.03333333507180214,0.9992451071739197,0.9993029832839966
257,0.0031746372756530482,0.5407779216766357,0.0034286524169147015,0.0586000494658947,0.6000637412071228,0.8333333333333334,0.8042568542568542,0.7996031746031745,0.940497188433509,0.8333585858585858,0.0,0.9981412291526794,0.9981412291526794
258,0.0031368291120023616,0.5124112963676453,0.0031534070149064064,0.04414999485015869,0.5571919679641724,0.8333333333333334,0.8042568542568542,0.7996031746031745,0.9401251646239853,0.8333585858585858,0.0,0.9993680715560913,0.9993029832839966
259,0.0030991517110405113,0.5149787664413452,0.005917624570429325,0.042374029755592346,0.5585362911224365,0.8333333333333334,0.8042568542568542,0.7996031746031745,0.941395661030095,0.8333585858585858,0.0,1.0,1.0
260,0.0030616076479678023,0.5166722536087036,0.001317509450018406,0.044234585016965866,0.5611703395843506,0.8333333333333334,0.8042568542568542,0.7996031746031745,0.9417676848396187,0.8333585858585858,0.0,1.0,1.0
261,0.0030241994888710747,0.5256140828132629,0.0013292275834828615,0.0504685677587986,0.5763484835624695,0.8333333333333334,0.8042568542568542,0.7996031746031745,0.9459998531342869,0.8333585858585858,0.0,1.0,1.0
262,0.0029869297905483136,0.5113620162010193,0.0016613955376669765,0.043450742959976196,0.5551450252532959,0.85,0.817250742623877,0.8100198412698413,0.9539999548843888,0.8501530807500955,0.0,1.0,1.0
263,0.00294980110033389,0.5490050315856934,0.0013275525998324156,0.056249480694532394,0.6055200695991516,0.85,0.817250742623877,0.8100198412698413,0.9528489068583408,0.8501530807500955,0.01666666753590107,1.0,1.0
264,0.0029128159559244607,0.5195637345314026,0.0,0.04689229279756546,0.5664560198783875,0.85,0.828300803673938,0.8100198412698413,0.943522874094808,0.8489351320321468,0.0,1.0,1.0
265,0.0028759768852055175,0.522452175617218,0.001544225262477994,0.05058935284614563,0.5733504295349121,0.8333333333333334,0.8156613034661815,0.7996031746031745,0.9311711556699764,0.8325127447078666,0.0,0.9997835159301758,0.9997676610946655
266,0.002839286406078608,0.5156685709953308,0.0048345173709094524,0.04487321898341179,0.5615087151527405,0.8166666666666667,0.8031746031746033,0.7891865079365079,0.928819564432772,0.8161538461538462,0.01666666753590107,0.9997867345809937,0.9997676610946655
267,0.0028027470262892437,0.5186358690261841,0.0,0.04366426169872284,0.5623001456260681,0.8333333333333334,0.8304473304473304,0.7996031746031745,0.9271770442171384,0.8330808080808081,0.0,1.0,1.0
268,0.002766361243255496,0.5382964611053467,0.00045526522444561124,0.06519366055727005,0.6035811901092529,0.8333333333333334,0.8156613034661815,0.7996031746031745,0.9331711811075017,0.8325127447078666,0.0,1.0,1.0
269,0.002730131543897301,0.5312271118164062,0.002193302381783724,0.05253386124968529,0.5841996669769287,0.8333333333333334,0.8156613034661815,0.7996031746031745,0.9399725394713602,0.8325127447078666,0.0,1.0,1.0
270,0.0026940604044664858,0.5242719650268555,0.037320394068956375,0.044513508677482605,0.5762495398521423,0.8166666666666667,0.7914410792459573,0.7891865079365079,0.9412780124749464,0.8166541588492807,0.01666666753590107,1.0,1.0
271,0.002658150290377515,0.5382962226867676,0.012429498136043549,0.051768820732831955,0.5925509333610535,0.8166666666666667,0.7914410792459573,0.7891865079365079,0.9428215423203632,0.8166541588492807,0.0,1.0,1.0
272,0.0026224036560389846,0.5289539098739624,0.035933103412389755,0.048564646393060684,0.5847051739692688,0.8333333333333334,0.8042568542568542,0.7996031746031745,0.93812513918646,0.8333585858585858,0.0,1.0,1.0
273,0.0025868229446858685,0.5115880966186523,0.0,0.04328830912709236,0.5548763871192932,0.8333333333333334,0.8042568542568542,0.7996031746031745,0.9396482110220319,0.8333585858585858,0.0,1.0,1.0
274,0.0025514105882125234,0.5165729522705078,0.003976703155785799,0.04234262555837631,0.5597109198570251,0.8333333333333334,0.8042568542568542,0.7996031746031745,0.9397531408144616,0.8333585858585858,0.0,0.9985854029655457,0.9986059665679932
275,0.002516169007006475,0.535551905632019,0.03894565626978874,0.0481930747628212,0.5915341377258301,0.8333333333333334,0.8042568542568542,0.7996031746031745,0.9386370693858902,0.8333585858585858,0.0,0.9981412291526794,0.9981412291526794
276,0.0024811006097829845,0.5297089219093323,0.03708667680621147,0.05197712779045105,0.5891033411026001,0.8333333333333334,0.8042568542568542,0.7996031746031745,0.9382300689788897,0.8333585858585858,0.0,0.9981412291526794,0.9981412291526794
277,0.002446207793420422,0.5554695129394531,0.03954034298658371,0.06389164179563522,0.6272692084312439,0.8333333333333334,0.8042568542568542,0.7996031746031745,0.9386370693858902,0.8333585858585858,0.0,0.9981412291526794,0.9981412291526794
278,0.002411492942796432,0.5259613394737244,0.036510493606328964,0.046426426619291306,0.5796898603439331,0.8333333333333334,0.8042568542568542,0.7996031746031745,0.9374510447623656,0.8333585858585858,0.0,0.9981412291526794,0.9981412291526794
279,0.0023769584306249435,0.5249910354614258,0.0012033968232572079,0.04562467709183693,0.5708563923835754,0.8166666666666667,0.7914410792459573,0.7891865079365079,0.9322649692637901,0.8166541588492807,0.0,1.0,1.0
280,0.0023426066172939877,0.5145379304885864,0.0032723238691687584,0.042985785752534866,0.558178186416626,0.8166666666666667,0.7914410792459573,0.7891865079365079,0.9291902083765291,0.8166541588492807,0.0,1.0,1.0
281,0.002308439850704377,0.5134168267250061,0.00019472766143735498,0.043940845876932144,0.5573965907096863,0.8,0.7787698412698413,0.7787698412698413,0.9312538276276484,0.8,0.0,1.0,1.0
282,0.002274460466109219,0.5111050009727478,0.0,0.04126197472214699,0.5523669719696045,0.8,0.7787698412698413,0.7787698412698413,0.9270216593329801,0.8,0.0,1.0,1.0
283,0.0022406707859543205,0.5208656191825867,0.004657064564526081,0.0456300713121891,0.5674271583557129,0.8,0.7787698412698413,0.7787698412698413,0.9261581633338709,0.8,0.01666666753590107,1.0,1.0
284,0.002207073119719429,0.5232014656066895,0.003330477047711611,0.043020181357860565,0.5668877363204956,0.8333333333333334,0.8156613034661815,0.7996031746031745,0.9267623045630122,0.8325127447078666,0.01666666753590107,1.0,1.0
285,0.0021736697637604056,0.5209823846817017,0.0011095444206148386,0.04519810900092125,0.5664023756980896,0.8,0.7633986928104575,0.736111111111111,0.9318493896913709,0.7969934640522875,0.0,1.0,1.0
286,0.0021404630011522584,0.5130996704101562,0.00041436904575675726,0.04234868288040161,0.5555312037467957,0.8,0.7633986928104575,0.736111111111111,0.9342564155358968,0.7969934640522875,0.0,1.0,1.0
287,0.0021074551015331003,0.5507813692092896,0.002950763562694192,0.08309668302536011,0.6344681978225708,0.8,0.7633986928104575,0.736111111111111,0.9353724869644683,0.7969934640522875,0.0,1.0,1.0
288,0.0020746483209490257,0.5301434397697449,0.03770783916115761,0.05535196140408516,0.5930370092391968,0.8166666666666667,0.7772519516239939,0.751984126984127,0.9252878879942559,0.813792824495409,0.0,1.0,1.0
289,0.002042044901699908,0.532422661781311,0.007999314926564693,0.056336238980293274,0.5903587341308594,0.7833333333333333,0.7524547803617571,0.7311507936507936,0.9274218803994746,0.781188630490956,0.0,1.0,1.0
290,0.0020096470721861445,0.5205836296081543,0.002417984651401639,0.04914240911602974,0.5702096223831177,0.7833333333333333,0.7662113941183709,0.7683531746031745,0.9232964417221492,0.7833579426602683,0.0,1.0,1.0
291,0.0019774570467563477,0.5147771835327148,0.0016487278044223785,0.046061839908361435,0.5611687302589417,0.7833333333333333,0.7662113941183709,0.7683531746031745,0.9186368150106358,0.7833579426602683,0.0,1.0,1.0
292,0.001945477025555992,0.5106585621833801,0.0018049041973426938,0.04422957822680473,0.5552490949630737,0.7833333333333333,0.7662113941183709,0.7683531746031745,0.9198927928291135,0.7833579426602683,0.0,1.0,1.0
293,0.0019137091943770502,0.5175422430038452,0.002222387120127678,0.04796585440635681,0.5659525394439697,0.7833333333333333,0.7662113941183709,0.7683531746031745,0.9183347443960651,0.7833579426602683,0.0,1.0,1.0
294,0.0018821557245085828,0.5196035504341125,0.0041646952740848064,0.04696030169725418,0.5673967599868774,0.7833333333333333,0.7662113941183709,0.7683531746031745,0.9294382242495449,0.7833579426602683,0.0,1.0,1.0
295,0.0018508187725883422,0.5248988270759583,0.036203376948833466,0.05113140121102333,0.5832709074020386,0.8,0.7787698412698413,0.7787698412698413,0.9335082283195489,0.8,0.0,1.0,1.0
296,0.0018197004804553652,0.5120503902435303,0.000269613548880443,0.0448545403778553,0.5569588541984558,0.8166666666666667,0.7914410792459573,0.7891865079365079,0.9317530390643599,0.8166541588492807,0.0,1.0,1.0
297,0.0017888029750035847,0.5263627171516418,0.005490068346261978,0.05304930731654167,0.5805100798606873,0.8333333333333334,0.8042568542568542,0.7996031746031745,0.9386370693858902,0.8333585858585858,0.0,1.0,1.0
298,0.0017581283680364525,0.5086084604263306,9.864680760074407e-05,0.042177923023700714,0.5508061051368713,0.8333333333333334,0.8042568542568542,0.7996031746031745,0.9397531408144616,0.8333585858585858,0.0,1.0,1.0
299,0.0017276787561226095,0.5193624496459961,0.0011037507792934775,0.047995470464229584,0.5675786733627319,0.8333333333333334,0.8042568542568542,0.7996031746031745,0.9401601412214621,0.8333585858585858,0.0,1.0,1.0
300,0.0016974562204525828,0.5158481597900391,0.0006691624294035137,0.04239439591765404,0.5583763718605042,0.8333333333333334,0.8042568542568542,0.7996031746031745,0.94131118924751,0.8333585858585858,0.0,1.0,1.0
301,0.0016674628266965387,0.5192822217941284,0.0036267160903662443,0.047806352376937866,0.5678138732910156,0.8333333333333334,0.8042568542568542,0.7996031746031745,0.9439503325116533,0.8333585858585858,0.0,1.0,1.0
302,0.0016377006248631,0.5199283957481384,0.0004455556336324662,0.047552477568387985,0.5675699710845947,0.8333333333333334,0.8042568542568542,0.7996031746031745,0.9488565952304161,0.8333585858585858,0.0,1.0,1.0
303,0.001608171649159226,0.5223552584648132,0.035429175943136215,0.04655066877603531,0.5759918093681335,0.8333333333333334,0.8042568542568542,0.7996031746031745,0.9508216440704649,0.8333585858585858,0.0,1.0,1.0
304,0.0015788779178511816,0.5293726921081543,0.038204677402973175,0.04897423833608627,0.5859878659248352,0.8333333333333334,0.8042568542568542,0.7996031746031745,0.9528566461054669,0.8333585858585858,0.0,1.0,1.0
305,0.0015498214331265902,0.5292692184448242,0.03644128516316414,0.04715479910373688,0.5837122797966003,0.8333333333333334,0.8042568542568542,0.7996031746031745,0.9556706723569931,0.8333585858585858,0.0,1.0,1.0
306,0.001521004180957585,0.5113105773925781,0.0009836407843977213,0.0388154536485672,0.5503227710723877,0.8333333333333334,0.8042568542568542,0.7996031746031745,0.9558105787468995,0.8333585858585858,0.0,1.0,1.0
307,0.001492428130965072,0.5105976462364197,0.000567709153983742,0.039854541420936584,0.5505657196044922,0.8,0.7787698412698413,0.7787698412698413,0.9562875323488531,0.8,0.0,1.0,1.0
308,0.0014640952362841098,0.5091644525527954,0.001011924701742828,0.0384344719350338,0.5478012561798096,0.8,0.7787698412698413,0.7787698412698413,0.9562875323488531,0.8,0.0,1.0,1.0
309,0.0014360074334304135,0.5118470788002014,0.00016140955267474055,0.04252162575721741,0.5544010400772095,0.8,0.7787698412698413,0.7787698412698413,0.9516483636471844,0.8,0.0,1.0,1.0
310,0.0014081666421679989,0.5102670192718506,0.0009328919113613665,0.03960572928190231,0.5500593185424805,0.7833333333333333,0.7662113941183709,0.7683531746031745,0.9394383514371722,0.7833579426602683,0.0,1.0,1.0
311,0.0013805747653779662,0.5091502666473389,0.0,0.040623318403959274,0.5497735738754272,0.7833333333333333,0.7662113941183709,0.7683531746031745,0.9327419228657435,0.7833579426602683,0.0,1.0,1.0
312,0.00135323368892844,0.5089702010154724,0.0,0.03992693871259689,0.5488971471786499,0.7833333333333333,0.7662113941183709,0.7683531746031745,0.9315558982422191,0.7833579426602683,0.0,1.0,1.0
313,0.001326145281545679,0.5109288096427917,0.0017600866267457604,0.04158695414662361,0.5528677701950073,0.7833333333333333,0.7662113941183709,0.7683531746031745,0.9304748034111242,0.7833579426602683,0.0,1.0,1.0
314,0.0012993113946863431,0.508347749710083,0.0011567326728254557,0.03975377231836319,0.5483328700065613,0.7833333333333333,0.7662113941183709,0.7683531746031745,0.930509780008601,0.7833579426602683,0.0,1.0,1.0
315,0.0012727338624109576,0.507568359375,0.00029337062733247876,0.038940634578466415,0.5465676188468933,0.7833333333333333,0.7662113941183709,0.7683531746031745,0.9297657323895532,0.7833579426602683,0.0,1.0,1.0
316,0.0012464145012585474,0.5159856081008911,0.0005521834245882928,0.040727194398641586,0.5568232536315918,0.7833333333333333,0.7662113941183709,0.7683531746031745,0.9278006835495044,0.7833579426602683,0.0,1.0,1.0
317,0.0012203551101224882,0.5148816108703613,0.0022323760204017162,0.0435701347887516,0.5588982701301575,0.7833333333333333,0.7662113941183709,0.7683531746031745,0.9273587065450273,0.7833579426602683,0.0,1.0,1.0
318,0.001194557470127544,0.5108641386032104,0.0021952870301902294,0.0411263108253479,0.5524294972419739,0.7833333333333333,0.7662113941183709,0.7683531746031745,0.9225446548559756,0.7833579426602683,0.0,1.0,1.0
319,0.001169023344508143,0.5118404626846313,0.037915755063295364,0.0418398380279541,0.5612634420394897,0.7833333333333333,0.7662113941183709,0.7683531746031745,0.9213236536349744,0.7833579426602683,0.0,1.0,1.0
320,0.0011437544784878525,0.5194383859634399,0.0012028217315673828,0.045408349484205246,0.5650873184204102,0.7833333333333333,0.7662113941183709,0.7683531746031745,0.9227417956781164,0.7833579426602683,0.0,1.0,1.0
321,0.0011187525991600985,0.5075539350509644,0.0,0.04128502309322357,0.5488389730453491,0.7833333333333333,0.7662113941183709,0.7683531746031745,0.9225033188771397,0.7833579426602683,0.0,1.0,1.0
322,0.001094019415370123,0.507810652256012,0.0001229491172125563,0.04210202023386955,0.5499373078346252,0.7833333333333333,0.7662113941183709,0.7683531746031745,0.9285892468380675,0.7833579426602683,0.0,1.0,1.0
323,0.0010695566175981828,0.5073490142822266,0.0,0.04043056070804596,0.5477795600891113,0.8,0.7787698412698413,0.7787698412698413,0.9346942529430736,0.8,0.0,1.0,1.0
324,0.0010453658778440107,0.5088276267051697,0.0004332127282395959,0.04197606444358826,0.550890326499939,0.8,0.7787698412698413,0.7787698412698413,0.9374033494021702,0.8,0.0,1.0,1.0
325,0.0010214488495125353,0.5086289644241333,0.00028776092221960425,0.039678920060396194,0.5483654737472534,0.8,0.7787698412698413,0.7787698412698413,0.9373683728046937,0.8,0.0,1.0,1.0
326,0.0009978071673008729,0.5071592926979065,0.000120512158900965,0.03924333676695824,0.5464267134666443,0.8,0.7787698412698413,0.7787698412698413,0.9365543719906929,0.8,0.0,1.0,1.0
327,0.0009744424470865977,0.5090683698654175,0.00107969855889678,0.04012970253825188,0.5494140386581421,0.8,0.7787698412698413,0.7787698412698413,0.9361473715836924,0.8,0.0,1.0,1.0
328,0.0009513562858173009,0.5086522102355957,0.0,0.04057769104838371,0.5492299199104309,0.8,0.7787698412698413,0.7787698412698413,0.9361473715836924,0.8,0.0,1.0,1.0
329,0.0009285502614014378,0.507509171962738,0.0007358370930887759,0.039675939828157425,0.5473322868347168,0.8,0.7787698412698413,0.7787698412698413,0.9337053691416899,0.8,0.0,1.0,1.0
330,0.0009060259326004838,0.5075274705886841,0.0,0.04174168407917023,0.5492691397666931,0.8,0.7787698412698413,0.7787698412698413,0.9361473715836924,0.8,0.0,1.0,1.0
331,0.000883784838922391,0.5070123076438904,0.0009077885770238936,0.03826048970222473,0.5454543828964233,0.8166666666666667,0.7914410792459573,0.7891865079365079,0.9353683473671682,0.8166541588492807,0.0,1.0,1.0
332,0.0008618285005163704,0.510168194770813,0.004748350474983454,0.041696563363075256,0.5528144240379333,0.8166666666666667,0.7914410792459573,0.7891865079365079,0.9353683473671682,0.8166541588492807,0.0,1.0,1.0
333,0.0008401584180689843,0.5100638270378113,0.002384160878136754,0.03997378051280975,0.5505144596099854,0.8166666666666667,0.7914410792459573,0.7891865079365079,0.9357403711766921,0.8166541588492807,0.0,1.0,1.0
334,0.000818776072701583,0.5075736045837402,0.0,0.039913810789585114,0.5474874377250671,0.8166666666666667,0.7914410792459573,0.7891865079365079,0.9357403711766921,0.8166541588492807,0.0,1.0,1.0
335,0.0007976829258690679,0.5078437328338623,0.0006975417491048574,0.039804667234420776,0.5477879047393799,0.8166666666666667,0.7914410792459573,0.7891865079365079,0.9357403711766921,0.8166541588492807,0.0,1.0,1.0
336,0.0007768804192600093,0.5071971416473389,0.00024865588056854904,0.04060957208275795,0.5478564500808716,0.8166666666666667,0.7914410792459573,0.7891865079365079,0.9361123949862158,0.8166541588492807,0.01666666753590107,1.0,1.0
337,0.0007563699746980984,0.5100933909416199,0.00498959282413125,0.041585396975278854,0.5526766777038574,0.8166666666666667,0.7914410792459573,0.7891865079365079,0.9361123949862158,0.8166541588492807,0.01666666753590107,1.0,1.0
338,0.0007361529940449782,0.5108550786972046,0.0013833802659064531,0.04094192758202553,0.5520737171173096,0.8166666666666667,0.7914410792459573,0.7891865079365079,0.9361123949862158,0.8166541588492807,0.01666666753590107,1.0,1.0
339,0.0007162308591044182,0.5196850299835205,0.035586923360824585,0.04720644652843475,0.5740088820457458,0.8166666666666667,0.7914410792459573,0.7891865079365079,0.9364844187957396,0.8166541588492807,0.01666666753590107,1.0,1.0
340,0.0006966049315278798,0.5095798373222351,0.0,0.04168182983994484,0.5512616634368896,0.8166666666666667,0.7914410792459573,0.7891865079365079,0.9368914192027401,0.8166541588492807,0.01666666753590107,1.0,1.0
341,0.0006772765527214417,0.5081198215484619,0.001133530167862773,0.04213917255401611,0.5504856705665588,0.8166666666666667,0.7914410792459573,0.7891865079365079,0.9368914192027401,0.8166541588492807,0.01666666753590107,1.0,1.0
342,0.0006582470437541217,0.508442759513855,0.0029991797637194395,0.04045959934592247,0.5495021939277649,0.8333333333333334,0.8156613034661815,0.7996031746031745,0.9365193953932162,0.8325127447078666,0.0,1.0,1.0
343,0.0006395177052675795,0.5091276168823242,0.0003939213347621262,0.04052966088056564,0.5497360825538635,0.8333333333333334,0.8156613034661815,0.7996031746031745,0.9361123949862158,0.8325127447078666,0.0,1.0,1.0
344,0.0006210898173872209,0.5082314014434814,0.0004626576555892825,0.0425708144903183,0.5508947372436523,0.8333333333333334,0.8156613034661815,0.7996031746031745,0.9405893994632203,0.8325127447078666,0.0,1.0,1.0
345,0.0006029646396347048,0.5088226199150085,0.003248980501666665,0.039849355816841125,0.5493217706680298,0.8333333333333334,0.8156613034661815,0.7996031746031745,0.941845377281698,0.8325127447078666,0.0,1.0,1.0
346,0.000585143410841854,0.5063769221305847,0.0004070518771186471,0.03893626108765602,0.5453945994377136,0.8333333333333334,0.8156613034661815,0.7996031746031745,0.9418104006842215,0.8325127447078666,0.0,1.0,1.0
347,0.0005676273490659822,0.5084599256515503,0.0,0.04123163968324661,0.5496915578842163,0.8333333333333334,0.8156613034661815,0.7996031746031745,0.9405893994632203,0.8325127447078666,0.0,1.0,1.0
348,0.0005504176515066467,0.5067131519317627,0.0,0.04022593796253204,0.5469390749931335,0.8333333333333334,0.8156613034661815,0.7996031746031745,0.9369613723976932,0.8325127447078666,0.0,1.0,1.0
349,0.0005335154944238117,0.5084336996078491,0.0001844255457399413,0.041098035871982574,0.5495686531066895,0.8333333333333334,0.8156613034661815,0.7996031746031745,0.935740371176692,0.8325127447078666,0.0,1.0,1.0
350,0.0005169220330574664,0.5080543756484985,0.0,0.04153839498758316,0.5495927929878235,0.8333333333333334,0.8156613034661815,0.7996031746031745,0.935740371176692,0.8325127447078666,0.0,1.0,1.0
351,0.0005006384015486492,0.5072087049484253,0.0007217852980829775,0.039998095482587814,0.5473511815071106,0.8333333333333334,0.8156613034661815,0.7996031746031745,0.935740371176692,0.8325127447078666,0.0,1.0,1.0
352,0.00048466571286194553,0.5100969672203064,0.002958910074084997,0.03783987835049629,0.5485286116600037,0.8333333333333334,0.8156613034661815,0.7996031746031745,0.9361123949862158,0.8325127447078666,0.0,1.0,1.0
353,0.00046900505870941026,0.5094029903411865,0.0010709272464737296,0.040348947048187256,0.5499660968780518,0.8333333333333334,0.8156613034661815,0.7996031746031745,0.9361123949862158,0.8325127447078666,0.0,1.0,1.0
354,0.00045365750947594944,0.5175161957740784,0.003138928906992078,0.044356100261211395,0.5625000596046448,0.8333333333333334,0.8156613034661815,0.7996031746031745,0.9385893740256948,0.8325127447078666,0.0,1.0,1.0
355,0.00043862411414616955,0.5103268623352051,0.001208192901685834,0.039644088596105576,0.550212562084198,0.8333333333333334,0.8156613034661815,0.7996031746031745,0.941845377281698,0.8325127447078666,0.0,1.0,1.0
356,0.0004239059002326682,0.5205413699150085,0.0037733616773039103,0.04775364324450493,0.5690496563911438,0.8333333333333334,0.8156613034661815,0.7996031746031745,0.941845377281698,0.8325127447078666,0.0,1.0,1.0
357,0.00040950387370581904,0.5069424510002136,0.0,0.04213434085249901,0.5490767955780029,0.8333333333333334,0.8156613034661815,0.7996031746031745,0.941845377281698,0.8325127447078666,0.0,1.0,1.0
358,0.00039541901892500223,0.507340669631958,0.0,0.04166663810610771,0.5490072965621948,0.8333333333333334,0.8156613034661815,0.7996031746031745,0.941845377281698,0.8325127447078666,0.0,1.0,1.0
359,0.00038165229857133195,0.5088654160499573,0.00015327864093706012,0.042057596147060394,0.5509536266326904,0.8333333333333334,0.8156613034661815,0.7996031746031745,0.941845377281698,0.8325127447078666,0.0,1.0,1.0
360,0.00036820465358185857,0.5082782506942749,0.00040996537427417934,0.04094807058572769,0.5493083596229553,0.8333333333333334,0.8156613034661815,0.7996031746031745,0.941845377281698,0.8325127447078666,0.0,1.0,1.0
361,0.00035507700308525403,0.5083070397377014,0.0010384974302724004,0.0390070341527462,0.5475217700004578,0.8333333333333334,0.8156613034661815,0.7996031746031745,0.941845377281698,0.8325127447078666,0.0,1.0,1.0
362,0.00034227024433899005,0.5152347087860107,0.034829676151275635,0.045996617525815964,0.5681972503662109,0.8333333333333334,0.8156613034661815,0.7996031746031745,0.941845377281698,0.8325127447078666,0.0,1.0,1.0
363,0.00032978525266801593,0.5218337178230286,0.0012926417402923107,0.04838934168219566,0.570481538772583,0.8333333333333334,0.8156613034661815,0.7996031746031745,0.941845377281698,0.8325127447078666,0.0,1.0,1.0
364,0.0003176228814049297,0.5068767070770264,0.0,0.04044969379901886,0.547326385974884,0.8333333333333334,0.8156613034661815,0.7996031746031745,0.941845377281698,0.8325127447078666,0.0,1.0,1.0
365,0.0003057839618316491,0.5085961818695068,0.0008746532839722931,0.040192656219005585,0.5489637851715088,0.8333333333333334,0.8156613034661815,0.7996031746031745,0.941845377281698,0.8325127447078666,0.0,1.0,1.0
366,0.00029426930312260227,0.5066300630569458,0.0011718194000422955,0.03810983896255493,0.5449742674827576,0.8333333333333334,0.8156613034661815,0.7996031746031745,0.941845377281698,0.8325127447078666,0.0,1.0,1.0
367,0.00028307969228941415,0.5068260431289673,0.0,0.04082034155726433,0.5476464033126831,0.8166666666666667,0.8031746031746033,0.7891865079365079,0.941845377281698,0.8161538461538462,0.0,1.0,1.0
368,0.00027221589412712463,0.5089314579963684,0.00044686117325909436,0.03980754688382149,0.5488283634185791,0.8166666666666667,0.8031746031746033,0.7891865079365079,0.941845377281698,0.8161538461538462,0.0,1.0,1.0
369,0.0002616786511619041,0.5060995817184448,0.0,0.04086490347981453,0.5469644665718079,0.8166666666666667,0.8031746031746033,0.7891865079365079,0.9414383768746978,0.8161538461538462,0.0,1.0,1.0
370,0.00025146868360031467,0.5138849020004272,0.0009076373535208404,0.04381860792636871,0.5578850507736206,0.8166666666666667,0.8031746031746033,0.7891865079365079,0.9418453772816981,0.8161538461538462,0.0,1.0,1.0
371,0.00024158668928007498,0.5092597007751465,0.00045535864774137735,0.04133903980255127,0.5506898164749146,0.8166666666666667,0.8031746031746033,0.7891865079365079,0.9418453772816981,0.8161538461538462,0.0,1.0,1.0
372,0.00023203334362237158,0.509806215763092,0.00041864579543471336,0.04195692017674446,0.5518468618392944,0.8166666666666667,0.8031746031746033,0.7891865079365079,0.9418453772816981,0.8161538461538462,0.0,1.0,1.0
373,0.00022280929958568842,0.5184234380722046,0.0013024178333580494,0.04680577665567398,0.5654897093772888,0.8166666666666667,0.8031746031746033,0.7891865079365079,0.9418453772816981,0.8161538461538462,0.0,1.0,1.0
374,0.00021391518762118363,0.5171194076538086,0.035769760608673096,0.046506673097610474,0.5707800388336182,0.8166666666666667,0.8031746031746033,0.7891865079365079,0.9418453772816981,0.8161538461538462,0.0,1.0,1.0
375,0.00020535161562959536,0.5085643529891968,0.0006450095679610968,0.04053504019975662,0.5492283701896667,0.8166666666666667,0.8031746031746033,0.7891865079365079,0.9418453772816981,0.8161538461538462,0.0,1.0,1.0
376,0.0001971191689196937,0.5061893463134766,0.0,0.04068715125322342,0.5468764901161194,0.8166666666666667,0.8031746031746033,0.7891865079365079,0.9418453772816981,0.8161538461538462,0.0,1.0,1.0
377,0.0001892184101682762,0.5199166536331177,0.0023847075644880533,0.04735638573765755,0.5677499771118164,0.8166666666666667,0.8031746031746033,0.7891865079365079,0.9418453772816981,0.8161538461538462,0.0,1.0,1.0
378,0.0001816498793817073,0.5094025135040283,0.0024484037421643734,0.04143340513110161,0.5513255596160889,0.8166666666666667,0.8031746031746033,0.7891865079365079,0.9418453772816981,0.8161538461538462,0.0,1.0,1.0
379,0.00017441409385901422,0.5064830780029297,0.0,0.04102669656276703,0.5475097894668579,0.8166666666666667,0.8031746031746033,0.7891865079365079,0.9418453772816981,0.8161538461538462,0.0,1.0,1.0
380,0.00016751154815652453,0.5095502734184265,0.001625973149202764,0.040756404399871826,0.5506318807601929,0.8166666666666667,0.8031746031746033,0.7891865079365079,0.9418453772816981,0.8161538461538462,0.0,1.0,1.0
381,0.0001609427140540686,0.5093382000923157,0.0025134424213320017,0.039517924189567566,0.5493588447570801,0.8166666666666667,0.8031746031746033,0.7891865079365079,0.935740371176692,0.8161538461538462,0.0,1.0,1.0
382,0.00015470804052273096,0.5225009918212891,0.0031750008929520845,0.047405630350112915,0.5705416202545166,0.8166666666666667,0.8031746031746033,0.7891865079365079,0.935740371176692,0.8161538461538462,0.0,1.0,1.0
383,0.00014880795369416665,0.508129358291626,0.0010809313971549273,0.04126447066664696,0.5496100187301636,0.8166666666666667,0.8031746031746033,0.7891865079365079,0.935368347367168,0.8161538461538462,0.0,1.0,1.0
384,0.0001432428568314728,0.5074684619903564,0.0011108776088804007,0.0417153462767601,0.5494059324264526,0.8166666666666667,0.8031746031746033,0.7891865079365079,0.935368347367168,0.8161538461538462,0.0,1.0,1.0
385,0.00013801313030162716,0.507887601852417,0.0008655089186504483,0.04047880321741104,0.5485395193099976,0.8166666666666667,0.8031746031746033,0.7891865079365079,0.935368347367168,0.8161538461538462,0.0,1.0,1.0
386,0.0001331191315494912,0.5077590346336365,0.00012058911670465022,0.04220995679497719,0.5499931573867798,0.8166666666666667,0.8031746031746033,0.7891865079365079,0.935368347367168,0.8161538461538462,0.0,1.0,1.0
387,0.00012856119507337867,0.5106874108314514,0.00045995815889909863,0.0433339923620224,0.5541133880615234,0.8166666666666667,0.8031746031746033,0.7891865079365079,0.9345543465531673,0.8161538461538462,0.0,1.0,1.0
388,0.0001243396324021935,0.5172427892684937,0.0018954654224216938,0.04556088522076607,0.5631827712059021,0.8166666666666667,0.8031746031746033,0.7891865079365079,0.9361823481811689,0.8161538461538462,0.0,1.0,1.0
389,0.00012045473207413647,0.5079286098480225,0.0,0.043210241943597794,0.5511388778686523,0.8166666666666667,0.8031746031746033,0.7891865079365079,0.935368347367168,0.8161538461538462,0.0,1.0,1.0
390,0.00011690675961698426,0.5213617086410522,0.0006165880477055907,0.05064813420176506,0.5721331834793091,0.8166666666666667,0.8031746031746033,0.7891865079365079,0.9349963235576443,0.8161538461538462,0.0,1.0,1.0
391,0.00011369595752994128,0.5088067054748535,0.0,0.043540485203266144,0.5523471832275391,0.8166666666666667,0.8031746031746033,0.7891865079365079,0.9345893231506439,0.8161538461538462,0.0,1.0,1.0
392,0.00011082254526706605,0.5103939771652222,0.0013117706403136253,0.04321052134037018,0.5538668632507324,0.8166666666666667,0.8031746031746033,0.7891865079365079,0.9333683219296427,0.8161538461538462,0.0,1.0,1.0
393,0.00010828671922226878,0.5097573399543762,0.0004966739215888083,0.040188245475292206,0.5500449538230896,0.8166666666666667,0.8031746031746033,0.7891865079365079,0.9333683219296427,0.8161538461538462,0.0,1.0,1.0
394,0.00010608865271589101,0.5089261531829834,0.0018515601987019181,0.042069531977176666,0.5513660311698914,0.8166666666666667,0.8031746031746033,0.7891865079365079,0.9333683219296427,0.8161538461538462,0.0,1.0,1.0
395,0.00010422849598285996,0.5064353942871094,0.00043950005783699453,0.03887736424803734,0.5454006791114807,0.8166666666666667,0.8031746031746033,0.7891865079365079,0.9333683219296427,0.8161538461538462,0.0,1.0,1.0
396,0.00010270637616241606,0.5086158514022827,0.0009788911556825042,0.040580518543720245,0.5493921637535095,0.8166666666666667,0.8031746031746033,0.7891865079365079,0.9333683219296427,0.8161538461538462,0.0,1.0,1.0
397,0.00010152239728942829,0.5081733465194702,0.001892299042083323,0.04224056750535965,0.550792396068573,0.8166666666666667,0.8031746031746033,0.7891865079365079,0.9333683219296427,0.8161538461538462,0.0,1.0,1.0
398,0.00010067664028727843,0.5080090165138245,0.0007758837891742587,0.04065321385860443,0.5488173961639404,0.8166666666666667,0.8031746031746033,0.7891865079365079,0.9333683219296427,0.8161538461538462,0.0,1.0,1.0
399,0.00010016916296233584,0.5092102289199829,0.00425583915784955,0.03930148854851723,0.5493628978729248,0.8166666666666667,0.8031746031746033,0.7891865079365079,0.9333683219296427,0.8161538461538462,0.0,1.0,1.0
400,0.0001,0.5082387924194336,0.00017435482004657388,0.04162081331014633,0.5498944520950317,0.8166666666666667,0.8031746031746033,0.7891865079365079,0.9333683219296427,0.8161538461538462,0.0,1.0,1.0
