epoch,lr,original_loss,utility_loss_unweighted,utility_loss_weighted,total_loss,adapter_gradient_norm,router_gradient_norm,global_gradient_norm,utility_valid_count,acc,macro_f1,bacc,macro_auc,weighted_f1
1,0.01,3.2943496704101562,0.0,0.0,3.2943496704101562,0.13033735752105713,0.0,2.9162395000457764,0,0.35,0.1728395061728395,0.3333333333333333,0.7967793093087905,0.18148148148148147
2,0.01,2.9267919063568115,0.0,0.0,2.9267919063568115,0.07848010957241058,0.0,0.5765298008918762,0,0.35,0.1728395061728395,0.3333333333333333,0.6063517740994157,0.18148148148148147
3,0.01,6.172969818115234,0.0,0.0,6.172969818115234,0.6680587530136108,0.0,0.25698670744895935,0,0.35,0.18918918918918917,0.21875,0.4929309476774099,0.30270270270270266
4,0.01,6.092264175415039,0.0,0.0,6.092264175415039,0.44676172733306885,0.0,0.16262449324131012,0,0.43333333333333335,0.21940928270042193,0.2708333333333333,0.5746413788866619,0.35105485232067507
5,0.01,5.49727725982666,0.0,0.0,5.49727725982666,0.13090592622756958,0.0,0.14206112921237946,0,0.5666666666666667,0.47061403508771926,0.6145833333333334,0.6252165789312016,0.4459649122807018
6,0.01,3.3059542179107666,0.0,0.0,3.3059542179107666,0.523007869720459,0.0,0.12801668047904968,0,0.5666666666666667,0.47061403508771926,0.6145833333333334,0.7890399421944233,0.4459649122807018
7,0.01,8.728943824768066,0.0,0.0,8.728943824768066,0.8660988211631775,0.0,0.09455951303243637,0,0.5666666666666667,0.47061403508771926,0.6145833333333334,0.7933301848396188,0.4459649122807018
8,0.01,4.325806140899658,0.0,0.0,4.325806140899658,0.4104306697845459,0.0,0.08125147968530655,0,0.6,0.5102821616451458,0.6354166666666666,0.8084305358774699,0.4733142037302726
9,0.01,2.6937501430511475,0.0,0.0,2.6937501430511475,0.021139681339263916,0.0,0.12027914077043533,0,0.6,0.5102821616451458,0.6354166666666666,0.8146150342494684,0.4733142037302726
10,0.01,2.585439920425415,0.0,0.0,2.585439920425415,0.10014484822750092,0.0,0.08322404325008392,0,0.6,0.5102821616451458,0.6354166666666666,0.810384665779713,0.4733142037302726
11,0.01,2.9452340602874756,0.0,0.0,2.9452340602874756,0.6402736306190491,0.0,0.06683246791362762,0,0.6,0.5102821616451458,0.6354166666666666,0.799008152486926,0.4733142037302726
12,0.01,2.55853009223938,0.0,0.0,2.55853009223938,0.13137856125831604,0.0,0.24012582004070282,0,0.55,0.5767211061328709,0.71875,0.8083914196826933,0.4629498482439659
13,0.01,2.436319351196289,0.0,0.0,2.436319351196289,0.09731608629226685,0.0,0.12970653176307678,0,0.6,0.6183990442054959,0.75,0.8106217627149231,0.5411708482676225
14,0.01,2.3375778198242188,0.0,0.0,2.3375778198242188,0.08193433284759521,0.0,0.12594851851463318,0,0.5833333333333334,0.48971193415637854,0.625,0.8021001916933521,0.45946502057613164
15,0.01,2.3204755783081055,0.0,0.0,2.3204755783081055,0.1334427148103714,0.0,0.07509126514196396,0,0.6166666666666667,0.5326305220883535,0.6458333333333334,0.8207799145299145,0.4876255020080321
16,0.01,2.223745822906494,0.0,0.0,2.223745822906494,0.019468924030661583,0.0,0.2520979940891266,0,0.55,0.45274261603375526,0.6041666666666666,0.8104441199960067,0.43272151898734174
17,0.01,2.284048318862915,0.0,0.0,2.284048318862915,0.03528856113553047,0.0,0.18611057102680206,0,0.5666666666666667,0.47061403508771926,0.6145833333333334,0.8230502136752137,0.4459649122807018
18,0.01,2.2778871059417725,0.0,0.0,2.2778871059417725,0.04086799547076225,0.0,0.1963380128145218,0,0.6666666666666666,0.7079493087557603,0.7425595238095237,0.8477087148962149,0.6633736559139785
19,0.01,2.1194140911102295,0.0,0.0,2.1194140911102295,0.019702980294823647,0.0,0.0649871677160263,0,0.7166666666666667,0.7861635220125786,0.8065476190476191,0.8784722222222223,0.7166666666666667
20,0.01,2.3187811374664307,0.0,0.0,2.3187811374664307,0.08202405273914337,0.0,0.25143641233444214,0,0.6666666666666666,0.6789983164983164,0.6418650793650794,0.8723004426129425,0.6692929292929293
21,0.009999830837037664,2.1490845680236816,0.0,0.0,2.1490845680236816,0.08011875301599503,0.0,0.35511514544487,0,0.7166666666666667,0.7657905510521575,0.7901785714285715,0.9083199786324787,0.7168107754032588
22,0.009999323359712722,2.020582437515259,0.0,0.0,2.020582437515259,0.05788832902908325,0.0,0.1684371829032898,0,0.6166666666666667,0.6517707858337133,0.7549603174603176,0.904831857956858,0.5774737802097583
23,0.009998477602710573,1.9670498371124268,0.0,0.0,1.9670498371124268,0.04952298849821091,0.0,0.25448164343833923,0,0.7666666666666667,0.7909170414792603,0.8323412698412698,0.9250292531542531,0.7653766866566716
24,0.009997293623837585,1.9990832805633545,0.0,0.0,1.9990832805633545,0.14713427424430847,0.0,0.11574926227331161,0,0.7333333333333333,0.7214912280701755,0.7569444444444443,0.929828786255673,0.6981359649122807
25,0.00999577150401714,1.9429748058319092,0.0,0.0,1.9429748058319092,0.0599934458732605,0.0,0.41294899582862854,0,0.7,0.7380952380952381,0.8070436507936508,0.9391643580912449,0.6854166666666667
26,0.009993911347284109,1.8995361328125,0.0,0.0,1.8995361328125,0.04850563034415245,0.0,0.24138130247592926,0,0.6833333333333333,0.7241663556053254,0.7966269841269842,0.9418734545503414,0.6654278648749533
27,0.009991713280777732,1.8726592063903809,0.0,0.0,1.8726592063903809,0.03518233075737953,0.0,0.21056076884269714,0,0.7666666666666667,0.7916666666666666,0.8377976190476191,0.9435859279609279,0.7645833333333333
28,0.009989177454732934,1.713234782218933,0.0,0.0,1.713234782218933,0.010972692631185055,0.0,0.1563977599143982,0,0.7666666666666667,0.7735042735042734,0.7777777777777777,0.9546544312169312,0.7292735042735042
29,0.00998630404247006,1.8510797023773193,0.0,0.0,1.8510797023773193,0.036055486649274826,0.0,0.9050548076629639,0,0.8333333333333334,0.8410778289810548,0.8740079365079364,0.9456908831908831,0.832728494623656
30,0.009983093240383016,1.7090033292770386,0.0,0.0,1.7090033292770386,0.0289673563092947,0.0,0.22273100912570953,0,0.7666666666666667,0.7798289528577388,0.8377976190476191,0.9397957366707366,0.7641635377555277
31,0.009979545267925863,1.5889124870300293,0.0,0.0,1.5889124870300293,0.015321744605898857,0.0,0.463032066822052,0,0.8,0.7799242424242424,0.7470238095238094,0.9402027370777369,0.7981818181818182
32,0.009975660367597807,1.6645355224609375,0.0,0.0,1.6645355224609375,0.020431647077202797,0.0,0.6991280317306519,0,0.8,0.8100079744816587,0.8368055555555555,0.9485271672771672,0.796341706539075
33,0.009971438804926623,1.5336343050003052,0.0,0.0,1.5336343050003052,0.014885335229337215,0.0,0.7224652171134949,0,0.8166666666666667,0.8295197740112995,0.8690476190476191,0.9528769841269842,0.815981638418079
34,0.00996688086845051,1.3946785926818848,0.0,0.0,1.3946785926818848,0.034563980996608734,0.0,0.28468167781829834,0,0.8166666666666667,0.8188779707153646,0.8745039682539683,0.950574888074888,0.815618222880304
35,0.009961986869698373,1.317898154258728,0.0,0.0,1.317898154258728,0.04276726394891739,0.0,0.4288463294506073,0,0.8333333333333334,0.8395833333333332,0.8685515873015873,0.9625146265771266,0.8320833333333333
36,0.009956757143168527,1.2167158126831055,0.0,0.0,1.2167158126831055,0.02639331854879856,0.0,0.1953415423631668,0,0.8833333333333333,0.905345069524174,0.8998015873015873,0.9723971052096053,0.8814580941446614
37,0.009951192046305833,1.169184684753418,0.0,0.0,1.169184684753418,0.06311610341072083,0.0,0.26545947790145874,0,0.7666666666666667,0.7839846743295018,0.7688492063492064,0.9490518162393161,0.7678199233716475
38,0.009945291959477269,1.4237377643585205,0.0,0.0,1.4237377643585205,0.16230399906635284,0.0,0.5571848154067993,0,0.7833333333333333,0.8183355825461088,0.816468253968254,0.9412615740740741,0.7853882141250562
39,0.009939057285945933,1.1526435613632202,0.0,0.0,1.1526435613632202,0.02373085729777813,0.0,0.7809430360794067,0,0.8166666666666667,0.832831541218638,0.8253968253968255,0.9485526048026047,0.7975842293906811
40,0.009932488451843476,1.382500410079956,0.0,0.0,1.382500410079956,0.12235531210899353,0.0,1.5650174617767334,0,0.8833333333333333,0.905345069524174,0.8998015873015873,0.960969296906797,0.8814580941446614
41,0.009925585906140986,1.096987247467041,0.0,0.0,1.096987247467041,0.05984339118003845,0.0,0.5077692270278931,0,0.8333333333333334,0.8421717171717172,0.8794642857142857,0.9626545329670328,0.8328914141414142
42,0.009918350120618293,1.0688323974609375,0.0,0.0,1.0688323974609375,0.043418996036052704,0.0,0.4337536692619324,0,0.8666666666666667,0.882155376212603,0.9112103174603176,0.9650965354090354,0.8665313442569496
43,0.009910781589831726,1.0385079383850098,0.0,0.0,1.0385079383850098,0.033508725464344025,0.0,0.35519739985466003,0,0.8666666666666667,0.8963831867057674,0.9002976190476191,0.9669566544566545,0.8675464320625611
44,0.009902880831080306,0.8503332138061523,0.0,0.0,0.8503332138061523,0.028479117900133133,0.0,0.1359810084104538,0,0.8333333333333334,0.8209680268503798,0.7777777777777778,0.956260175010175,0.8261305423070129
45,0.009894648384370404,1.0729987621307373,0.0,0.0,1.0729987621307373,0.0972273200750351,0.0,0.2372722327709198,0,0.8333333333333334,0.8266499582289056,0.7886904761904763,0.9493761446886447,0.8306808688387636
46,0.009886084812378817,0.9156794548034668,0.0,0.0,0.9156794548034668,0.04445610195398331,0.0,0.17512887716293335,0,0.8166666666666667,0.8598389229474698,0.8690476190476191,0.9539103835978836,0.8186500781343912
47,0.009877190700414313,0.8890042901039124,0.0,0.0,0.8890042901039124,0.037141721695661545,0.0,0.06762880086898804,0,0.8166666666666667,0.8440058479532163,0.8745039682539683,0.9564795736670737,0.8163815789473683
48,0.00986796665637763,0.8634031414985657,0.0,0.0,0.8634031414985657,0.040338292717933655,0.0,0.07425396144390106,0,0.8333333333333334,0.8410778289810548,0.8740079365079364,0.9562124796499797,0.832728494623656
49,0.009858413310719925,0.7679566144943237,0.0,0.0,0.7679566144943237,0.014547102153301239,0.0,0.09052086621522903,0,0.8166666666666667,0.838034188034188,0.8526785714285715,0.9579104344729344,0.814465811965812
50,0.009848531316399685,0.8463015556335449,0.0,0.0,0.8463015556335449,0.03421718627214432,0.0,0.26097866892814636,0,0.85,0.8679913893028647,0.8898809523809524,0.9660377238502238,0.8498973339956948
51,0.009838321348838096,0.803421139717102,0.0,0.0,0.803421139717102,0.034000031650066376,0.0,0.053354743868112564,0,0.8333333333333334,0.8555555555555556,0.8794642857142857,0.9613140833659702,0.8333333333333334
52,0.009827784105872876,0.7037262916564941,0.0,0.0,0.7037262916564941,0.024648278951644897,0.0,0.06304673105478287,0,0.85,0.8666666666666667,0.8844246031746031,0.9563174094424095,0.8493650793650793
53,0.009816920307710586,0.713614821434021,0.0,0.0,0.713614821434021,0.02892353944480419,0.0,0.12322518229484558,0,0.85,0.8666666666666667,0.8844246031746031,0.9473616006634874,0.8493650793650793
54,0.0098057306968774,0.6763867139816284,0.0,0.0,0.6763867139816284,0.013151248916983604,0.0,0.09449271857738495,0,0.8666666666666667,0.8963831867057674,0.9002976190476191,0.9565145502645502,0.8675464320625611
55,0.009794216038168352,0.6932610273361206,0.0,0.0,0.6932610273361206,0.021230604499578476,0.0,0.052648887038230896,0,0.8666666666666667,0.8963831867057674,0.9002976190476191,0.9498276607651608,0.8675464320625611
56,0.009782377118595071,0.6960488557815552,0.0,0.0,0.6960488557815552,0.016272617504000664,0.0,0.13029535114765167,0,0.8833333333333333,0.907191994996873,0.9052579365079364,0.9613158831908831,0.8828080050031271
57,0.009770214747331984,0.6446250677108765,0.0,0.0,0.6446250677108765,0.03424742445349693,0.0,0.2289518266916275,0,0.8666666666666667,0.8963831867057674,0.9002976190476191,0.963280932030932,0.8675464320625611
58,0.009757729755661011,0.6507681608200073,0.0,0.0,0.6507681608200073,0.016943397000432014,0.0,0.13034269213676453,0,0.85,0.8440270323991254,0.8154761904761904,0.9638628154253155,0.8497326575233551
59,0.009744922996914747,0.6575217247009277,0.0,0.0,0.6575217247009277,0.012794120237231255,0.0,0.41791462898254395,0,0.8666666666666667,0.8963831867057674,0.9002976190476191,0.9731761294261294,0.8675464320625611
60,0.00973179534641814,0.6331521272659302,0.0,0.0,0.6331521272659302,0.02531472221016884,0.0,0.07138798385858536,0,0.8666666666666667,0.8792005420054201,0.8948412698412698,0.9763971560846562,0.8657994579945799
61,0.009718347701428667,0.608936071395874,0.0,0.0,0.608936071395874,0.010081073269248009,0.0,0.07675106823444366,0,0.8666666666666667,0.8775446775446776,0.8893849206349206,0.9723398707773708,0.8647552447552447
62,0.009704580981074998,0.6048475503921509,0.0,0.0,0.6048475503921509,0.012760679237544537,0.0,0.19094689190387726,0,0.9,0.9196969696969698,0.9156746031746031,0.9702349155474156,0.8990151515151514
63,0.009690496126294182,0.5784024000167847,0.0,0.0,0.5784024000167847,0.014418574050068855,0.0,0.047237008810043335,0,0.9,0.9222873900293256,0.9265873015873015,0.9664320054945055,0.9006598240469208
64,0.009676094099767331,0.604656994342804,0.0,0.0,0.604656994342804,0.01990763284265995,0.0,0.0799696296453476,0,0.9,0.9196969696969698,0.9156746031746031,0.963188721001221,0.8990151515151514
65,0.009661375885853831,0.5830492377281189,0.0,0.0,0.5830492377281189,0.009606585837900639,0.0,0.05716325715184212,0,0.8833333333333333,0.907191994996873,0.9052579365079364,0.9557005494505494,0.8828080050031271
66,0.00964634249052405,0.6089551448822021,0.0,0.0,0.6089551448822021,0.04019065201282501,0.0,0.12174621224403381,0,0.8666666666666667,0.8984674329501917,0.9112103174603176,0.9642698158323159,0.868103448275862
67,0.009630994941290591,0.5997214317321777,0.0,0.0,0.5997214317321777,0.033269479870796204,0.0,0.08695490658283234,0,0.8833333333333333,0.9098967820279297,0.9161706349206349,0.9744670838420838,0.8843533697632059
68,0.009615334287138054,0.5814586877822876,0.0,0.0,0.5814586877822876,0.013905194588005543,0.0,0.19517770409584045,0,0.8666666666666667,0.8792005420054201,0.8948412698412698,0.9711761039886039,0.8657994579945799
69,0.00959936159845135,0.6018626689910889,0.0,0.0,0.6018626689910889,0.019604826346039772,0.0,0.03143385425209999,0,0.85,0.8679913893028647,0.8898809523809524,0.9774432743182743,0.8498973339956948
70,0.009583077966942534,0.5811497569084167,0.0,0.0,0.5811497569084167,0.01063691359013319,0.0,0.07473096996545792,0,0.8833333333333333,0.8813222772906341,0.9161706349206349,0.975885225885226,0.8835168064557124
71,0.009566484505576189,0.5628930926322937,0.0,0.0,0.5628930926322937,0.01436027605086565,0.0,0.05437256768345833,0,0.8333333333333334,0.8395833333333332,0.8685515873015873,0.96365031609725,0.8320833333333333
72,0.009549582348493355,0.5773758292198181,0.0,0.0,0.5773758292198181,0.010381261818110943,0.0,0.08160343021154404,0,0.8666666666666667,0.8666666666666667,0.8948412698412698,0.9731188949938949,0.8662499999999999
73,0.009532372650934018,0.6042532324790955,0.0,0.0,0.6042532324790955,0.015318612568080425,0.0,0.07441983371973038,0,0.8666666666666667,0.8792005420054201,0.8948412698412698,0.9729789886039885,0.8657994579945799
74,0.009514856589158148,0.5766108632087708,0.0,0.0,0.5766108632087708,0.011570289731025696,0.0,0.032598428428173065,0,0.8666666666666667,0.8677035330261137,0.9002976190476191,0.9776181573056574,0.8665994623655915
75,0.009497035360365296,0.555577278137207,0.0,0.0,0.555577278137207,0.0058547514490783215,0.0,0.01328892819583416,0,0.8833333333333333,0.8931216931216931,0.9107142857142857,0.9792334401709403,0.882962962962963
76,0.00947891018261278,0.5963450074195862,0.0,0.0,0.5963450074195862,0.032167352735996246,0.0,0.12316517531871796,0,0.9333333333333333,0.931934731934732,0.9419642857142857,0.9864195411070411,0.932975912975913
77,0.00946048229473242,0.5610076189041138,0.0,0.0,0.5610076189041138,0.019277332350611687,0.0,0.06430289894342422,0,0.8833333333333333,0.8758331099794514,0.8735119047619048,0.9875210939479807,0.8832145090681676
78,0.009441752956245879,0.5543361902236938,0.0,0.0,0.5543361902236938,0.012160202488303185,0.0,0.013349487446248531,0,0.9,0.8893849206349206,0.8893849206349206,0.9875210939479807,0.9
79,0.009422723447278559,0.5943154096603394,0.0,0.0,0.5943154096603394,0.026788683608174324,0.0,0.048123374581336975,0,0.8833333333333333,0.8765842254214347,0.878968253968254,0.9871490701384569,0.8833763996554694
80,0.00940339506847212,0.5948725938796997,0.0,0.0,0.5948725938796997,0.036621399223804474,0.0,0.05460236594080925,0,0.9,0.9058773712737128,0.9211309523809524,0.9852539744933613,0.8995392953929539
81,0.009383769140895582,0.5683383345603943,0.0,0.0,0.5683383345603943,0.012293320149183273,0.0,0.03397705778479576,0,0.8833333333333333,0.8735194822151344,0.8625992063492064,0.9678388086406954,0.8819297558427993
82,0.009363847005955023,0.6077146530151367,0.0,0.0,0.6077146530151367,0.022916724905371666,0.0,0.05560295656323433,0,0.8833333333333333,0.8735194822151344,0.8625992063492064,0.9816386661905531,0.8819297558427993
83,0.009343630025301902,0.5874277353286743,0.0,0.0,0.5874277353286743,0.02505098469555378,0.0,0.11165179312229156,0,0.9166666666666666,0.9023496828374876,0.8998015873015873,0.9837881370900239,0.9166979362101313
84,0.00932311958073999,0.5486360192298889,0.0,0.0,0.5486360192298889,0.009812050499022007,0.0,0.04309367761015892,0,0.85,0.851348772660248,0.8581349206349206,0.9676257693651561,0.850200364298725
85,0.009302317074130931,0.5882658958435059,0.0,0.0,0.5882658958435059,0.02552148699760437,0.0,0.11204373091459274,0,0.9,0.8893849206349206,0.8893849206349206,0.9718229610623479,0.9
86,0.009281223927298419,0.5669262409210205,0.0,0.0,0.5669262409210205,0.023622091859579086,0.0,0.05076676607131958,0,0.8833333333333333,0.8748200389991435,0.8680555555555555,0.986509952311839,0.8827401454267125
87,0.009259841581931017,0.5846794843673706,0.0,0.0,0.5846794843673706,0.026768185198307037,0.0,0.03804152458906174,0,0.8833333333333333,0.8748200389991435,0.8680555555555555,0.9831617380261247,0.8827401454267125
88,0.00923817149948363,0.5438023209571838,0.0,0.0,0.5438023209571838,0.02467135339975357,0.0,0.06989923864603043,0,0.9,0.8887445887445887,0.8839285714285715,0.9824176904070772,0.8998484848484849
89,0.00921621516107761,0.552008330821991,0.0,0.0,0.552008330821991,0.008987191133201122,0.0,0.028408657759428024,0,0.9,0.8893849206349206,0.8893849206349206,0.9777085685104553,0.9
90,0.009193974067399517,0.5420359373092651,0.0,0.0,0.5420359373092651,0.01002872921526432,0.0,0.015819070860743523,0,0.9,0.8893849206349206,0.8893849206349206,0.9740455648474516,0.9
91,0.009171449738598562,0.6082243919372559,0.0,0.0,0.6082243919372559,0.015028114430606365,0.0,0.050695497542619705,0,0.9,0.8887445887445887,0.8839285714285715,0.978522569324456,0.8998484848484849
92,0.009148643714182699,0.5744121074676514,0.0,0.0,0.5744121074676514,0.017317309975624084,0.0,0.05739308521151543,0,0.8833333333333333,0.8748200389991435,0.8680555555555555,0.9702331157225025,0.8827401454267125
93,0.009125557552913402,0.5934016704559326,0.0,0.0,0.5934016704559326,0.026602845638990402,0.0,0.09106040745973587,0,0.8833333333333333,0.8748200389991435,0.8680555555555555,0.9708372569516438,0.8827401454267125
94,0.009102192832699127,0.5661712884902954,0.0,0.0,0.5661712884902954,0.017245080322027206,0.0,0.05875828117132187,0,0.8833333333333333,0.8758331099794514,0.8735119047619048,0.970802280354167,0.8832145090681676
95,0.009078551150487465,0.6021602153778076,0.0,0.0,0.6021602153778076,0.0547608807682991,0.0,0.08790513128042221,0,0.8833333333333333,0.8758331099794514,0.8735119047619048,0.970802280354167,0.8832145090681676
96,0.00905463412215599,0.5353362560272217,0.0,0.0,0.5353362560272217,0.011311033740639687,0.0,0.04593212902545929,0,0.8833333333333333,0.8419411506368029,0.7991071428571428,0.974002849002849,0.8790755379885815
97,0.009030443382401818,0.595426619052887,0.0,0.0,0.595426619052887,0.05769997835159302,0.0,0.07278615236282349,0,0.8833333333333333,0.8895331037122082,0.8680555555555555,0.9695035866910867,0.8828042479908151
98,0.009005980584629878,0.553704559803009,0.0,0.0,0.553704559803009,0.01649930514395237,0.0,0.08585762232542038,0,0.8666666666666667,0.861976911976912,0.8576388888888888,0.9671170188564057,0.8661868686868687
99,0.008981247400839902,0.539118230342865,0.0,0.0,0.539118230342865,0.013861419633030891,0.0,0.04335987567901611,0,0.8833333333333333,0.8918803418803418,0.9052579365079364,0.9706623739642607,0.8822863247863248
100,0.00895624552151215,0.555393397808075,0.0,0.0,0.555393397808075,0.03055242821574211,0.0,0.06307484209537506,0,0.8833333333333333,0.8918803418803418,0.9052579365079364,0.9699882795401663,0.8822863247863248
101,0.008930976655491857,0.553641676902771,0.0,0.0,0.553641676902771,0.038534436374902725,0.0,0.02940838783979416,0,0.9166666666666666,0.93238933537441,0.9260912698412698,0.970899470899471,0.9153272101033295
102,0.008905442529872458,0.5379225015640259,0.0,0.0,0.5379225015640259,0.020489966496825218,0.0,0.036845918744802475,0,0.9166666666666666,0.9308003655829743,0.9206349206349206,0.9626449938949939,0.9140553597075337
103,0.008879644889877513,0.5973418951034546,0.0,0.0,0.5973418951034546,0.033670201897621155,0.0,0.05832173302769661,0,0.9,0.9158730158730158,0.9047619047619048,0.972317612942613,0.8959523809523808
104,0.008853585498741453,0.5855270028114319,0.0,0.0,0.5855270028114319,0.026197217404842377,0.0,0.11116337031126022,0,0.9166666666666666,0.9308003655829743,0.9206349206349206,0.9830713268213268,0.9140553597075337
105,0.008827266137589043,0.5798715949058533,0.0,0.0,0.5798715949058533,0.03929649665951729,0.0,0.07653617113828659,0,0.8833333333333333,0.903120511816164,0.8943452380952381,0.9783272283272284,0.8796775035905472
106,0.008800688605313658,0.5631029605865479,0.0,0.0,0.5631029605865479,0.020001985132694244,0.0,0.04463411122560501,0,0.8833333333333333,0.9004694835680751,0.8888888888888888,0.9792811355311356,0.8774178403755869
107,0.008773854718454323,0.5542529821395874,0.0,0.0,0.5542529821395874,0.012264354154467583,0.0,0.04731173440814018,0,0.8666666666666667,0.8706552706552707,0.8412698412698413,0.9788741351241351,0.8617663817663818
108,0.008746766311071562,0.5804373025894165,0.0,0.0,0.5804373025894165,0.021950503811240196,0.0,0.13108505308628082,0,0.8666666666666667,0.853717627401838,0.8149801587301587,0.9810363247863249,0.8643400167084377
109,0.008719425234622036,0.5495448708534241,0.0,0.0,0.5495448708534241,0.01571132428944111,0.0,0.06898049265146255,0,0.8666666666666667,0.8552287581699346,0.8204365079365079,0.9791062525437525,0.8653104575163398
110,0.008691833357832001,0.5807794332504272,0.0,0.0,0.5807794332504272,0.01831824705004692,0.0,0.08396217972040176,0,0.8666666666666667,0.8552287581699346,0.8204365079365079,0.9826643264143264,0.8653104575163398
111,0.008663992566569587,0.5897383689880371,0.0,0.0,0.5897383689880371,0.017875393852591515,0.0,0.12228120863437653,0,0.8666666666666667,0.8552287581699346,0.8204365079365079,0.9846293752543752,0.8653104575163398
112,0.00863590476371589,0.5537281036376953,0.0,0.0,0.5537281036376953,0.013013355433940887,0.0,0.11466348171234131,0,0.9,0.9034055375518791,0.8839285714285715,0.9845943986568987,0.8998578657115242
113,0.008607571869034929,0.5506557822227478,0.0,0.0,0.5506557822227478,0.013998208567500114,0.0,0.003894868539646268,0,0.8833333333333333,0.8908424908424908,0.8735119047619048,0.970826338013838,0.8835897435897436
114,0.008578995819042416,0.5636374950408936,0.0,0.0,0.5636374950408936,0.0329672209918499,0.0,0.21219505369663239,0,0.8666666666666667,0.8552287581699346,0.8204365079365079,0.9700822903947904,0.8653104575163398
115,0.00855017856687341,0.5367815494537354,0.0,0.0,0.5367815494537354,0.010694297961890697,0.0,0.030739950016140938,0,0.8666666666666667,0.8564213564213564,0.8258928571428571,0.96587237993488,0.8659090909090909
116,0.00852112208214882,0.5884706974029541,0.0,0.0,0.5884706974029541,0.04296255111694336,0.0,0.0460951067507267,0,0.9,0.9222873900293256,0.9265873015873015,0.9614430708180709,0.9006598240469208
117,0.008491828350840775,0.5981374979019165,0.0,0.0,0.5981374979019165,0.023882249370217323,0.0,0.13742230832576752,0,0.85,0.8440270323991254,0.8154761904761904,0.9613095238095237,0.8497326575233551
118,0.0084622993751369,0.5521345138549805,0.0,0.0,0.5521345138549805,0.011084145866334438,0.0,0.10217344760894775,0,0.85,0.8440270323991254,0.8154761904761904,0.9617860574523309,0.8497326575233551
119,0.008432537173303462,0.5468554496765137,0.0,0.0,0.5468554496765137,0.022997885942459106,0.0,0.06812995672225952,0,0.8666666666666667,0.8753142282554047,0.8521825396825397,0.9773588025356893,0.8654600301659126
120,0.00840254377954742,0.5518616437911987,0.0,0.0,0.5518616437911987,0.011035328730940819,0.0,0.02496696449816227,0,0.8833333333333333,0.8879109702908329,0.8625992063492064,0.9676861834880702,0.8816562029376674
121,0.008372321243877393,0.5425774455070496,0.0,0.0,0.5425774455070496,0.008046512492001057,0.0,0.008362670429050922,0,0.8833333333333333,0.8879109702908329,0.8625992063492064,0.9643729457998326,0.8816562029376674
122,0.00834187163196355,0.63677978515625,0.0,0.0,0.63677978515625,0.08600961416959763,0.0,0.11831308901309967,0,0.8666666666666667,0.8753142282554047,0.8521825396825397,0.967616230293117,0.8654600301659126
123,0.008311197024996417,0.5390050411224365,0.0,0.0,0.5390050411224365,0.031219057738780975,0.0,0.003495617303997278,0,0.85,0.8493165371214152,0.8472222222222222,0.9755686366830235,0.849731081926204
124,0.008280299519544634,0.5636577010154724,0.0,0.0,0.5636577010154724,0.03470104560256004,0.0,0.02443077601492405,0,0.8666666666666667,0.861976911976912,0.8576388888888888,0.9786497569516438,0.8661868686868687
125,0.008249181227411657,0.577986478805542,0.0,0.0,0.577986478805542,0.040150050073862076,0.0,0.08794745802879333,0,0.85,0.8477757731489074,0.841765873015873,0.9656861580505449,0.8488710294680444
126,0.008217844275491416,0.6116369962692261,0.0,0.0,0.6116369962692261,0.05340147018432617,0.0,0.025103555992245674,0,0.85,0.8629161882893226,0.841765873015873,0.9709439865689866,0.8493838499808649
127,0.008186290805622951,0.5522035956382751,0.0,0.0,0.5522035956382751,0.01610417664051056,0.0,0.011919936165213585,0,0.8833333333333333,0.8908424908424908,0.8735119047619048,0.9677706552706553,0.8835897435897436
128,0.008154522974444009,0.5575462579727173,0.0,0.0,0.5575462579727173,0.012559277936816216,0.0,0.006405595224350691,0,0.8666666666666667,0.877044364849243,0.8576388888888888,0.9723048941798943,0.8666230788182008
129,0.008122542953243656,0.5692909955978394,0.0,0.0,0.5692909955978394,0.02413703128695488,0.0,0.055016037076711655,0,0.8833333333333333,0.8918673918673918,0.878968253968254,0.9711983618233617,0.8840391090391091
130,0.008090352927813856,0.58409583568573,0.0,0.0,0.58409583568573,0.018264975398778915,0.0,0.026185082271695137,0,0.8833333333333333,0.8908424908424908,0.8735119047619048,0.972327152014652,0.8835897435897436
131,0.008057955098300092,0.5861706137657166,0.0,0.0,0.5861706137657166,0.021003516390919685,0.0,0.0580596998333931,0,0.8333333333333334,0.8352092352092352,0.8313492063492064,0.9706973505617373,0.8325252525252526
132,0.008025351679050973,0.571505606174469,0.0,0.0,0.571505606174469,0.019328173249959946,0.0,0.006300188601016998,0,0.8666666666666667,0.861976911976912,0.8576388888888888,0.9651519700163568,0.8661868686868687
133,0.0079925448984669,0.557801365852356,0.0,0.0,0.557801365852356,0.026645537465810776,0.0,0.005676975008100271,0,0.8666666666666667,0.861976911976912,0.8576388888888888,0.9683030434799301,0.8661868686868687
134,0.007959536998847744,0.531633734703064,0.0,0.0,0.531633734703064,0.016505878418684006,0.0,0.004163794219493866,0,0.8666666666666667,0.8784287418008349,0.8630952380952381,0.9804671601546602,0.8673822301729278
135,0.007926330236239594,0.5289252400398254,0.0,0.0,0.5289252400398254,0.007681544404476881,0.0,0.021174032241106033,0,0.8666666666666667,0.8573232323232324,0.8313492063492064,0.9781650641025642,0.8661616161616161
136,0.00789292688028057,0.5324454307556152,0.0,0.0,0.5324454307556152,0.03179589658975601,0.0,0.008786652237176895,0,0.85,0.83000333000333,0.8209325396825397,0.9798212629875366,0.8491591741591741
137,0.00785932921404568,0.5598734617233276,0.0,0.0,0.5598734617233276,0.022303810343146324,0.0,0.01711963675916195,0,0.85,0.8293040293040294,0.8154761904761904,0.9855415265203001,0.8492307692307693
138,0.007825539533890782,0.5366930961608887,0.0,0.0,0.5366930961608887,0.0073414393700659275,0.0,0.0035776812583208084,0,0.9,0.9034055375518791,0.8839285714285715,0.9880475427350427,0.8998578657115242
139,0.007791560149295626,0.5274658799171448,0.0,0.0,0.5274658799171448,0.014692790806293488,0.0,0.005189231596887112,0,0.9,0.9034055375518791,0.8839285714285715,0.9899076617826618,0.8998578657115242
140,0.007757393382706014,0.5300626754760742,0.0,0.0,0.5300626754760742,0.014323531650006771,0.0,0.005129882134497166,0,0.9,0.9034055375518791,0.8839285714285715,0.9910936864061864,0.8998578657115242
141,0.00772304156937506,0.55475914478302,0.0,0.0,0.55475914478302,0.040694184601306915,0.0,0.014674277976155281,0,0.9166666666666666,0.9169719169719169,0.8998015873015873,0.9899426383801385,0.9166666666666666
142,0.00768850705720357,0.5522523522377014,0.0,0.0,0.5522523522377014,0.013536053709685802,0.0,0.019990507513284683,0,0.9166666666666666,0.9169719169719169,0.8998015873015873,0.9930237586487586,0.9166666666666666
143,0.00765379220657958,0.5944152474403381,0.0,0.0,0.5944152474403381,0.032285261899232864,0.0,0.019272977486252785,0,0.9333333333333333,0.9297667102545152,0.910218253968254,0.9934307590557591,0.9330926526048479
144,0.007618899390217016,0.5490991473197937,0.0,0.0,0.5490991473197937,0.01691892184317112,0.0,0.012371241115033627,0,0.95,0.9594336012246459,0.9523809523809524,0.9976629273504273,0.9491963260619978
145,0.007583830992993526,0.5676077604293823,0.0,0.0,0.5676077604293823,0.020078640431165695,0.0,0.018306832760572433,0,0.95,0.9594336012246459,0.9523809523809524,0.9968839031339032,0.9491963260619978
146,0.007548589411787477,0.5430997610092163,0.0,0.0,0.5430997610092163,0.012511574663221836,0.0,0.006688217632472515,0,0.9666666666666667,0.9732323232323233,0.9682539682539683,0.9953258547008547,0.9663383838383839
147,0.007513177055314133,0.529033362865448,0.0,0.0,0.529033362865448,0.0903000608086586,0.0,0.06400080025196075,0,0.95,0.9602251407129456,0.9578373015873015,0.9945468304843305,0.9497748592870544
148,0.0074775963439610155,0.5412545800209045,0.0,0.0,0.5412545800209045,0.012552142143249512,0.0,0.0071315038949251175,0,0.9166666666666666,0.9169719169719169,0.8998015873015873,0.9938027828652829,0.9166666666666666
149,0.007441849709622487,0.5429013967514038,0.0,0.0,0.5429013967514038,0.07664502412080765,0.0,0.027800610288977623,0,0.9333333333333333,0.9474206349206349,0.9474206349206349,0.9949188542938542,0.9333333333333333
150,0.007405939595533515,0.5415865182876587,0.0,0.0,0.5415865182876587,0.015294787473976612,0.0,0.0048972079530358315,0,0.95,0.9608711701734958,0.9632936507936508,0.9949188542938542,0.9501845699520117
151,0.007369868456102699,0.5342780947685242,0.0,0.0,0.5342780947685242,0.0060354662127792835,0.0,0.01361909881234169,0,0.95,0.9608711701734958,0.9632936507936508,0.9937678062678064,0.9501845699520117
152,0.0073336387567445056,0.5359150171279907,0.0,0.0,0.5359150171279907,0.036311905831098557,0.0,0.0237090103328228,0,0.95,0.9608711701734958,0.9632936507936508,0.9828487484737485,0.9501845699520117
153,0.007297252973710758,0.5349723100662231,0.0,0.0,0.5349723100662231,0.01737012155354023,0.0,0.013065262697637081,0,0.9333333333333333,0.9481915933528837,0.9528769841269842,0.9788486975986975,0.9337732160312805
154,0.007260713593921394,0.5439561605453491,0.0,0.0,0.5439561605453491,0.068001389503479,0.0,0.0386073961853981,0,0.9,0.9211309523809524,0.9211309523809524,0.9773606023606023,0.9
155,0.007224023114794484,0.5623016357421875,0.0,0.0,0.5623016357421875,0.02713799849152565,0.0,0.027918457984924316,0,0.8833333333333333,0.8908424908424908,0.8735119047619048,0.9750585063085063,0.8835897435897436
156,0.00718718404407554,0.5789520144462585,0.0,0.0,0.5789520144462585,0.04434887319803238,0.0,0.0760013610124588,0,0.8666666666666667,0.8564213564213564,0.8258928571428571,0.9807914886039887,0.8659090909090909
157,0.0071501988996661115,0.5408464670181274,0.0,0.0,0.5408464670181274,0.02472343109548092,0.0,0.020514294505119324,0,0.8833333333333333,0.907191994996873,0.9052579365079364,0.9875705891330891,0.8828080050031271
158,0.007113070209451689,0.5475262403488159,0.0,0.0,0.5475262403488159,0.024585580453276634,0.0,0.010748506523668766,0,0.8666666666666667,0.877044364849243,0.8576388888888888,0.9876055657305658,0.8666230788182008
159,0.007075800511128927,0.5762096643447876,0.0,0.0,0.5762096643447876,0.01568613573908806,0.0,0.017726697027683258,0,0.85,0.828300803673938,0.8100198412698413,0.985913550329824,0.8489351320321468
160,0.0070383923520322,0.5916482210159302,0.0,0.0,0.5916482210159302,0.0607604905962944,0.0,0.06850448995828629,0,0.9166666666666666,0.9178144365889849,0.9260912698412698,0.9859280689174557,0.9155791219341887
161,0.007000848288959491,0.6080126762390137,0.0,0.0,0.6080126762390137,0.07346832752227783,0.0,0.0744285061955452,0,0.8666666666666667,0.8666666666666667,0.8948412698412698,0.9837454212454212,0.8662499999999999
162,0.006963170887997639,0.6724658012390137,0.0,0.0,0.6724658012390137,0.3071523606777191,0.0,0.09726965427398682,0,0.9,0.9058773712737128,0.9211309523809524,0.983408374033374,0.8995392953929539
163,0.006925362724346952,0.5677680373191833,0.0,0.0,0.5677680373191833,0.020196884870529175,0.0,0.03622206300497055,0,0.9,0.9211309523809524,0.9211309523809524,0.9784671347171349,0.9
164,0.006887426382145193,0.6203221082687378,0.0,0.0,0.6203221082687378,0.04147672280669212,0.0,0.06058890372514725,0,0.9166666666666666,0.9337085678549094,0.9315476190476191,0.9807342541717542,0.9162914321450907
165,0.006849364454290958,0.7081149816513062,0.0,0.0,0.7081149816513062,0.10056477040052414,0.0,0.2608817517757416,0,0.9,0.9196969696969698,0.9156746031746031,0.9810013481888481,0.8990151515151514
166,0.006811179542266458,0.6496241688728333,0.0,0.0,0.6496241688728333,0.0495818629860878,0.0,0.19588615000247955,0,0.9,0.9211309523809524,0.9211309523809524,0.98252442002442,0.9
167,0.006772874255959703,0.5560010075569153,0.0,0.0,0.5560010075569153,0.011885668151080608,0.0,0.08390501141548157,0,0.9,0.9211309523809524,0.9211309523809524,0.9817453958078959,0.9
168,0.006734451213486133,0.5777417421340942,0.0,0.0,0.5777417421340942,0.030192801728844643,0.0,0.10711882263422012,0,0.9166666666666666,0.9337085678549094,0.9315476190476191,0.9791762057387058,0.9162914321450907
169,0.006695913041009662,0.5874252915382385,0.0,0.0,0.5874252915382385,0.041115760803222656,0.0,0.02172018028795719,0,0.9,0.9211309523809524,0.9211309523809524,0.9833733974358975,0.9
170,0.006657262372563185,0.5480758547782898,0.0,0.0,0.5480758547782898,0.020152105018496513,0.0,0.06015973910689354,0,0.9,0.9211309523809524,0.9211309523809524,0.9799202533577533,0.9
171,0.006618501849868548,0.5960466265678406,0.0,0.0,0.5960466265678406,0.029833674430847168,0.0,0.04497646912932396,0,0.9166666666666666,0.93238933537441,0.9260912698412698,0.9833733974358975,0.9153272101033295
172,0.006579634122155991,0.544090986251831,0.0,0.0,0.544090986251831,0.03970867022871971,0.0,0.09869131445884705,0,0.9333333333333333,0.9464646464646465,0.9419642857142857,0.9779774623524625,0.9326767676767678
173,0.006540661845983073,0.5322388410568237,0.0,0.0,0.5322388410568237,0.007776474580168724,0.0,0.020144589245319366,0,0.9166666666666666,0.9337085678549094,0.9315476190476191,0.975780296092796,0.9162914321450907
174,0.0065015876850531016,0.5542081594467163,0.0,0.0,0.5542081594467163,0.01215098425745964,0.0,0.012647314928472042,0,0.9,0.9222873900293256,0.9265873015873015,0.9733033170533171,0.9006598240469208
175,0.006462414310033072,0.5372468829154968,0.0,0.0,0.5372468829154968,0.019176777452230453,0.0,0.025811318308115005,0,0.8833333333333333,0.8918673918673918,0.878968253968254,0.9655703093203093,0.8840391090391091
176,0.0064231443983711325,0.5464531183242798,0.0,0.0,0.5464531183242798,0.047265976667404175,0.0,0.09470680356025696,0,0.8833333333333333,0.8918673918673918,0.878968253968254,0.9692333129833131,0.8840391090391091
177,0.006383780634113578,0.5273969173431396,0.0,0.0,0.5273969173431396,0.00997690949589014,0.0,0.1417907327413559,0,0.8666666666666667,0.877044364849243,0.8576388888888888,0.9697802197802198,0.8666230788182008
178,0.006344325707721409,0.5437250137329102,0.0,0.0,0.5437250137329102,0.02362508699297905,0.0,0.0654812827706337,0,0.8833333333333333,0.8895331037122082,0.8680555555555555,0.9703621031746031,0.8828042479908151
179,0.006304782315886434,0.5400114059448242,0.0,0.0,0.5400114059448242,0.010728903114795685,0.0,0.010138465091586113,0,0.8666666666666667,0.861976911976912,0.8576388888888888,0.972859540223927,0.8661868686868687
180,0.0062651531613469565,0.5215040445327759,0.0,0.0,0.5215040445327759,0.012840785086154938,0.0,0.07137174904346466,0,0.8666666666666667,0.861976911976912,0.8576388888888888,0.9737434942328811,0.8661868686868687
181,0.00622544095270305,0.5367999076843262,0.0,0.0,0.5367999076843262,0.01770758628845215,0.0,0.18357105553150177,0,0.8666666666666667,0.861976911976912,0.8576388888888888,0.9763126843020711,0.8661868686868687
182,0.006185648404231421,0.5370146036148071,0.0,0.0,0.5370146036148071,0.034607816487550735,0.0,0.049854639917612076,0,0.8833333333333333,0.8895331037122082,0.8680555555555555,0.9770217553236421,0.8828042479908151
183,0.0061457782356999025,0.5427980422973633,0.0,0.0,0.5427980422973633,0.0074843293987214565,0.0,0.08596059679985046,0,0.8833333333333333,0.8895331037122082,0.8680555555555555,0.9754637068905936,0.8828042479908151
184,0.006105833172181549,0.5183441638946533,0.0,0.0,0.5183441638946533,0.006711443420499563,0.0,0.040402401238679886,0,0.8833333333333333,0.8895331037122082,0.8680555555555555,0.978986804163691,0.8828042479908151
185,0.006065815943868391,0.5250195264816284,0.0,0.0,0.5250195264816284,0.08412645757198334,0.0,0.06520234793424606,0,0.8833333333333333,0.8895331037122082,0.8680555555555555,0.974277682267069,0.8828042479908151
186,0.006025729285884828,0.5205926895141602,0.0,0.0,0.5205926895141602,0.00603127758949995,0.0,0.08410417288541794,0,0.8833333333333333,0.8895331037122082,0.8680555555555555,0.9713237496256365,0.8828042479908151
187,0.005985575938100685,0.5186382532119751,0.0,0.0,0.5186382532119751,0.011526551097631454,0.0,0.14623795449733734,0,0.9,0.9022121669180493,0.8784722222222222,0.9793588279732148,0.8990950226244344
188,0.005945358644943944,0.5196280479431152,0.0,0.0,0.5196280479431152,0.02088093012571335,0.0,0.046755965799093246,0,0.9166666666666666,0.915116665688748,0.8888888888888888,0.9734636814530683,0.9155361927673141
189,0.005905080155213171,0.5186521410942078,0.0,0.0,0.5186521410942078,0.06643234938383102,0.0,0.1181693896651268,0,0.9,0.9022121669180493,0.8784722222222222,0.9730566810460678,0.8990950226244344
190,0.005864743221889634,0.5344131588935852,0.0,0.0,0.5344131588935852,0.04241915047168732,0.0,0.028042534366250038,0,0.9,0.9022121669180493,0.8784722222222222,0.9715336092104959,0.8990950226244344
191,0.005824350601949144,0.5134714841842651,0.0,0.0,0.5134714841842651,0.0020475538913160563,0.0,0.0018974944250658154,0,0.9,0.9022121669180493,0.8784722222222222,0.9824749248393116,0.8990950226244344
192,0.0057839050561736185,0.5167562961578369,0.0,0.0,0.5167562961578369,0.0059929536655545235,0.0,0.0013577332720160484,0,0.9,0.8887445887445887,0.8839285714285715,0.9878581411600279,0.8998484848484849
193,0.005743409348962387,0.5402333736419678,0.0,0.0,0.5402333736419678,0.015093422494828701,0.0,0.030426880344748497,0,0.9,0.8887445887445887,0.8839285714285715,0.9886721419740288,0.8998484848484849
194,0.005702866248143243,0.5500537753105164,0.0,0.0,0.5500537753105164,0.014355204068124294,0.0,0.04358983412384987,0,0.9,0.8887445887445887,0.8839285714285715,0.9840679498698366,0.8998484848484849
195,0.005662278524783272,0.5557980537414551,0.0,0.0,0.5557980537414551,0.044667258858680725,0.0,0.20288744568824768,0,0.9166666666666666,0.9161500191350939,0.8943452380952381,0.9851840212984081,0.9162246460007655
196,0.005621648952999453,0.5288581848144531,0.0,0.0,0.5288581848144531,0.006582312285900116,0.0,0.06351228803396225,0,0.9166666666666666,0.9161500191350939,0.8943452380952381,0.9917882388401256,0.9162246460007655
197,0.005580980309769044,0.5179545283317566,0.0,0.0,0.5179545283317566,0.0021151751279830933,0.0,0.00399206206202507,0,0.9166666666666666,0.9161500191350939,0.8943452380952381,0.9929742634636503,0.9162246460007655
198,0.005540275374739791,0.5281363129615784,0.0,0.0,0.5281363129615784,0.02736309915781021,0.0,0.1344338208436966,0,0.9166666666666666,0.9161500191350939,0.8943452380952381,0.9925672630566499,0.9162246460007655
199,0.0054995369300399315,0.5159828066825867,0.0,0.0,0.5159828066825867,0.020362287759780884,0.0,0.03347150608897209,0,0.9166666666666666,0.9161500191350939,0.8943452380952381,0.9917882388401256,0.9162246460007655
200,0.005458767760088046,0.5148001313209534,0.0,0.0,0.5148001313209534,0.007900233380496502,0.0,0.002480569761246443,0,0.9,0.9034055375518791,0.8839285714285715,0.9914162150306018,0.8998578657115242
201,0.0054179706514027445,0.5299053192138672,0.0,0.0,0.5299053192138672,0.05573990195989609,0.0,0.06324728578329086,0,0.9,0.9043492844364938,0.8893849206349206,0.9833874960643828,0.9003279666070364
202,0.005377148392412213,0.52044278383255,0.0,0.0,0.52044278383255,0.015384356491267681,0.0,0.017929840832948685,0,0.95,0.9427669345579793,0.9206349206349206,0.9937532876801743,0.9496450440107156
203,0.005336303773263628,0.5233825445175171,0.0,0.0,0.5233825445175171,0.00784205924719572,0.0,0.0802544355392456,0,0.9166666666666666,0.915116665688748,0.8888888888888888,0.9915211448230316,0.9155361927673141
204,0.005295439585632452,0.518912672996521,0.0,0.0,0.518912672996521,0.011516167782247066,0.0,0.02547185868024826,0,0.9,0.9007425007425008,0.873015873015873,0.9883205761743498,0.898014058014058
205,0.005254558622531626,0.54612135887146,0.0,0.0,0.54612135887146,0.02260509692132473,0.0,0.01811571978032589,0,0.8833333333333333,0.8879109702908329,0.8625992063492064,0.9856754934879935,0.8816562029376674
206,0.005213663678120677,0.550011396408081,0.0,0.0,0.550011396408081,0.04101898521184921,0.0,0.034458477050065994,0,0.8833333333333333,0.8918803418803418,0.9052579365079364,0.982791514041514,0.8822863247863248
207,0.005172757547514729,0.518373429775238,0.0,0.0,0.518373429775238,0.007727643009275198,0.0,0.053065259009599686,0,0.9,0.9067600233391682,0.9265873015873015,0.9866516585266586,0.8999116445778111
208,0.0051318430265934745,0.5350039005279541,0.0,0.0,0.5350039005279541,0.011542246676981449,0.0,0.03527025133371353,0,0.9166666666666666,0.9347852836224929,0.9370039682539683,0.987837683150183,0.916974283253353
209,0.005090922911810069,0.5307420492172241,0.0,0.0,0.5307420492172241,0.08258245140314102,0.0,0.038787346333265305,0,0.9333333333333333,0.9474206349206349,0.9474206349206349,0.9910936864061863,0.9333333333333333
210,0.005050000000000001,0.5362811088562012,0.0,0.0,0.5362811088562012,0.02191068045794964,0.0,0.026008151471614838,0,0.9333333333333333,0.9464646464646465,0.9419642857142857,0.9918727106227107,0.9326767676767678
211,0.005009077088189933,0.514071524143219,0.0,0.0,0.514071524143219,0.010368045419454575,0.0,0.0030330156441777945,0,0.9333333333333333,0.9453044375644994,0.9365079365079364,0.9934307590557591,0.9317853457172343
212,0.004968156973406526,0.5156771540641785,0.0,0.0,0.5156771540641785,0.0063474238850176334,0.0,0.0022613699547946453,0,0.9166666666666666,0.9308003655829743,0.9206349206349206,0.992988782051282,0.9140553597075337
213,0.0049272424524852716,0.5269065499305725,0.0,0.0,0.5269065499305725,0.005546132568269968,0.0,0.008737480267882347,0,0.9333333333333333,0.9453044375644994,0.9365079365079364,0.9938027828652829,0.9317853457172343
214,0.004886336321879326,0.5197745561599731,0.0,0.0,0.5197745561599731,0.007640763185918331,0.0,0.02309122122824192,0,0.9333333333333333,0.9291101055806937,0.9047619047619048,0.9941748066748067,0.9327300150829563
215,0.004845441377468376,0.5503135323524475,0.0,0.0,0.5503135323524475,0.06211399286985397,0.0,0.08850698173046112,0,0.9166666666666666,0.8946488294314382,0.8571428571428571,0.9924478146765883,0.9149851356373095
216,0.004804560414367551,0.5127828121185303,0.0,0.0,0.5127828121185303,0.0012569468235597014,0.0,0.003756480058655143,0,0.9166666666666666,0.8946488294314382,0.8571428571428571,0.9883205761743499,0.9149851356373095
217,0.004763696226736375,0.5221973061561584,0.0,0.0,0.5221973061561584,0.0026004333049058914,0.0,0.01163084153085947,0,0.9166666666666666,0.8951785786514582,0.8625992063492064,0.9852394559057296,0.915144804433119
218,0.0047228516075877875,0.5489566326141357,0.0,0.0,0.5489566326141357,0.01668272539973259,0.0,0.010834088549017906,0,0.9,0.8823953823953824,0.8521825396825397,0.9821933122345858,0.8987373737373737
219,0.004682029348597257,0.5131603479385376,0.0,0.0,0.5131603479385376,0.00943793635815382,0.0,0.0834430679678917,0,0.9,0.8823953823953824,0.8521825396825397,0.9829023832561569,0.8987373737373737
220,0.004641232239911956,0.5250306725502014,0.0,0.0,0.5250306725502014,0.026419706642627716,0.0,0.029317596927285194,0,0.8833333333333333,0.8689681672936133,0.8363095238095237,0.9832394304682041,0.8821512356914615
221,0.00460046306996007,0.5458067655563354,0.0,0.0,0.5458067655563354,0.0490947850048542,0.0,0.031349923461675644,0,0.8833333333333333,0.8689681672936133,0.8363095238095237,0.9828324300612037,0.8821512356914615
222,0.00455972462526021,0.5250771045684814,0.0,0.0,0.5250771045684814,0.017612233757972717,0.0,0.0256434865295887,0,0.9,0.8816993464052287,0.8467261904761904,0.9808673812211547,0.8984967320261438
223,0.0045190196902309574,0.5108456611633301,0.0,0.0,0.5108456611633301,0.002608206355944276,0.0,0.0010980466613546014,0,0.9,0.8816993464052287,0.8467261904761904,0.981646405437679,0.8984967320261438
224,0.00447835104700055,0.5114110112190247,0.0,0.0,0.5114110112190247,0.0019930507987737656,0.0,0.0017730541294440627,0,0.9166666666666666,0.9161500191350939,0.8943452380952381,0.9829169018437885,0.9162246460007655
225,0.004437721475216731,0.5259903073310852,0.0,0.0,0.5259903073310852,0.004014121368527412,0.0,0.0014544884907081723,0,0.9,0.9034055375518791,0.8839285714285715,0.9829169018437885,0.8998578657115242
226,0.00439713375185676,0.5563966631889343,0.0,0.0,0.5563966631889343,0.007361650001257658,0.0,0.01788194850087166,0,0.9,0.9034055375518791,0.8839285714285715,0.9824749248393116,0.8998578657115242
227,0.004356590651037616,0.5143481492996216,0.0,0.0,0.5143481492996216,0.00479165418073535,0.0,0.0033861517440527678,0,0.9166666666666666,0.9337085678549094,0.9315476190476191,0.9844544922669923,0.9162914321450907
228,0.004316094943826382,0.5395740270614624,0.0,0.0,0.5395740270614624,0.022318974137306213,0.0,0.0027395409997552633,0,0.9,0.9211309523809524,0.9211309523809524,0.9847915394790395,0.9
229,0.0042756493980508565,0.5128698348999023,0.0,0.0,0.5128698348999023,0.0031058781314641237,0.0,0.002853573765605688,0,0.8833333333333333,0.8931216931216931,0.9107142857142857,0.9833034442409443,0.882962962962963
230,0.0042352567781103675,0.5150903463363647,0.0,0.0,0.5150903463363647,0.013158914633095264,0.0,0.004156794399023056,0,0.8666666666666667,0.8630952380952381,0.8630952380952381,0.9808469232113101,0.8666666666666667
231,0.004194919844786831,0.5191078186035156,0.0,0.0,0.5191078186035156,0.00433057826012373,0.0,0.003666080767288804,0,0.8666666666666667,0.8630952380952381,0.8630952380952381,0.9779979203623071,0.8666666666666667
232,0.004154641355056057,0.51971036195755,0.0,0.0,0.51971036195755,0.008012653328478336,0.0,0.02314637415111065,0,0.8666666666666667,0.8639156542382348,0.8685515873015873,0.9759629183273052,0.8667888563049854
233,0.004114424061899316,0.5234023332595825,0.0,0.0,0.5234023332595825,0.010825595818459988,0.0,0.011968336999416351,0,0.8666666666666667,0.8639156542382348,0.8685515873015873,0.9726369618763487,0.8667888563049854
234,0.004074270714115174,0.5329982042312622,0.0,0.0,0.5329982042312622,0.021915415301918983,0.0,0.016832487657666206,0,0.8666666666666667,0.8639156542382348,0.8685515873015873,0.9661949085592955,0.8667888563049854
235,0.004034184056131611,0.547461986541748,0.0,0.0,0.547461986541748,0.0059424214996397495,0.0,0.011571675539016724,0,0.8666666666666667,0.8639156542382348,0.8685515873015873,0.9657179549573418,0.8667888563049854
236,0.003994166827818454,0.5217820405960083,0.0,0.0,0.5217820405960083,0.040461666882038116,0.0,0.05151722580194473,0,0.8666666666666667,0.8644582470669427,0.8740079365079364,0.9674159097802967,0.8665700483091787
237,0.003954221764300101,0.518468976020813,0.0,0.0,0.518468976020813,0.027345802634954453,0.0,0.009334743022918701,0,0.8666666666666667,0.8644582470669427,0.8740079365079364,0.9673809331828199,0.8665700483091787
238,0.003914351595768582,0.5297650098800659,0.0,0.0,0.5297650098800659,0.03842228278517723,0.0,0.020816054195165634,0,0.8833333333333333,0.8770925492236968,0.8844246031746031,0.9668690029833898,0.8832422586520946
239,0.0038745590472969507,0.5340043306350708,0.0,0.0,0.5340043306350708,0.014571808278560638,0.0,0.027602368965744972,0,0.8833333333333333,0.8940718662030137,0.9161706349206349,0.9680695461945462,0.8832927637025999
240,0.0038348468386530444,0.5318766236305237,0.0,0.0,0.5318766236305237,0.017309444025158882,0.0,0.01030081044882536,0,0.9,0.9067600233391682,0.9265873015873015,0.9775577431827432,0.8999116445778111
241,0.0037952176841135675,0.5105375051498413,0.0,0.0,0.5105375051498413,0.00187211437150836,0.0,0.0020099105313420296,0,0.9166666666666666,0.9195767195767196,0.9370039682539683,0.9938027828652829,0.9165608465608465
242,0.0037556742922785925,0.5170598030090332,0.0,0.0,0.5170598030090332,0.02331717126071453,0.0,0.017705103382468224,0,0.9333333333333333,0.9325542005420054,0.9474206349206349,0.9942097832722833,0.933279132791328
243,0.003716219365886423,0.5139926075935364,0.0,0.0,0.5139926075935364,0.007895121350884438,0.0,0.016562839969992638,0,0.9333333333333333,0.9325542005420054,0.9474206349206349,0.9942097832722833,0.933279132791328
244,0.0036768556016288706,0.5418599843978882,0.0,0.0,0.5418599843978882,0.08229988813400269,0.0,0.05421146750450134,0,0.9333333333333333,0.9325542005420054,0.9474206349206349,0.9942097832722833,0.933279132791328
245,0.00363758568996693,0.5298476219177246,0.0,0.0,0.5298476219177246,0.008161955513060093,0.0,0.009085213765501976,0,0.9333333333333333,0.9325542005420054,0.9474206349206349,0.9942097832722833,0.933279132791328
246,0.0035984123149469,0.5478461980819702,0.0,0.0,0.5478461980819702,0.029848318547010422,0.0,0.014020578004419804,0,0.9166666666666666,0.9195767195767196,0.9370039682539683,0.9942097832722833,0.9165608465608465
247,0.003559338154016929,0.5254327058792114,0.0,0.0,0.5254327058792114,0.006570565514266491,0.0,0.0013143006945028901,0,0.9166666666666666,0.9201523431031627,0.9424603174603176,0.9953258547008547,0.9166881934095049
248,0.003520365877844012,0.5353429913520813,0.0,0.0,0.5353429913520813,0.0076758237555623055,0.0,0.006997981108725071,0,0.9,0.8898198575617929,0.8948412698412698,0.9921602626496494,0.8999022482893451
249,0.0034814981501314545,0.5433064699172974,0.0,0.0,0.5433064699172974,0.03414250910282135,0.0,0.02717711590230465,0,0.9166666666666666,0.9176009176009176,0.9052579365079364,0.9906022142166009,0.9168794168794169
250,0.0034427376274368173,0.5177910923957825,0.0,0.0,0.5177910923957825,0.01221628300845623,0.0,0.002054681768640876,0,0.9166666666666666,0.9169719169719169,0.8998015873015873,0.9898581665975534,0.9166666666666666
251,0.003404086958990339,0.5180566310882568,0.0,0.0,0.5180566310882568,0.004337338265031576,0.0,0.00246112747117877,0,0.9166666666666666,0.9169719169719169,0.8998015873015873,0.9910092146236013,0.9166666666666666
252,0.003365548786513867,0.524371862411499,0.0,0.0,0.524371862411499,0.008840984664857388,0.0,0.002432218287140131,0,0.9166666666666666,0.9169719169719169,0.8998015873015873,0.9913812384331252,0.9166666666666666
253,0.003327125744040297,0.5125977993011475,0.0,0.0,0.5125977993011475,0.004915209487080574,0.0,0.002032854361459613,0,0.9,0.9034055375518791,0.8839285714285715,0.9902301904070772,0.8998578657115242
254,0.0032888204577335442,0.5222861170768738,0.0,0.0,0.5222861170768738,0.00696599530056119,0.0,0.05464961752295494,0,0.9,0.9034055375518791,0.8839285714285715,0.9898581665975534,0.8998578657115242
255,0.0032506355457090426,0.513317346572876,0.0,0.0,0.513317346572876,0.004352772608399391,0.0,0.0038653358351439238,0,0.9,0.9034055375518791,0.8839285714285715,0.9898581665975534,0.8998578657115242
256,0.0032125736178548075,0.5109735727310181,0.0,0.0,0.5109735727310181,0.0033012637868523598,0.0,0.0009887865744531155,0,0.9166666666666666,0.9169719169719169,0.8998015873015873,0.9906371908140775,0.9166666666666666
257,0.0031746372756530482,0.519472599029541,0.0,0.0,0.519472599029541,0.02658332698047161,0.0,0.009474682621657848,0,0.9166666666666666,0.9169719169719169,0.8998015873015873,0.9917882388401256,0.9166666666666666
258,0.0031368291120023616,0.5116435885429382,0.0,0.0,0.5116435885429382,0.00341276777908206,0.0,0.003973581362515688,0,0.9166666666666666,0.9169719169719169,0.8998015873015873,0.9906371908140775,0.9166666666666666
259,0.0030991517110405113,0.516040027141571,0.0,0.0,0.516040027141571,0.022333137691020966,0.0,0.02335299178957939,0,0.9166666666666666,0.9169719169719169,0.8998015873015873,0.9897882134026003,0.9166666666666666
260,0.0030616076479678023,0.5124490261077881,0.0,0.0,0.5124490261077881,0.003641182091087103,0.0,0.04135040193796158,0,0.9166666666666666,0.9169719169719169,0.8998015873015873,0.9852762323281191,0.9166666666666666
261,0.0030241994888710747,0.510970413684845,0.0,0.0,0.510970413684845,0.00069745461223647,0.0,0.0011758648324757814,0,0.9333333333333333,0.9302698270721527,0.9156746031746031,0.9860552565446433,0.9332737030411449
262,0.0029869297905483136,0.512881875038147,0.0,0.0,0.512881875038147,0.010401168838143349,0.0,0.11389456689357758,0,0.9333333333333333,0.9302698270721527,0.9156746031746031,0.9860552565446433,0.9332737030411449
263,0.00294980110033389,0.5218817591667175,0.0,0.0,0.5218817591667175,0.057061754167079926,0.0,0.06590049713850021,0,0.9333333333333333,0.9302698270721527,0.9156746031746031,0.9856132795401663,0.9332737030411449
264,0.0029128159559244607,0.5094889402389526,0.0,0.0,0.5094889402389526,0.002686094492673874,0.0,0.0016375451814383268,0,0.9333333333333333,0.9302698270721527,0.9156746031746031,0.9860202799471667,0.9332737030411449
265,0.0028759768852055175,0.5231412649154663,0.0,0.0,0.5231412649154663,0.0028444495983421803,0.0,0.003398994915187359,0,0.9333333333333333,0.9302698270721527,0.9156746031746031,0.9860202799471667,0.9332737030411449
266,0.002839286406078608,0.509911298751831,0.0,0.0,0.509911298751831,0.0010730760404840112,0.0,0.0010022344067692757,0,0.9333333333333333,0.9302698270721527,0.9156746031746031,0.986427280354167,0.9332737030411449
267,0.0028027470262892437,0.5157853364944458,0.0,0.0,0.5157853364944458,0.00670357421040535,0.0,0.03275639936327934,0,0.9333333333333333,0.9302698270721527,0.9156746031746031,0.9909042848311715,0.9332737030411449
268,0.002766361243255496,0.5116654634475708,0.0,0.0,0.5116654634475708,0.005091474857181311,0.0,0.001302226446568966,0,0.9333333333333333,0.9302698270721527,0.9156746031746031,0.9921252860521728,0.9332737030411449
269,0.002730131543897301,0.5102149248123169,0.0,0.0,0.5102149248123169,0.005330681335180998,0.0,0.0019746101461350918,0,0.9333333333333333,0.9302698270721527,0.9156746031746031,0.9921252860521728,0.9332737030411449
270,0.0026940604044664858,0.5121008157730103,0.0,0.0,0.5121008157730103,0.0052279941737651825,0.0,0.0014096794184297323,0,0.9333333333333333,0.9302698270721527,0.9156746031746031,0.9925322864591731,0.9332737030411449
271,0.002658150290377515,0.5125429630279541,0.0,0.0,0.5125429630279541,0.007517581339925528,0.0,0.0033487032633274794,0,0.9333333333333333,0.9302698270721527,0.9156746031746031,0.9925322864591731,0.9332737030411449
272,0.0026224036560389846,0.5104680061340332,0.0,0.0,0.5104680061340332,0.0005377624765969813,0.0,0.01415844727307558,0,0.9333333333333333,0.9302698270721527,0.9156746031746031,0.9925322864591731,0.9332737030411449
273,0.0025868229446858685,0.5078659653663635,0.0,0.0,0.5078659653663635,0.0006289218435995281,0.0,0.0007114230538718402,0,0.9333333333333333,0.9302698270721527,0.9156746031746031,0.9929043102686971,0.9332737030411449
274,0.0025514105882125234,0.5149656534194946,0.0,0.0,0.5149656534194946,0.006053208373486996,0.0,0.01802240125834942,0,0.9333333333333333,0.9302698270721527,0.9156746031746031,0.9933113106756974,0.9332737030411449
275,0.002516169007006475,0.5103057622909546,0.0,0.0,0.5103057622909546,0.0006169102271087468,0.0,0.000994822010397911,0,0.9333333333333333,0.9302698270721527,0.9156746031746031,0.9933113106756974,0.9332737030411449
276,0.0024811006097829845,0.51082444190979,0.0,0.0,0.51082444190979,0.002864218084141612,0.0,0.00104612298309803,0,0.9333333333333333,0.9302698270721527,0.9156746031746031,0.9933113106756974,0.9332737030411449
277,0.002446207793420422,0.5163519382476807,0.0,0.0,0.5163519382476807,0.02004697546362877,0.0,0.018826188519597054,0,0.9333333333333333,0.9302698270721527,0.9156746031746031,0.9929392868661736,0.9332737030411449
278,0.002411492942796432,0.5073020458221436,0.0,0.0,0.5073020458221436,0.0008850968442857265,0.0,0.0014330194098874927,0,0.9333333333333333,0.9302698270721527,0.9156746031746031,0.9929392868661736,0.9332737030411449
279,0.0023769584306249435,0.5088609457015991,0.0,0.0,0.5088609457015991,0.0007455255836248398,0.0,0.0014667874202132225,0,0.9333333333333333,0.9302698270721527,0.9156746031746031,0.9929392868661736,0.9332737030411449
280,0.0023426066172939877,0.5113992094993591,0.0,0.0,0.5113992094993591,0.003785722889006138,0.0,0.001075206557288766,0,0.9333333333333333,0.9302698270721527,0.9156746031746031,0.9933113106756974,0.9332737030411449
281,0.002308439850704377,0.51111900806427,0.0,0.0,0.51111900806427,0.004756222479045391,0.0,0.001622155774384737,0,0.9333333333333333,0.9302698270721527,0.9156746031746031,0.9933113106756974,0.9332737030411449
282,0.002274460466109219,0.5088670253753662,0.0,0.0,0.5088670253753662,0.0006345564615912735,0.0,0.0010043566580861807,0,0.9333333333333333,0.9302698270721527,0.9156746031746031,0.9929392868661736,0.9332737030411449
283,0.0022406707859543205,0.5088059306144714,0.0,0.0,0.5088059306144714,0.0003842003643512726,0.0,0.002059327904134989,0,0.9333333333333333,0.9302698270721527,0.9156746031746031,0.9929392868661736,0.9332737030411449
284,0.002207073119719429,0.5123443603515625,0.0,0.0,0.5123443603515625,0.0038048317655920982,0.0,0.0011548467446118593,0,0.9333333333333333,0.9302698270721527,0.9156746031746031,0.9929392868661736,0.9332737030411449
285,0.0021736697637604056,0.512183666229248,0.0,0.0,0.512183666229248,0.006716563366353512,0.0,0.001288797939196229,0,0.95,0.9431013431013432,0.9260912698412698,0.9929392868661736,0.9497435897435896
286,0.0021404630011522584,0.5075764656066895,0.0,0.0,0.5075764656066895,0.0008536456734873354,0.0,0.001067261560820043,0,0.95,0.9431013431013432,0.9260912698412698,0.9929392868661736,0.9497435897435896
287,0.0021074551015331003,0.5090621709823608,0.0,0.0,0.5090621709823608,0.005626877304166555,0.0,0.001051375176757574,0,0.95,0.9431013431013432,0.9260912698412698,0.9929392868661736,0.9497435897435896
288,0.0020746483209490257,0.5093061923980713,0.0,0.0,0.5093061923980713,0.003963228780776262,0.0,0.0010902410140261054,0,0.95,0.9431013431013432,0.9260912698412698,0.9929392868661736,0.9497435897435896
289,0.002042044901699908,0.5098135471343994,0.0,0.0,0.5098135471343994,0.00826887134462595,0.0,0.0015026138862594962,0,0.95,0.9431013431013432,0.9260912698412698,0.9929392868661736,0.9497435897435896
290,0.0020096470721861445,0.5208282470703125,0.0,0.0,0.5208282470703125,0.004489215090870857,0.0,0.0026891662273555994,0,0.95,0.9431013431013432,0.9260912698412698,0.9929392868661736,0.9497435897435896
291,0.0019774570467563477,0.507807731628418,0.0,0.0,0.507807731628418,0.00042457145173102617,0.0,0.0011603391030803323,0,0.95,0.9431013431013432,0.9260912698412698,0.9929392868661736,0.9497435897435896
292,0.001945477025555992,0.5081045031547546,0.0,0.0,0.5081045031547546,0.0012622129870578647,0.0,0.0010098995408043265,0,0.95,0.9431013431013432,0.9260912698412698,0.9929392868661736,0.9497435897435896
293,0.0019137091943770502,0.5086323022842407,0.0,0.0,0.5086323022842407,0.009686633013188839,0.0,0.000985894352197647,0,0.95,0.9431013431013432,0.9260912698412698,0.9933113106756974,0.9497435897435896
294,0.0018821557245085828,0.5085543990135193,0.0,0.0,0.5085543990135193,0.0011586585314944386,0.0,0.0020932003390043974,0,0.95,0.9431013431013432,0.9260912698412698,0.9933113106756974,0.9497435897435896
295,0.0018508187725883422,0.5077011585235596,0.0,0.0,0.5077011585235596,0.001351938582956791,0.0,0.0011267208028584719,0,0.95,0.9431013431013432,0.9260912698412698,0.9933113106756974,0.9497435897435896
296,0.0018197004804553652,0.509777307510376,0.0,0.0,0.509777307510376,0.016183851286768913,0.0,0.0018497302662581205,0,0.95,0.9431013431013432,0.9260912698412698,0.9933113106756974,0.9497435897435896
297,0.0017888029750035847,0.5174621939659119,0.0,0.0,0.5174621939659119,0.0019585792906582355,0.0,0.004715166985988617,0,0.95,0.9431013431013432,0.9260912698412698,0.9933113106756974,0.9497435897435896
298,0.0017581283680364525,0.5071735978126526,0.0,0.0,0.5071735978126526,0.0005783732049167156,0.0,0.0007539794314652681,0,0.95,0.9431013431013432,0.9260912698412698,0.9933113106756974,0.9497435897435896
299,0.0017276787561226095,0.5095555782318115,0.0,0.0,0.5095555782318115,0.0015463351737707853,0.0,0.003987280186265707,0,0.95,0.9431013431013432,0.9260912698412698,0.9933113106756974,0.9497435897435896
300,0.0016974562204525828,0.5093334913253784,0.0,0.0,0.5093334913253784,0.0034448131918907166,0.0,0.0009744237759150565,0,0.95,0.9431013431013432,0.9260912698412698,0.9933113106756974,0.9497435897435896
301,0.0016674628266965387,0.5092970728874207,0.0,0.0,0.5092970728874207,0.0005141353467479348,0.0,0.002090844325721264,0,0.95,0.9431013431013432,0.9260912698412698,0.9933113106756974,0.9497435897435896
302,0.0016377006248631,0.5108787417411804,0.0,0.0,0.5108787417411804,0.004099663812667131,0.0,0.0009875161340460181,0,0.95,0.9431013431013432,0.9260912698412698,0.9933113106756974,0.9497435897435896
303,0.001608171649159226,0.5083218812942505,0.0,0.0,0.5083218812942505,0.0004520828661043197,0.0,0.0010177771328017116,0,0.95,0.9431013431013432,0.9260912698412698,0.9936833344852213,0.9497435897435896
304,0.0015788779178511816,0.5090486407279968,0.0,0.0,0.5090486407279968,0.01066664606332779,0.0,0.0011437590001150966,0,0.95,0.9431013431013432,0.9260912698412698,0.9936833344852213,0.9497435897435896
305,0.0015498214331265902,0.5066378712654114,0.0,0.0,0.5066378712654114,0.0009622887591831386,0.0,0.0009520698804408312,0,0.95,0.9431013431013432,0.9260912698412698,0.9936833344852213,0.9497435897435896
306,0.001521004180957585,0.5086736679077148,0.0,0.0,0.5086736679077148,0.006185457576066256,0.0,0.0008144908351823688,0,0.95,0.9431013431013432,0.9260912698412698,0.9936833344852213,0.9497435897435896
307,0.001492428130965072,0.5090274810791016,0.0,0.0,0.5090274810791016,0.01633877493441105,0.0,0.001370325218886137,0,0.95,0.9431013431013432,0.9260912698412698,0.9938693463899831,0.9497435897435896
308,0.0014640952362841098,0.5074530839920044,0.0,0.0,0.5074530839920044,0.0005226884386502206,0.0,0.003830254077911377,0,0.95,0.9431013431013432,0.9260912698412698,0.994055358294745,0.9497435897435896
309,0.0014360074334304135,0.5085375308990479,0.0,0.0,0.5085375308990479,0.0015387117164209485,0.0,0.012603291310369968,0,0.95,0.9431013431013432,0.9260912698412698,0.994055358294745,0.9497435897435896
310,0.0014081666421679989,0.5065369009971619,0.0,0.0,0.5065369009971619,0.0005242727347649634,0.0,0.0008351348806172609,0,0.95,0.9431013431013432,0.9260912698412698,0.9953258547008547,0.9497435897435896
311,0.0013805747653779662,0.5078516602516174,0.0,0.0,0.5078516602516174,0.002050376031547785,0.0,0.004047699738293886,0,0.95,0.9431013431013432,0.9260912698412698,0.9949188542938542,0.9497435897435896
312,0.00135323368892844,0.5084484815597534,0.0,0.0,0.5084484815597534,0.0044426079839468,0.0,0.000790139427408576,0,0.95,0.9431013431013432,0.9260912698412698,0.9949188542938542,0.9497435897435896
313,0.001326145281545679,0.5060878992080688,0.0,0.0,0.5060878992080688,0.00032619028934277594,0.0,0.000932547147385776,0,0.95,0.9431013431013432,0.9260912698412698,0.9949188542938542,0.9497435897435896
314,0.0012993113946863431,0.5073927640914917,0.0,0.0,0.5073927640914917,0.0003848499327432364,0.0,0.0007338746800087392,0,0.95,0.9431013431013432,0.9260912698412698,0.9949188542938542,0.9497435897435896
315,0.0012727338624109576,0.508009672164917,0.0,0.0,0.508009672164917,0.002950616180896759,0.0,0.0015522493049502373,0,0.95,0.9431013431013432,0.9260912698412698,0.9949188542938542,0.9497435897435896
316,0.0012464145012585474,0.5173631906509399,0.0,0.0,0.5173631906509399,0.012645124457776546,0.0,0.002560925669968128,0,0.95,0.9431013431013432,0.9260912698412698,0.9949188542938542,0.9497435897435896
317,0.0012203551101224882,0.5102334022521973,0.0,0.0,0.5102334022521973,0.003969266545027494,0.0,0.0014310730621218681,0,0.95,0.9431013431013432,0.9260912698412698,0.9949188542938542,0.9497435897435896
318,0.001194557470127544,0.5070330500602722,0.0,0.0,0.5070330500602722,0.0005714642466045916,0.0,0.0017126752063632011,0,0.95,0.9431013431013432,0.9260912698412698,0.9949188542938542,0.9497435897435896
319,0.001169023344508143,0.5069145560264587,0.0,0.0,0.5069145560264587,0.0011033221380785108,0.0,0.0010637703817337751,0,0.95,0.9431013431013432,0.9260912698412698,0.9949188542938542,0.9497435897435896
320,0.0011437544784878525,0.5074238777160645,0.0,0.0,0.5074238777160645,0.0029128454625606537,0.0,0.000940475205425173,0,0.95,0.9431013431013432,0.9260912698412698,0.9949188542938542,0.9497435897435896
321,0.0011187525991600985,0.5065765976905823,0.0,0.0,0.5065765976905823,0.00023733430134598166,0.0,0.0009671159787103534,0,0.95,0.9431013431013432,0.9260912698412698,0.9949188542938542,0.9497435897435896
322,0.001094019415370123,0.5085610151290894,0.0,0.0,0.5085610151290894,0.00030053607770241797,0.0,0.0015864877495914698,0,0.95,0.9431013431013432,0.9260912698412698,0.9949188542938542,0.9497435897435896
323,0.0010695566175981828,0.5065279006958008,0.0,0.0,0.5065279006958008,0.0003904458717443049,0.0,0.0008881540270522237,0,0.95,0.9431013431013432,0.9260912698412698,0.9949188542938542,0.9497435897435896
324,0.0010453658778440107,0.5078357458114624,0.0,0.0,0.5078357458114624,0.005325937177985907,0.0,0.0013256686506792903,0,0.95,0.9431013431013432,0.9260912698412698,0.9949188542938542,0.9497435897435896
325,0.0010214488495125353,0.5147958993911743,0.0,0.0,0.5147958993911743,0.002442082157358527,0.0,0.004841323476284742,0,0.95,0.9431013431013432,0.9260912698412698,0.9949188542938542,0.9497435897435896
326,0.0009978071673008729,0.5058808326721191,0.0,0.0,0.5058808326721191,0.0006367807509377599,0.0,0.00176063587423414,0,0.95,0.9431013431013432,0.9260912698412698,0.9949188542938542,0.9497435897435896
327,0.0009744424470865977,0.507327675819397,0.0,0.0,0.507327675819397,0.006146308500319719,0.0,0.0007169476011767983,0,0.95,0.9431013431013432,0.9260912698412698,0.9949188542938542,0.9497435897435896
328,0.0009513562858173009,0.5073745250701904,0.0,0.0,0.5073745250701904,0.0031529527623206377,0.0,0.057596489787101746,0,0.95,0.9431013431013432,0.9260912698412698,0.9953258547008547,0.9497435897435896
329,0.0009285502614014378,0.5060341954231262,0.0,0.0,0.5060341954231262,0.00024144868075381964,0.0,0.0007869605906307697,0,0.9666666666666667,0.9737103174603176,0.9737103174603176,0.9953258547008547,0.9666666666666667
330,0.0009060259326004838,0.5066912174224854,0.0,0.0,0.5066912174224854,0.00021761553944088519,0.0,0.0019463439239189029,0,0.9666666666666667,0.9737103174603176,0.9737103174603176,0.9953258547008547,0.9666666666666667
331,0.000883784838922391,0.5064085125923157,0.0,0.0,0.5064085125923157,0.000629256188403815,0.0,0.0008416001801379025,0,0.9666666666666667,0.9737103174603176,0.9737103174603176,0.9953258547008547,0.9666666666666667
332,0.0008618285005163704,0.5083532333374023,0.0,0.0,0.5083532333374023,0.0073264529928565025,0.0,0.0008696847944520414,0,0.9666666666666667,0.9737103174603176,0.9737103174603176,0.995732855107855,0.9666666666666667
333,0.0008401584180689843,0.5071367621421814,0.0,0.0,0.5071367621421814,0.0012722327373921871,0.0,0.00113081862218678,0,0.9666666666666667,0.9737103174603176,0.9737103174603176,0.995732855107855,0.9666666666666667
334,0.000818776072701583,0.5064266920089722,0.0,0.0,0.5064266920089722,0.00030148218502290547,0.0,0.0010525895049795508,0,0.9666666666666667,0.9737103174603176,0.9737103174603176,0.995732855107855,0.9666666666666667
335,0.0007976829258690679,0.5068838596343994,0.0,0.0,0.5068838596343994,0.0008039716631174088,0.0,0.0010661340784281492,0,0.9666666666666667,0.9737103174603176,0.9737103174603176,0.995732855107855,0.9666666666666667
336,0.0007768804192600093,0.5077957510948181,0.0,0.0,0.5077957510948181,0.0022751616779714823,0.0,0.0012972820550203323,0,0.9666666666666667,0.9737103174603176,0.9737103174603176,0.9949888074888076,0.9666666666666667
337,0.0007563699746980984,0.5057604312896729,0.0,0.0,0.5057604312896729,0.0007862626225687563,0.0,0.0009804674191400409,0,0.9666666666666667,0.9737103174603176,0.9737103174603176,0.9949888074888076,0.9666666666666667
338,0.0007361529940449782,0.5065348744392395,0.0,0.0,0.5065348744392395,0.0004921143408864737,0.0,0.0006911352393217385,0,0.9666666666666667,0.9737103174603176,0.9737103174603176,0.9949888074888076,0.9666666666666667
339,0.0007162308591044182,0.5084493160247803,0.0,0.0,0.5084493160247803,0.00521840201690793,0.0,0.0015761415706947446,0,0.9666666666666667,0.9737103174603176,0.9737103174603176,0.9949888074888076,0.9666666666666667
340,0.0006966049315278798,0.5070870518684387,0.0,0.0,0.5070870518684387,0.0009962680051103234,0.0,0.0008388730348087847,0,0.9666666666666667,0.9737103174603176,0.9737103174603176,0.9949888074888076,0.9666666666666667
341,0.0006772765527214417,0.5082778930664062,0.0,0.0,0.5082778930664062,0.0002607407805044204,0.0,0.0008329318952746689,0,0.9666666666666667,0.9737103174603176,0.9737103174603176,0.9949888074888076,0.9666666666666667
342,0.0006582470437541217,0.5212855339050293,0.0,0.0,0.5212855339050293,0.020726708695292473,0.0,0.016294481232762337,0,0.9666666666666667,0.9737103174603176,0.9737103174603176,0.9949888074888076,0.9666666666666667
343,0.0006395177052675795,0.507964015007019,0.0,0.0,0.507964015007019,0.0038842028006911278,0.0,0.001243357895873487,0,0.9666666666666667,0.9737103174603176,0.9737103174603176,0.9949888074888076,0.9666666666666667
344,0.0006210898173872209,0.5066510438919067,0.0,0.0,0.5066510438919067,0.0008501546690240502,0.0,0.0012608011020347476,0,0.9666666666666667,0.9737103174603176,0.9737103174603176,0.9949888074888076,0.9666666666666667
345,0.0006029646396347048,0.5065679550170898,0.0,0.0,0.5065679550170898,0.0005635864799842238,0.0,0.0012480677105486393,0,0.9666666666666667,0.9737103174603176,0.9737103174603176,0.9949888074888076,0.9666666666666667
346,0.000585143410841854,0.5070000290870667,0.0,0.0,0.5070000290870667,0.00020745632355101407,0.0,0.0007856141892261803,0,0.9666666666666667,0.9737103174603176,0.9737103174603176,0.9949888074888076,0.9666666666666667
347,0.0005676273490659822,0.5062782764434814,0.0,0.0,0.5062782764434814,0.0004843703063670546,0.0,0.0006205823738127947,0,0.9666666666666667,0.9737103174603176,0.9737103174603176,0.9949888074888076,0.9666666666666667
348,0.0005504176515066467,0.5065850019454956,0.0,0.0,0.5065850019454956,0.0001851508568506688,0.0,0.0007962711388245225,0,0.9666666666666667,0.9737103174603176,0.9737103174603176,0.9949888074888076,0.9666666666666667
349,0.0005335154944238117,0.5070817470550537,0.0,0.0,0.5070817470550537,0.0006074734847061336,0.0,0.0008818035130389035,0,0.9666666666666667,0.9737103174603176,0.9737103174603176,0.9949888074888076,0.9666666666666667
350,0.0005169220330574664,0.5072842836380005,0.0,0.0,0.5072842836380005,0.002056435914710164,0.0,0.0007772960816510022,0,0.9666666666666667,0.9737103174603176,0.9737103174603176,0.9949888074888076,0.9666666666666667
351,0.0005006384015486492,0.50669926404953,0.0,0.0,0.50669926404953,0.0005465953727252781,0.0,0.0006875573308207095,0,0.9666666666666667,0.9737103174603176,0.9737103174603176,0.9949888074888076,0.9666666666666667
352,0.00048466571286194553,0.5089285373687744,0.0,0.0,0.5089285373687744,0.005715776234865189,0.0,0.00112372066359967,0,0.9666666666666667,0.9737103174603176,0.9737103174603176,0.9949888074888076,0.9666666666666667
353,0.00046900505870941026,0.5062565803527832,0.0,0.0,0.5062565803527832,0.0002184544428018853,0.0,0.0008700882317498326,0,0.9666666666666667,0.9737103174603176,0.9737103174603176,0.9949888074888076,0.9666666666666667
354,0.00045365750947594944,0.5068464279174805,0.0,0.0,0.5068464279174805,0.0012747222790494561,0.0,0.0009665028774179518,0,0.9666666666666667,0.9737103174603176,0.9737103174603176,0.9949888074888076,0.9666666666666667
355,0.00043862411414616955,0.5174593925476074,0.0,0.0,0.5174593925476074,0.017618054524064064,0.0,0.002648804569616914,0,0.9666666666666667,0.9737103174603176,0.9737103174603176,0.9949888074888076,0.9666666666666667
356,0.0004239059002326682,0.507274866104126,0.0,0.0,0.507274866104126,0.0005925014265812933,0.0,0.000999760814011097,0,0.9666666666666667,0.9737103174603176,0.9737103174603176,0.9949888074888076,0.9666666666666667
357,0.00040950387370581904,0.5057901740074158,0.0,0.0,0.5057901740074158,0.0003983540809713304,0.0,0.0009144603391177952,0,0.9666666666666667,0.9737103174603176,0.9737103174603176,0.9949888074888076,0.9666666666666667
358,0.00039541901892500223,0.5068365931510925,0.0,0.0,0.5068365931510925,0.00027043887530453503,0.0,0.0013931471621617675,0,0.9666666666666667,0.9737103174603176,0.9737103174603176,0.9949888074888076,0.9666666666666667
359,0.00038165229857133195,0.5132772326469421,0.0,0.0,0.5132772326469421,0.014025161974132061,0.0,0.007459945511072874,0,0.9666666666666667,0.9737103174603176,0.9737103174603176,0.9949888074888076,0.9666666666666667
360,0.00036820465358185857,0.50667405128479,0.0,0.0,0.50667405128479,0.00047044066013768315,0.0,0.0010382240870967507,0,0.9666666666666667,0.9737103174603176,0.9737103174603176,0.9949888074888076,0.9666666666666667
361,0.00035507700308525403,0.5089033246040344,0.0,0.0,0.5089033246040344,0.004163458477705717,0.0,0.0005632889224216342,0,0.9666666666666667,0.9737103174603176,0.9737103174603176,0.9949888074888076,0.9666666666666667
362,0.00034227024433899005,0.5176613330841064,0.0,0.0,0.5176613330841064,0.0004586814611684531,0.0,0.003771092277020216,0,0.9666666666666667,0.9737103174603176,0.9737103174603176,0.9949888074888076,0.9666666666666667
363,0.00032978525266801593,0.5083052515983582,0.0,0.0,0.5083052515983582,0.004529906436800957,0.0,0.0009697998175397515,0,0.9666666666666667,0.9737103174603176,0.9737103174603176,0.9949888074888076,0.9666666666666667
364,0.0003176228814049297,0.506274402141571,0.0,0.0,0.506274402141571,0.0016372560057789087,0.0,0.0013031467096880078,0,0.9666666666666667,0.9737103174603176,0.9737103174603176,0.9949888074888076,0.9666666666666667
365,0.0003057839618316491,0.5168644189834595,0.0,0.0,0.5168644189834595,0.04383904114365578,0.0,0.023139428347349167,0,0.9666666666666667,0.9737103174603176,0.9737103174603176,0.9949888074888076,0.9666666666666667
366,0.00029426930312260227,0.506008505821228,0.0,0.0,0.506008505821228,0.00026126878219656646,0.0,0.0007053051376715302,0,0.9666666666666667,0.9737103174603176,0.9737103174603176,0.9949888074888076,0.9666666666666667
367,0.00028307969228941415,0.505734920501709,0.0,0.0,0.505734920501709,0.00021865293092560023,0.0,0.000854710815474391,0,0.9666666666666667,0.9737103174603176,0.9737103174603176,0.9949888074888076,0.9666666666666667
368,0.00027221589412712463,0.5156097412109375,0.0,0.0,0.5156097412109375,0.007529217749834061,0.0,0.029451893642544746,0,0.9666666666666667,0.9737103174603176,0.9737103174603176,0.9949888074888076,0.9666666666666667
369,0.0002616786511619041,0.5057797431945801,0.0,0.0,0.5057797431945801,0.00032778948661871254,0.0,0.0008255967404693365,0,0.9666666666666667,0.9737103174603176,0.9737103174603176,0.9949888074888076,0.9666666666666667
370,0.00025146868360031467,0.5083606243133545,0.0,0.0,0.5083606243133545,0.005107646808028221,0.0,0.0008576583932153881,0,0.9666666666666667,0.9737103174603176,0.9737103174603176,0.9949888074888076,0.9666666666666667
371,0.00024158668928007498,0.508784830570221,0.0,0.0,0.508784830570221,0.004554382991045713,0.0,0.0013740097638219595,0,0.9666666666666667,0.9737103174603176,0.9737103174603176,0.9949888074888076,0.9666666666666667
372,0.00023203334362237158,0.507222056388855,0.0,0.0,0.507222056388855,0.0026937415823340416,0.0,0.0009358208626508713,0,0.9666666666666667,0.9737103174603176,0.9737103174603176,0.9949888074888076,0.9666666666666667
373,0.00022280929958568842,0.5065038800239563,0.0,0.0,0.5065038800239563,0.0008244113414548337,0.0,0.0012016012333333492,0,0.9666666666666667,0.9737103174603176,0.9737103174603176,0.9949888074888076,0.9666666666666667
374,0.00021391518762118363,0.5067252516746521,0.0,0.0,0.5067252516746521,0.0005827120039612055,0.0,0.0008816664339974523,0,0.9666666666666667,0.9737103174603176,0.9737103174603176,0.9949888074888076,0.9666666666666667
375,0.00020535161562959536,0.5074465870857239,0.0,0.0,0.5074465870857239,0.00046200177166610956,0.0,0.0013822325272485614,0,0.9666666666666667,0.9737103174603176,0.9737103174603176,0.9949888074888076,0.9666666666666667
376,0.0001971191689196937,0.5061479806900024,0.0,0.0,0.5061479806900024,0.0007931560976430774,0.0,0.0010302442824468017,0,0.9666666666666667,0.9737103174603176,0.9737103174603176,0.9949888074888076,0.9666666666666667
377,0.0001892184101682762,0.5067969560623169,0.0,0.0,0.5067969560623169,0.0009258093195967376,0.0,0.0009245997061952949,0,0.9666666666666667,0.9737103174603176,0.9737103174603176,0.9949888074888076,0.9666666666666667
378,0.0001816498793817073,0.5062013268470764,0.0,0.0,0.5062013268470764,0.0007625777507200837,0.0,0.0013043720973655581,0,0.9666666666666667,0.9737103174603176,0.9737103174603176,0.9949888074888076,0.9666666666666667
379,0.00017441409385901422,0.5076960921287537,0.0,0.0,0.5076960921287537,0.0029938281513750553,0.0,0.0013741656439378858,0,0.9666666666666667,0.9737103174603176,0.9737103174603176,0.9949888074888076,0.9666666666666667
380,0.00016751154815652453,0.5164045095443726,0.0,0.0,0.5164045095443726,0.05041706934571266,0.0,0.022757187485694885,0,0.9666666666666667,0.9737103174603176,0.9737103174603176,0.9949888074888076,0.9666666666666667
381,0.0001609427140540686,0.5067697167396545,0.0,0.0,0.5067697167396545,0.0005316435708664358,0.0,0.0008965167799033225,0,0.9666666666666667,0.9737103174603176,0.9737103174603176,0.9949888074888076,0.9666666666666667
382,0.00015470804052273096,0.5083643198013306,0.0,0.0,0.5083643198013306,0.0014772932045161724,0.0,0.0014689200324937701,0,0.9666666666666667,0.9737103174603176,0.9737103174603176,0.9949888074888076,0.9666666666666667
383,0.00014880795369416665,0.5071816444396973,0.0,0.0,0.5071816444396973,0.0006685960106551647,0.0,0.0010591791942715645,0,0.9666666666666667,0.9737103174603176,0.9737103174603176,0.9949888074888076,0.9666666666666667
384,0.0001432428568314728,0.5056533217430115,0.0,0.0,0.5056533217430115,0.000276797276455909,0.0,0.001044433913193643,0,0.9666666666666667,0.9737103174603176,0.9737103174603176,0.9949888074888076,0.9666666666666667
385,0.00013801313030162716,0.5057710409164429,0.0,0.0,0.5057710409164429,0.001070133876055479,0.0,0.0016046857926994562,0,0.9666666666666667,0.9737103174603176,0.9737103174603176,0.9949888074888076,0.9666666666666667
386,0.0001331191315494912,0.5061261057853699,0.0,0.0,0.5061261057853699,0.0018496409757062793,0.0,0.0007746090414002538,0,0.9666666666666667,0.9737103174603176,0.9737103174603176,0.9949888074888076,0.9666666666666667
387,0.00012856119507337867,0.5064588785171509,0.0,0.0,0.5064588785171509,0.00027396189398132265,0.0,0.0011600519064813852,0,0.9666666666666667,0.9737103174603176,0.9737103174603176,0.9949888074888076,0.9666666666666667
388,0.0001243396324021935,0.5105252265930176,0.0,0.0,0.5105252265930176,0.001437646453268826,0.0,0.0007838566671125591,0,0.9666666666666667,0.9737103174603176,0.9737103174603176,0.9949888074888076,0.9666666666666667
389,0.00012045473207413647,0.5068554878234863,0.0,0.0,0.5068554878234863,0.0004787400830537081,0.0,0.0011999612906947732,0,0.9666666666666667,0.9737103174603176,0.9737103174603176,0.9949888074888076,0.9666666666666667
390,0.00011690675961698426,0.5072146654129028,0.0,0.0,0.5072146654129028,0.0018236828036606312,0.0,0.000937317032366991,0,0.9666666666666667,0.9737103174603176,0.9737103174603176,0.9949888074888076,0.9666666666666667
391,0.00011369595752994128,0.5118398666381836,0.0,0.0,0.5118398666381836,0.0018412575591355562,0.0,0.0014715665020048618,0,0.9666666666666667,0.9737103174603176,0.9737103174603176,0.9949888074888076,0.9666666666666667
392,0.00011082254526706605,0.5086005330085754,0.0,0.0,0.5086005330085754,0.004225083161145449,0.0,0.0013017789460718632,0,0.9666666666666667,0.9737103174603176,0.9737103174603176,0.9949888074888076,0.9666666666666667
393,0.00010828671922226878,0.5073024034500122,0.0,0.0,0.5073024034500122,0.007702704984694719,0.0,0.0011102823773398995,0,0.9666666666666667,0.9737103174603176,0.9737103174603176,0.9949888074888076,0.9666666666666667
394,0.00010608865271589101,0.5068247318267822,0.0,0.0,0.5068247318267822,0.0005239614401943982,0.0,0.001200440339744091,0,0.9666666666666667,0.9737103174603176,0.9737103174603176,0.9949888074888076,0.9666666666666667
395,0.00010422849598285996,0.5052048563957214,0.0,0.0,0.5052048563957214,0.00017076540098059922,0.0,0.000587200338486582,0,0.9666666666666667,0.9737103174603176,0.9737103174603176,0.9949888074888076,0.9666666666666667
396,0.00010270637616241606,0.5071151852607727,0.0,0.0,0.5071151852607727,0.0057612317614257336,0.0,0.0014507488813251257,0,0.9666666666666667,0.9737103174603176,0.9737103174603176,0.9949888074888076,0.9666666666666667
397,0.00010152239728942829,0.506971001625061,0.0,0.0,0.506971001625061,0.0013392092660069466,0.0,0.0013739560963585973,0,0.9666666666666667,0.9737103174603176,0.9737103174603176,0.9949888074888076,0.9666666666666667
398,0.00010067664028727843,0.5065048336982727,0.0,0.0,0.5065048336982727,0.000344036117894575,0.0,0.0012476476840674877,0,0.9666666666666667,0.9737103174603176,0.9737103174603176,0.9949888074888076,0.9666666666666667
399,0.00010016916296233584,0.5053278207778931,0.0,0.0,0.5053278207778931,0.00014838874631095678,0.0,0.0009267076384276152,0,0.9666666666666667,0.9737103174603176,0.9737103174603176,0.9949888074888076,0.9666666666666667
400,0.0001,0.5073139667510986,0.0,0.0,0.5073139667510986,0.0003321517142467201,0.0,0.0017632992239668965,0,0.9666666666666667,0.9737103174603176,0.9737103174603176,0.9949888074888076,0.9666666666666667
