epoch,lr,loss_total,loss_pc_bbf_v1,loss_non_destructive,loss_non_destructive_nonzero_fraction,lambda_safe,acc,macro_f1,bacc,macro_auc,weighted_f1
1,0.01,3.298175096511841,3.298175096511841,0.0,0.0,0.05,0.35,0.1728395061728395,0.3333333333333333,0.7466688840509595,0.18148148148148147
2,0.01,2.8935816287994385,2.893575429916382,0.00012527982471510768,0.589219331741333,0.05,0.35,0.1728395061728395,0.3333333333333333,0.5910685008562367,0.18148148148148147
3,0.01,6.503522872924805,6.5034990310668945,0.0004763647448271513,0.5966542959213257,0.05,0.31666666666666665,0.18693244739756365,0.2033730158730159,0.48262539020204115,0.2905647840531561
4,0.01,5.025191307067871,5.025157928466797,0.000663943646941334,0.553903341293335,0.05,0.35,0.18918918918918917,0.21875,0.520746401790034,0.30270270270270266
5,0.01,4.867416858673096,4.867377281188965,0.0007868712418712676,0.6022304892539978,0.05,0.48333333333333334,0.38999999999999996,0.5625,0.5787574584744396,0.3809444444444445
6,0.01,5.588952541351318,5.588905334472656,0.0009440220310352743,0.6561338305473328,0.05,0.4666666666666667,0.37585585585585585,0.5520833333333334,0.7774608886047565,0.3680360360360361
7,0.01,4.017314434051514,4.017256736755371,0.00115194171667099,0.6691449880599976,0.05,0.48333333333333334,0.38999999999999996,0.5625,0.8079282647384062,0.3809444444444445
8,0.01,4.3907880783081055,4.39071798324585,0.0014004094991832972,0.6691449880599976,0.05,0.5166666666666667,0.4109704641350211,0.5461309523809524,0.8016960710062125,0.40755274261603375
9,0.01,2.940875768661499,2.9408202171325684,0.0011092089116573334,0.6449813842773438,0.05,0.5166666666666667,0.4109704641350211,0.5461309523809524,0.7929092057924606,0.40755274261603375
10,0.01,2.762364387512207,2.7623040676116943,0.001204636413604021,0.631970226764679,0.05,0.5166666666666667,0.4109704641350211,0.5461309523809524,0.801523947750363,0.40755274261603375
11,0.01,2.66606068611145,2.6660165786743164,0.0008802980883046985,0.5297397971153259,0.05,0.5166666666666667,0.4109704641350211,0.5461309523809524,0.8180456205220357,0.40755274261603375
12,0.01,2.8693699836730957,2.869302988052368,0.0013391498941928148,0.5315985083580017,0.05,0.5166666666666667,0.4109704641350211,0.5461309523809524,0.834329236451878,0.40755274261603375
13,0.01,2.518855094909668,2.5187783241271973,0.001536074560135603,0.5260223150253296,0.05,0.65,0.654772600864245,0.7222222222222222,0.8387158297240843,0.6426474992512728
14,0.01,3.5147764682769775,3.5147054195404053,0.0014190340880304575,0.5260223150253296,0.05,0.5166666666666667,0.519487401840343,0.6607142857142857,0.8608768938957617,0.42039552921905865
15,0.01,4.458789825439453,4.458734035491943,0.001113865408115089,0.5334572196006775,0.05,0.5166666666666667,0.5310272959526691,0.6607142857142857,0.8764309807941882,0.4222183003899422
16,0.01,3.473479747772217,3.4734280109405518,0.0010324888862669468,0.5055761933326721,0.05,0.5333333333333333,0.5498405103668261,0.6711309523809524,0.8746058383440459,0.4505781499202552
17,0.01,2.3233935832977295,2.3233275413513184,0.0013225896982476115,0.5055761933326721,0.05,0.5166666666666667,0.41991341991341996,0.5833333333333334,0.855953352857834,0.4067099567099567
18,0.01,3.207153081893921,3.2069315910339355,0.004431202542036772,0.4739776849746704,0.05,0.5,0.40465293668954994,0.5729166666666666,0.8377251460977876,0.3938215102974828
19,0.01,3.1494171619415283,3.149122714996338,0.0058872150257229805,0.47026023268699646,0.05,0.5,0.40465293668954994,0.5729166666666666,0.8093610453575076,0.3938215102974828
20,0.01,2.91347336769104,2.913114070892334,0.007187952753156424,0.4944237768650055,0.05,0.5166666666666667,0.41991341991341996,0.5833333333333334,0.8371364833628984,0.4067099567099567
21,0.009999830837037664,2.4966835975646973,2.4962716102600098,0.008238554932177067,0.4944237768650055,0.05,0.5666666666666667,0.46293639406982307,0.5773809523809524,0.8661960964437379,0.44658058345289336
22,0.009999323359712722,2.306365489959717,2.306149482727051,0.004318423569202423,0.449814110994339,0.05,0.5666666666666667,0.38518518518518513,0.42857142857142855,0.8544729968668648,0.4311111111111111
23,0.009998477602710573,2.5026187896728516,2.50258207321167,0.000736104731913656,0.4423791766166687,0.05,0.5833333333333334,0.48971193415637854,0.625,0.8779522528048472,0.45946502057613164
24,0.009997293623837585,2.377784013748169,2.3776378631591797,0.002925066975876689,0.44609665870666504,0.05,0.5333333333333333,0.4358974358974359,0.59375,0.8622078044247855,0.4196581196581197
25,0.00999577150401714,2.238520622253418,2.238264560699463,0.00512150302529335,0.4423791766166687,0.05,0.7166666666666667,0.7219564061669325,0.7956349206349206,0.8722379286942966,0.7147793726741095
26,0.009993911347284109,2.3639190196990967,2.363689422607422,0.004593180026859045,0.4182156026363373,0.05,0.6,0.614459878509834,0.7445436507936508,0.8863184389422596,0.5518244764453506
27,0.009991713280777732,2.288039207458496,2.287766695022583,0.005450112745165825,0.4089219272136688,0.05,0.7,0.7145061728395062,0.8070436507936508,0.8748933903709847,0.6833333333333333
28,0.009989177454732934,2.199065923690796,2.198697328567505,0.007373930420726538,0.4182156026363373,0.05,0.5666666666666667,0.5182456140350877,0.6254960317460317,0.8374548723900138,0.4928421052631579
29,0.00998630404247006,2.1862633228302,2.1855485439300537,0.014294285327196121,0.49070632457733154,0.05,0.5666666666666667,0.5714285714285714,0.6547619047619048,0.8745213665614608,0.5142857142857142
30,0.009983093240383016,2.2165281772613525,2.216477155685425,0.0010208915919065475,0.321561336517334,0.05,0.6,0.6183990442054959,0.75,0.8489117178680857,0.5411708482676225
31,0.009979545267925863,2.159151315689087,2.1589808464050293,0.0034094902221113443,0.3587360680103302,0.05,0.5833333333333334,0.48971193415637854,0.625,0.8341452343516021,0.45946502057613164
32,0.009975660367597807,2.1234290599823,2.1227610111236572,0.013362032361328602,0.39962825179100037,0.05,0.75,0.7717578259373926,0.7584325396825397,0.875816760545534,0.7509889920880634
33,0.009971438804926623,2.0636959075927734,2.063566207885742,0.0025945676025003195,0.29182156920433044,0.05,0.7166666666666667,0.7220291294273419,0.8065476190476191,0.8573341785311125,0.710729063224098
34,0.00996688086845051,1.9880664348602295,1.9875808954238892,0.009709645062685013,0.3159851133823395,0.05,0.6666666666666666,0.6897712759781726,0.7534722222222222,0.8419199980225924,0.6628933008243353
35,0.009961986869698373,2.0087292194366455,2.007838726043701,0.017807606607675552,0.44052043557167053,0.05,0.7166666666666667,0.7037941324652173,0.689484126984127,0.8718695045345989,0.7156687206913924
36,0.009956757143168527,2.0040249824523926,2.003750801086426,0.005484217312186956,0.24907062947750092,0.05,0.7333333333333333,0.7537397937898564,0.8115079365079364,0.8770206034356978,0.7302223016866322
37,0.009951192046305833,1.856344223022461,1.8560645580291748,0.005593002773821354,0.2379182130098343,0.05,0.6833333333333333,0.695679911240552,0.7748015873015873,0.8755742641355848,0.6785340822411761
38,0.009945291959477269,1.8073776960372925,1.8070378303527832,0.0067980606108903885,0.2565055787563324,0.05,0.7,0.7148148148148148,0.7743055555555555,0.8798414090277298,0.6974074074074074
39,0.009939057285945933,1.8284265995025635,1.8278980255126953,0.010571706108748913,0.3289962708950043,0.05,0.7,0.7202800700175045,0.7371031746031745,0.8967351056089262,0.6997349337334334
40,0.009932488451843476,1.8088573217391968,1.808525562286377,0.0066361683420836926,0.18959107995033264,0.05,0.7833333333333333,0.7851851851851852,0.8000992063492064,0.9245778570660645,0.7832804232804234
41,0.009925585906140986,1.7738639116287231,1.773545503616333,0.006368924397975206,0.1858735978603363,0.05,0.7833333333333333,0.7809374181722964,0.7891865079365079,0.9361992065411876,0.7810788164440953
42,0.009918350120618293,1.6629022359848022,1.6624237298965454,0.009570212103426456,0.321561336517334,0.05,0.85,0.8390076148366495,0.8635912698412698,0.9542993857557537,0.8496585605502334
43,0.009910781589831726,1.6247843503952026,1.6244746446609497,0.006194920279085636,0.3141264021396637,0.05,0.6166666666666667,0.5379335523913837,0.6140873015873015,0.8026998933543745,0.5106936838262139
44,0.009902880831080306,2.3806488513946533,2.377427101135254,0.06443372368812561,0.7286245226860046,0.05,0.8,0.7904761904761904,0.7941468253968255,0.9443614725159537,0.7952380952380954
45,0.009894648384370404,1.624807596206665,1.6238393783569336,0.01936444826424122,0.4237918257713318,0.05,0.6166666666666667,0.6475118779694924,0.7232142857142857,0.9294455435375246,0.5784921230307577
46,0.009886084812378817,1.9406309127807617,1.9405794143676758,0.0010298591805621982,0.28624534606933594,0.05,0.6166666666666667,0.6236662106703146,0.7232142857142857,0.9145800696508243,0.5754149566803465
47,0.009877190700414313,1.8335834741592407,1.833436131477356,0.0029472431633621454,0.28438660502433777,0.05,0.7,0.7014285714285715,0.7380952380952381,0.9016959630167177,0.6871666666666667
48,0.00986796665637763,1.7356778383255005,1.7355998754501343,0.0015595402801409364,0.2379182130098343,0.05,0.7,0.6954911433172303,0.8125,0.8828654148524432,0.6785265700483092
49,0.009858413310719925,1.5925711393356323,1.5921845436096191,0.007730773650109768,0.3513011038303375,0.05,0.6833333333333333,0.6891305956344801,0.7485119047619048,0.8844157240383655,0.6764913059563448
50,0.009848531316399685,1.4933452606201172,1.4930016994476318,0.006872227881103754,0.39591076970100403,0.05,0.7333333333333333,0.6382066276803119,0.6091269841269841,0.8975337479170026,0.7193762183235868
51,0.009838321348838096,1.6819595098495483,1.681821584701538,0.00275769317522645,0.3401486873626709,0.05,0.6333333333333333,0.517636684303351,0.4975198412698412,0.9227518746976294,0.575132275132275
52,0.009827784105872876,1.5452711582183838,1.5450503826141357,0.004415908362716436,0.3847583532333374,0.05,0.8333333333333334,0.8212506624271331,0.8258928571428571,0.9285779079411155,0.8320190779014308
53,0.009816920307710586,1.5484633445739746,1.548323154449463,0.002804652787744999,0.3736059367656708,0.05,0.7,0.6919934640522877,0.8070436507936508,0.8834795151127698,0.6856209150326796
54,0.0098057306968774,1.5353989601135254,1.5350568294525146,0.006842296104878187,0.41263940930366516,0.05,0.7,0.6892717163430864,0.8125,0.8899651241927186,0.6797739495032359
55,0.009794216038168352,1.4391884803771973,1.4388813972473145,0.006141779478639364,0.3847583532333374,0.05,0.7666666666666667,0.7628205128205128,0.8169642857142857,0.9270812335376014,0.7599358974358974
56,0.009782377118595071,1.3006194829940796,1.3004494905471802,0.0033990319352597,0.3475836515426636,0.05,0.7833333333333333,0.7491638795986623,0.7202380952380952,0.9168771861873277,0.7798587885544407
57,0.009770214747331984,1.1966478824615479,1.1964162588119507,0.004633009433746338,0.4219330847263336,0.05,0.7833333333333333,0.7424057424057424,0.7366071428571428,0.9147133166885526,0.7814389314389314
58,0.009757729755661011,1.126966118812561,1.1267569065093994,0.004185093566775322,0.40148699283599854,0.05,0.8166666666666667,0.7830687830687829,0.7946428571428571,0.9237885738475361,0.8179894179894179
59,0.009744922996914747,1.063223123550415,1.0630065202713013,0.004331021104007959,0.3587360680103302,0.05,0.8333333333333334,0.8042568542568542,0.7996031746031745,0.9188123579338202,0.8333585858585858
60,0.00973179534641814,0.9374748468399048,0.937301516532898,0.0034660177771002054,0.2955390214920044,0.05,0.7333333333333333,0.6327236327236326,0.6091269841269841,0.9261256464971087,0.7221039221039222
61,0.009718347701428667,0.9730265140533447,0.9728970527648926,0.0025893484707921743,0.17472118139266968,0.05,0.8666666666666667,0.8314481217707024,0.8368055555555555,0.9423751257477672,0.8660312805474095
62,0.009704580981074998,0.8819276094436646,0.8818079233169556,0.002393709495663643,0.180297389626503,0.05,0.7166666666666667,0.6835912835912836,0.7103174603174603,0.9174768878483501,0.7235258335258336
63,0.009690496126294182,0.9215548038482666,0.9212924242019653,0.005247179884463549,0.23977695405483246,0.05,0.75,0.7079371641174038,0.7529761904761904,0.9129845248654211,0.7633905194984153
64,0.009676094099767331,0.8869708180427551,0.8867612481117249,0.004191812127828598,0.2955390214920044,0.05,0.8166666666666667,0.7702951750808182,0.8055555555555555,0.9347026521260012,0.8207075742469561
65,0.009661375885853831,0.8544867634773254,0.8543673753738403,0.0023876021150499582,0.29739776253700256,0.05,0.8333333333333334,0.7956487956487956,0.7996031746031745,0.9373290766274257,0.8354312354312353
66,0.00964634249052405,0.8075794577598572,0.8074117302894592,0.0033546106424182653,0.306691437959671,0.05,0.8333333333333334,0.8050595238095237,0.8050595238095237,0.9348425585159076,0.8333333333333334
67,0.009630994941290591,0.8014836311340332,0.8012937903404236,0.003796635428443551,0.3159851133823395,0.05,0.8,0.7625562218890555,0.7951388888888888,0.9060341409987637,0.8002529985007496
68,0.009615334287138054,0.8265522122383118,0.8264378905296326,0.002286540577188134,0.3289962708950043,0.05,0.8,0.7567425437607994,0.7951388888888888,0.9274320794073153,0.8027270678386297
69,0.00959936159845135,0.7456803321838379,0.7455534338951111,0.0025379036087542772,0.3011152446269989,0.05,0.8,0.7625000000000001,0.7787698412698413,0.9532738455203078,0.8037499999999999
70,0.009583077966942534,0.7575073838233948,0.7573398947715759,0.0033495957031846046,0.3327137529850006,0.05,0.8333333333333334,0.7961551490514905,0.8050595238095237,0.9512038668878291,0.8350948509485094
71,0.009566484505576189,0.8334916830062866,0.8332734704017639,0.0043643866665661335,0.34200742840766907,0.05,0.8666666666666667,0.8222222222222223,0.8422619047619048,0.9426449794963947,0.8666666666666667
72,0.009549582348493355,0.8476280570030212,0.8475160002708435,0.0022408950608223677,0.3401486873626709,0.05,0.8666666666666667,0.8222222222222223,0.8422619047619048,0.9453795134809285,0.8666666666666667
73,0.009532372650934018,0.8553832173347473,0.8552884459495544,0.001895760535262525,0.2825278639793396,0.05,0.8833333333333333,0.8359788359788359,0.8472222222222222,0.9532098317475676,0.8851851851851851
74,0.009514856589158148,0.7463562488555908,0.7462212443351746,0.0027004980947822332,0.267657995223999,0.05,0.8166666666666667,0.7824786324786325,0.7891865079365079,0.9443384947512307,0.818354700854701
75,0.009497035360365296,0.7869115471839905,0.7867425680160522,0.003379556117579341,0.2825278639793396,0.05,0.8666666666666667,0.8226223222472284,0.8368055555555555,0.9530136508320469,0.8678753021588731
76,0.00947891018261278,0.7401503324508667,0.7400760054588318,0.0014864059630781412,0.3401486873626709,0.05,0.8333333333333334,0.788543228385807,0.8214285714285715,0.950136570714401,0.8338611944027986
77,0.00946048229473242,0.7753744125366211,0.7752866148948669,0.0017559595871716738,0.3847583532333374,0.05,0.85,0.801930320150659,0.8318452380952381,0.9580887371276523,0.8515607344632768
78,0.009441752956245879,0.7290400266647339,0.7289570569992065,0.0016595975030213594,0.4739776849746704,0.05,0.8166666666666667,0.7761485352948766,0.7946428571428571,0.9410968900945317,0.8204453800490386
79,0.009422723447278559,0.6886721253395081,0.6885891556739807,0.0016592020401731133,0.4944237768650055,0.05,0.7833333333333333,0.7485042735042735,0.7628968253968255,0.9208182028052311,0.7867628205128205
80,0.00940339506847212,0.6844367980957031,0.6842957735061646,0.0028200687374919653,0.48513010144233704,0.05,0.8166666666666667,0.7824786324786325,0.7891865079365079,0.9420935131430414,0.818354700854701
81,0.009383769140895582,0.6872977614402771,0.6871111989021301,0.0037310600746423006,0.4795539081096649,0.05,0.85,0.8185445398560153,0.8263888888888888,0.9483702225447509,0.8490892531876137
82,0.009363847005955023,0.738981306552887,0.7388855218887329,0.0019151140004396439,0.42565056681632996,0.05,0.8666666666666667,0.8313319530710835,0.8422619047619048,0.9398197343362439,0.8651207729468599
83,0.009343630025301902,0.8055940866470337,0.8055344820022583,0.001192243304103613,0.3977695107460022,0.05,0.8666666666666667,0.843029133351714,0.8368055555555555,0.9464162126308353,0.8653708298869589
84,0.00932311958073999,0.7404985427856445,0.7404265403747559,0.0014403145760297775,0.29739776253700256,0.05,0.8333333333333334,0.7898692810457516,0.7624007936507936,0.9472396325285476,0.8301797385620915
85,0.009302317074130931,0.7055546641349792,0.7054952383041382,0.001189019763842225,0.2509293556213379,0.05,0.8,0.7615705931495406,0.7306547619047619,0.9534086524062939,0.7959983291562238
86,0.009281223927298419,0.7311251163482666,0.7310508489608765,0.0014858365757390857,0.2750929296016693,0.05,0.85,0.8034623629818388,0.7782738095238094,0.9506296027522443,0.8467863932370666
87,0.009259841581931017,0.6364263892173767,0.6363875865936279,0.0007763822213746607,0.30297398567199707,0.05,0.85,0.8174825174825174,0.7837301587301587,0.9476807696147319,0.8466083916083916
88,0.00923817149948363,0.679882824420929,0.6798662543296814,0.0003317973460070789,0.29182156920433044,0.05,0.8,0.7554828150572831,0.7579365079365079,0.9516535831394322,0.7963338788870704
89,0.00921621516107761,0.7071453928947449,0.7071189880371094,0.00052844756282866,0.3698884844779968,0.05,0.8166666666666667,0.7928007632925667,0.8000992063492064,0.9499555083281498,0.8160473588342441
90,0.009193974067399517,0.6176426410675049,0.617617666721344,0.000499481859151274,0.4163568615913391,0.05,0.8333333333333334,0.8042568542568542,0.7996031746031745,0.9449570345796761,0.8333585858585858
91,0.009171449738598562,0.6261582970619202,0.6260625123977661,0.001915379543788731,0.4684014916419983,0.05,0.8333333333333334,0.8042568542568542,0.7996031746031745,0.9477855794188342,0.8333585858585858
92,0.009148643714182699,0.6053957939147949,0.6053504943847656,0.0009056191775016487,0.5204460620880127,0.05,0.8166666666666667,0.7914410792459573,0.7891865079365079,0.9449075393945677,0.8166541588492807
93,0.009125557552913402,0.6119017601013184,0.6118291020393372,0.0014537177048623562,0.48513010144233704,0.05,0.8333333333333334,0.8050595238095237,0.8050595238095237,0.9330959484261371,0.8333333333333334
94,0.009102192832699127,0.5876917839050293,0.5876374244689941,0.001087451702915132,0.5167286396026611,0.05,0.8333333333333334,0.8050595238095237,0.8050595238095237,0.9356070641448001,0.8333333333333334
95,0.009078551150487465,0.5641894936561584,0.5641573667526245,0.0006424381281249225,0.4479553997516632,0.05,0.8166666666666667,0.7902064767736409,0.7837301587301587,0.9407309256955484,0.8162839647914275
96,0.00905463412215599,0.5860128998756409,0.5859739780426025,0.0007789084920659661,0.43308550119400024,0.05,0.8,0.7694783197831979,0.7787698412698413,0.9378741835994195,0.8013550135501355
97,0.009030443382401818,0.5824580788612366,0.5824390649795532,0.00038073069299571216,0.38104090094566345,0.05,0.8,0.770109193965158,0.7842261904761904,0.9315865552599044,0.8009085604734517
98,0.009005980584629878,0.5573453307151794,0.5573309063911438,0.00028852169634774327,0.39591076970100403,0.05,0.8333333333333334,0.7962962962962963,0.8159722222222222,0.9414126393784411,0.8333333333333334
99,0.008981247400839902,0.5855371952056885,0.5855270624160767,0.00020296650473028421,0.3791821599006653,0.05,0.8166666666666667,0.7833250538168571,0.8000992063492064,0.9337136483362899,0.8172089749958603
100,0.00895624552151215,0.5904083251953125,0.5903811454772949,0.0005433022161014378,0.410780668258667,0.05,0.8333333333333334,0.7961551490514905,0.8050595238095237,0.9387017430944319,0.8350948509485094
101,0.008930976655491857,0.652341902256012,0.6522709727287292,0.0014183366438373923,0.44052043557167053,0.05,0.8333333333333334,0.7956487956487956,0.7996031746031745,0.9446822013154561,0.8354312354312353
102,0.008905442529872458,0.600562572479248,0.6005515456199646,0.00022102824004832655,0.410780668258667,0.05,0.8166666666666667,0.7830687830687829,0.7946428571428571,0.9359244932652951,0.8179894179894179
103,0.008879644889877513,0.6336718797683716,0.6336635947227478,0.00016619933012407273,0.4033457338809967,0.05,0.8166666666666667,0.7830687830687829,0.7946428571428571,0.9310617863094279,0.8179894179894179
104,0.008853585498741453,0.5705579519271851,0.5705280900001526,0.0005973524530418217,0.449814110994339,0.05,0.8,0.762878787878788,0.7896825396825397,0.9191152684666836,0.8018560606060606
105,0.008827266137589043,0.6689305901527405,0.6688735485076904,0.0011406629346311092,0.4368029832839966,0.05,0.8,0.7573187414500685,0.7896825396825397,0.9256050171439322,0.8045964432284543
106,0.008800688605313658,0.7193965315818787,0.7192615270614624,0.0026996764354407787,0.47769516706466675,0.05,0.7833333333333333,0.7440877990540479,0.7738095238095237,0.9235206399121494,0.7882995821279332
107,0.008773854718454323,0.6171380281448364,0.6170734763145447,0.001291345921345055,0.4665427505970001,0.05,0.8166666666666667,0.7830687830687829,0.7946428571428571,0.9344978920450618,0.8179894179894179
108,0.008746766311071562,0.5945819020271301,0.5945280194282532,0.0010781977325677872,0.44052043557167053,0.05,0.8166666666666667,0.7830687830687829,0.7946428571428571,0.937589391304014,0.8179894179894179
109,0.008719425234622036,0.585616946220398,0.5855884552001953,0.0005699871690012515,0.44052043557167053,0.05,0.7833333333333333,0.749698182742407,0.7738095238095237,0.9240866248531342,0.7856120536281611
110,0.008691833357832001,0.576572597026825,0.5765053629875183,0.0013445554068312049,0.4312267601490021,0.05,0.7666666666666667,0.7307037543699652,0.7633928571428571,0.9266898316131806,0.7705395956832345
111,0.008663992566569587,0.6373566389083862,0.6372358798980713,0.0024154421407729387,0.3977695107460022,0.05,0.7666666666666667,0.7362391193036354,0.7579365079365079,0.9339894415071303,0.7691532258064516
112,0.00863590476371589,0.6110012531280518,0.6109409928321838,0.001204886008054018,0.36802974343299866,0.05,0.8,0.7628648233486942,0.7842261904761904,0.9351404895331782,0.803024193548387
113,0.008607571869034929,0.6071350574493408,0.6070656180381775,0.0013889147667214274,0.3531598448753357,0.05,0.8,0.7628648233486942,0.7842261904761904,0.9394144137658289,0.803024193548387
114,0.008578995819042416,0.5945913195610046,0.5945673584938049,0.0004787131620105356,0.3271375298500061,0.05,0.8166666666666667,0.7761485352948766,0.7946428571428571,0.9536407698259114,0.8204453800490386
115,0.00855017856687341,0.5899695158004761,0.5899470448493958,0.00044896674808114767,0.321561336517334,0.05,0.8,0.7625000000000001,0.7787698412698413,0.9623004474124758,0.8037499999999999
116,0.00852112208214882,0.6499360799789429,0.6498532295227051,0.0016564149409532547,0.3773234188556671,0.05,0.8666666666666667,0.8226223222472284,0.8368055555555555,0.9642160010674162,0.8678753021588731
117,0.008491828350840775,0.6357455253601074,0.6356942653656006,0.0010249193292111158,0.4033457338809967,0.05,0.8666666666666667,0.8228319783197833,0.8313492063492064,0.9561159490404774,0.8688346883468835
118,0.0084622993751369,0.6112159490585327,0.6111782789230347,0.0007539030630141497,0.33828994631767273,0.05,0.8666666666666667,0.8228319783197833,0.8313492063492064,0.9570852147503092,0.8688346883468835
119,0.008432537173303462,0.6294947266578674,0.6294420957565308,0.0010526515543460846,0.33828994631767273,0.05,0.8166666666666667,0.7801932367149759,0.7782738095238096,0.946486045837461,0.8177536231884057
120,0.00840254377954742,0.6879014372825623,0.6877249479293823,0.00352984806522727,0.3698884844779968,0.05,0.8333333333333334,0.7948242360007066,0.7941468253968255,0.9348348192687815,0.8353824412647941
121,0.008372321243877393,0.6517969965934753,0.6517499089241028,0.0009422283037565649,0.3661710023880005,0.05,0.8333333333333334,0.7963657581061933,0.810515873015873,0.9428852561222846,0.8343919313161623
122,0.00834187163196355,0.6786370277404785,0.6786006689071655,0.0007267848704941571,0.3791821599006653,0.05,0.8333333333333334,0.7963657581061933,0.810515873015873,0.9348706357845509,0.8343919313161623
123,0.008311197024996417,0.6490826606750488,0.6490322351455688,0.0010082382941618562,0.3736059367656708,0.05,0.8333333333333334,0.7963657581061933,0.810515873015873,0.9350532580190599,0.8343919313161623
124,0.008280299519544634,0.6256140470504761,0.625560462474823,0.0010712262010201812,0.3903345763683319,0.05,0.8333333333333334,0.7956487956487956,0.7996031746031745,0.940906648601224,0.8354312354312353
125,0.008249181227411657,0.6558111310005188,0.6557694673538208,0.0008329090196639299,0.360594779253006,0.05,0.8333333333333334,0.7956487956487956,0.7996031746031745,0.9403452232166855,0.8354312354312353
126,0.008217844275491416,0.6427879929542542,0.6427658200263977,0.0004431887064129114,0.3401486873626709,0.05,0.8666666666666667,0.8310245310245311,0.8258928571428571,0.9413555249345343,0.867020202020202
127,0.008186290805622951,0.5997194647789001,0.5996995568275452,0.00039847963489592075,0.3457249104976654,0.05,0.8666666666666667,0.8313492063492064,0.8313492063492064,0.9509991068068898,0.8666666666666667
128,0.008154522974444009,0.569878876209259,0.5698667168617249,0.00024264020612463355,0.34944236278533936,0.05,0.8666666666666667,0.8313492063492064,0.8313492063492064,0.949956498231852,0.8666666666666667
129,0.008122542953243656,0.5732368230819702,0.5732196569442749,0.000343489577062428,0.34386616945266724,0.05,0.8833333333333333,0.8554334554334555,0.841765873015873,0.9507005458508996,0.8823076923076923
130,0.008090352927813856,0.5898136496543884,0.5898023843765259,0.0002253005950478837,0.360594779253006,0.05,0.8666666666666667,0.8314481217707024,0.8368055555555555,0.9577722679137773,0.8660312805474095
131,0.008057955098300092,0.5570679306983948,0.5570584535598755,0.00018894815002568066,0.3921933174133301,0.05,0.8666666666666667,0.8314481217707024,0.8368055555555555,0.9566842737538493,0.8660312805474095
132,0.008025351679050973,0.5988968014717102,0.5988747477531433,0.00044065763358958066,0.4293680191040039,0.05,0.8666666666666667,0.8228319783197833,0.8313492063492064,0.9644267005705686,0.8688346883468835
133,0.0079925448984669,0.593721866607666,0.5936695337295532,0.001047060126438737,0.4219330847263336,0.05,0.8666666666666667,0.8228319783197833,0.8313492063492064,0.9635632045714594,0.8688346883468835
134,0.007959536998847744,0.5900553464889526,0.5900390148162842,0.0003270571760367602,0.4182156026363373,0.05,0.8666666666666667,0.8228319783197833,0.8313492063492064,0.9628191569524116,0.8688346883468835
135,0.007926330236239594,0.5720248818397522,0.5719858407974243,0.0007809290545992553,0.48513010144233704,0.05,0.8666666666666667,0.8228319783197833,0.8313492063492064,0.963310629141997,0.8688346883468835
136,0.00789292688028057,0.5659568309783936,0.5659345388412476,0.0004455273156054318,0.3736059367656708,0.05,0.85,0.8095238095238094,0.8209325396825397,0.9655777485966165,0.8515873015873014
137,0.00785932921404568,0.54561448097229,0.5455973148345947,0.0003428864001762122,0.4182156026363373,0.05,0.8833333333333333,0.8354860076171552,0.8526785714285715,0.9632406759470439,0.8839998344096703
138,0.007825539533890782,0.5809597969055176,0.5809282064437866,0.0006315351347438991,0.42750927805900574,0.05,0.85,0.8094017094017095,0.8154761904761904,0.9627492037574585,0.8522649572649573
139,0.007791560149295626,0.5573945641517639,0.5573691129684448,0.000508971861563623,0.4237918257713318,0.05,0.8333333333333334,0.7956487956487956,0.7996031746031745,0.9595486351087766,0.8354312354312353
140,0.007757393382706014,0.5850332975387573,0.5849928855895996,0.0008076497470028698,0.4089219272136688,0.05,0.8333333333333334,0.7956487956487956,0.7996031746031745,0.9497652668348424,0.8354312354312353
141,0.00772304156937506,0.544242262840271,0.5442211031913757,0.0004233699291944504,0.49070632457733154,0.05,0.8166666666666667,0.7815309417823165,0.7837301587301587,0.9460732259965751,0.8182857641616478
142,0.00768850705720357,0.5368862748146057,0.5368670225143433,0.0003847466432489455,0.4925650358200073,0.05,0.8166666666666667,0.7758547008547009,0.7891865079365079,0.9404928688537179,0.8211217948717949
143,0.00765379220657958,0.5664839744567871,0.5664613842964172,0.0004515167383942753,0.5092936754226685,0.05,0.8166666666666667,0.7758547008547009,0.7891865079365079,0.9441849096919852,0.8211217948717949
144,0.007618899390217016,0.5685518980026245,0.5685279369354248,0.00047887468826957047,0.578066885471344,0.05,0.85,0.8277777777777778,0.8472222222222222,0.9446268866964621,0.8521153846153846
145,0.007583830992993526,0.5370491147041321,0.5370324850082397,0.0003329901082906872,0.47026023268699646,0.05,0.85,0.8277777777777778,0.8472222222222222,0.9459323597000484,0.8521153846153846
146,0.007548589411787477,0.5822270512580872,0.5821899175643921,0.0007428030367009342,0.45724907517433167,0.05,0.85,0.8277777777777778,0.8472222222222222,0.9569667262768679,0.8521153846153846
147,0.007513177055314133,0.5439220666885376,0.543907642364502,0.00028805845067836344,0.4888475835323334,0.05,0.8666666666666667,0.8345597877231145,0.8685515873015873,0.9651580294268972,0.8712593141111677
148,0.0074775963439610155,0.5370331406593323,0.5370228290557861,0.00020648135978262872,0.4312267601490021,0.05,0.85,0.8210084033613446,0.8526785714285715,0.9691453615392294,0.8544957983193278
149,0.007441849709622487,0.5545899868011475,0.5545805096626282,0.00018912993255071342,0.41449815034866333,0.05,0.8333333333333334,0.7895833333333333,0.8050595238095237,0.9687033845347525,0.8379166666666668
150,0.007405939595533515,0.5584167838096619,0.5583983659744263,0.00036859206738881767,0.4739776849746704,0.05,0.85,0.8032051282051281,0.8154761904761904,0.9702946097403645,0.8554807692307693
151,0.007369868456102699,0.5326148271560669,0.5326011776924133,0.00027311197482049465,0.45724907517433167,0.05,0.8333333333333334,0.789407230196704,0.7996031746031745,0.958537493472635,0.8385998139287613
152,0.0073336387567445056,0.543004035949707,0.5429701209068298,0.0006786835147067904,0.4795539081096649,0.05,0.8166666666666667,0.7752285867957509,0.7837301587301587,0.9620751093333642,0.8213905136479763
153,0.007297252973710758,0.5692540407180786,0.5692209005355835,0.0006628221599385142,0.4553903341293335,0.05,0.8333333333333334,0.7895833333333333,0.8050595238095237,0.9599061403306687,0.8379166666666668
154,0.007260713593921394,0.5385407209396362,0.538530707359314,0.00020059860253240913,0.4052044451236725,0.05,0.8666666666666667,0.8161162314388121,0.8368055555555555,0.9448444855284478,0.8707661290322581
155,0.007224023114794484,0.6207894086837769,0.6207342147827148,0.0011041902471333742,0.4089219272136688,0.05,0.8333333333333334,0.7895833333333333,0.8050595238095237,0.9529008618041637,0.8379166666666668
156,0.00718718404407554,0.5925493240356445,0.5925136804580688,0.000712506182026118,0.44609665870666504,0.05,0.8166666666666667,0.7752285867957509,0.7837301587301587,0.9465134031761391,0.8213905136479763
157,0.0071501988996661115,0.5441215634346008,0.5440677404403687,0.0010770130902528763,0.3698884844779968,0.05,0.8333333333333334,0.789407230196704,0.7996031746031745,0.9497847649380668,0.8385998139287613
158,0.007113070209451689,0.5495679974555969,0.5495395064353943,0.0005700311157852411,0.3736059367656708,0.05,0.8333333333333334,0.7956487956487956,0.7996031746031745,0.9509707895615914,0.8354312354312353
159,0.007075800511128927,0.5542508959770203,0.5542395710945129,0.00022643906413577497,0.3791821599006653,0.05,0.85,0.8095238095238094,0.8209325396825397,0.9487036701069719,0.8515873015873014
160,0.0070383923520322,0.5311997532844543,0.5311901569366455,0.0001922180235851556,0.4163568615913391,0.05,0.85,0.8095238095238094,0.8209325396825397,0.9390398702014268,0.8515873015873014
161,0.007000848288959491,0.5400488376617432,0.540031909942627,0.00033818779047578573,0.4368029832839966,0.05,0.85,0.8095238095238094,0.8209325396825397,0.931965598386589,0.8515873015873014
162,0.006963170887997639,0.5563490986824036,0.5563337206840515,0.00030707777477800846,0.49070632457733154,0.05,0.85,0.8095238095238094,0.8209325396825397,0.9309194801529707,0.8515873015873014
163,0.006925362724346952,0.5354995727539062,0.5354840755462646,0.00031020533060655,0.5185873508453369,0.05,0.8333333333333334,0.7961551490514905,0.8050595238095237,0.9136172233165158,0.8350948509485094
164,0.006887426382145193,0.5346524119377136,0.5346299409866333,0.00044999501551501453,0.5464683771133423,0.05,0.8333333333333334,0.7961551490514905,0.8050595238095237,0.9162144906543491,0.8350948509485094
165,0.006849364454290958,0.53437739610672,0.5343522429466248,0.0005033647175878286,0.524163544178009,0.05,0.8333333333333334,0.7961551490514905,0.8050595238095237,0.9231147194000968,0.8350948509485094
166,0.006811179542266458,0.565185546875,0.565122127532959,0.0012685894034802914,0.5371747016906738,0.05,0.8333333333333334,0.7961551490514905,0.8050595238095237,0.9307931324440758,0.8350948509485094
167,0.006772874255959703,0.5513489842414856,0.5513290166854858,0.0003990682016592473,0.47026023268699646,0.05,0.8333333333333334,0.7894905273937532,0.810515873015873,0.9261888203515563,0.8368951612903227
168,0.006734451213486133,0.5631638169288635,0.5631371140480042,0.0005345146637409925,0.5260223150253296,0.05,0.8333333333333334,0.7894905273937532,0.810515873015873,0.9139402318942413,0.8368951612903227
169,0.006695913041009662,0.5375943779945374,0.5375605821609497,0.0006762075936421752,0.449814110994339,0.05,0.8166666666666667,0.7708897766756976,0.8000992063492064,0.9126560568187928,0.822452587592414
170,0.006657262372563185,0.5639156699180603,0.5638673305511475,0.0009664091048762202,0.4814126193523407,0.05,0.8,0.7534391534391535,0.7896825396825397,0.9156740032329654,0.8081481481481483
171,0.006618501849868548,0.5458104610443115,0.5457704663276672,0.000799665052909404,0.45724907517433167,0.05,0.7833333333333333,0.7396458342457555,0.779265873015873,0.9048222588906553,0.7899363494357582
172,0.006579634122155991,0.5523219108581543,0.5522811412811279,0.0008156847907230258,0.3717471957206726,0.05,0.7833333333333333,0.7396458342457555,0.779265873015873,0.8996652205673432,0.7899363494357582
173,0.006540661845983073,0.5476306080818176,0.5475699305534363,0.0012138055171817541,0.3736059367656708,0.05,0.8166666666666667,0.7702951750808182,0.8055555555555555,0.8897821419932269,0.8207075742469561
174,0.0065015876850531016,0.5762487649917603,0.5762352347373962,0.00027047324692830443,0.38661709427833557,0.05,0.8,0.7509452692740041,0.7896825396825397,0.8792667249329984,0.8080154454809559
175,0.006462414310033072,0.5475751757621765,0.5475543737411499,0.00041619502007961273,0.449814110994339,0.05,0.8,0.7509452692740041,0.7896825396825397,0.8954853671834804,0.8080154454809559
176,0.0064231443983711325,0.5312329530715942,0.5312135815620422,0.0003873029490932822,0.48327136039733887,0.05,0.8166666666666667,0.7647550776583035,0.7946428571428571,0.9067012760998611,0.8271266427718041
177,0.006383780634113578,0.5516476631164551,0.5515815019607544,0.0013232348719611764,0.5223048329353333,0.05,0.8166666666666667,0.7647550776583035,0.7946428571428571,0.9316337106726258,0.8271266427718041
178,0.006344325707721409,0.5495719313621521,0.5495358109474182,0.0007225527660921216,0.5520446300506592,0.05,0.8,0.7509157509157509,0.7787698412698413,0.9561936414825566,0.8101546601546602
179,0.006304782315886434,0.5523739457130432,0.5523497462272644,0.00048449888709001243,0.5669144988059998,0.05,0.8166666666666667,0.771210706504824,0.7946428571428571,0.9674592855607006,0.8238390911920325
180,0.0062651531613469565,0.5332384705543518,0.5332289934158325,0.00018938568246085197,0.5334572196006775,0.05,0.8333333333333334,0.7894905273937532,0.810515873015873,0.9649823065212216,0.8368951612903227
181,0.00622544095270305,0.5556415915489197,0.5556015968322754,0.0008001858950592577,0.5650557279586792,0.05,0.85,0.8094055307170062,0.8263888888888888,0.9599011608150759,0.8506044047027653
182,0.006185648404231421,0.5629181265830994,0.5629045963287354,0.00027102354215458035,0.5223048329353333,0.05,0.8333333333333334,0.7962962962962963,0.8159722222222222,0.9572833154790702,0.8333333333333334
183,0.0061457782356999025,0.5694251656532288,0.5694105625152588,0.00029152576462365687,0.5111523866653442,0.05,0.85,0.8025638581776592,0.8263888888888888,0.9590162468995017,0.8531428707586731
184,0.006105833172181549,0.5335006713867188,0.5334892272949219,0.00022919269395060837,0.5408921837806702,0.05,0.8333333333333334,0.7895833333333333,0.8050595238095237,0.9518420248078266,0.8379166666666668
185,0.006065815943868391,0.5324361324310303,0.5324220061302185,0.0002823368995450437,0.5743494629859924,0.05,0.8166666666666667,0.7758547008547009,0.7891865079365079,0.9523966708518596,0.8211217948717949
186,0.006025729285884828,0.5665563344955444,0.5665134191513062,0.0008584072347730398,0.5557620525360107,0.05,0.8166666666666667,0.7758547008547009,0.7891865079365079,0.9495953633630521,0.8211217948717949
187,0.005985575938100685,0.5587483048439026,0.5587252378463745,0.0004611210897564888,0.613382875919342,0.05,0.8333333333333334,0.7895833333333333,0.8050595238095237,0.9495953633630521,0.8379166666666668
188,0.005945358644943944,0.5285854935646057,0.5285720825195312,0.0002685997460503131,0.5687732100486755,0.05,0.85,0.8029907084785134,0.8209325396825397,0.94756036132805,0.8544497677119628
189,0.005905080155213171,0.5421175956726074,0.5420876145362854,0.0005998509586788714,0.5576208233833313,0.05,0.8666666666666667,0.8161162314388121,0.8368055555555555,0.9401198851375737,0.8707661290322581
190,0.005864743221889634,0.531372606754303,0.5313569903373718,0.00031260764808394015,0.5315985083580017,0.05,0.8666666666666667,0.8161162314388121,0.8368055555555555,0.9382597660899549,0.8707661290322581
191,0.005824350601949144,0.526395857334137,0.526384711265564,0.00022294135123956949,0.5297397971153259,0.05,0.8666666666666667,0.8161162314388121,0.8368055555555555,0.9373612934933689,0.8707661290322581
192,0.0057839050561736185,0.5389013290405273,0.5388839840888977,0.00034706760197877884,0.5297397971153259,0.05,0.8833333333333333,0.8289966958952854,0.8526785714285715,0.9272187401609572,0.8869082793239293
193,0.005743409348962387,0.5378924012184143,0.5378814935684204,0.00021814819774590433,0.5167286396026611,0.05,0.8833333333333333,0.8289966958952854,0.8526785714285715,0.9299824313090822,0.8869082793239293
194,0.005702866248143243,0.5258443355560303,0.525835394859314,0.00017933476192411035,0.4665427505970001,0.05,0.8666666666666667,0.8116042640502307,0.8368055555555555,0.9294909591194968,0.8746069946467966
195,0.005662278524783272,0.5444653630256653,0.5444276332855225,0.0007542133098468184,0.5092936754226685,0.05,0.8666666666666667,0.8116042640502307,0.8368055555555555,0.9240019730880581,0.8746069946467966
196,0.005621648952999453,0.5449719429016113,0.5449621081352234,0.00019626994617283344,0.542750895023346,0.05,0.85,0.7984593837535013,0.8209325396825397,0.9253919178742293,0.8582703081232492
197,0.005580980309769044,0.539892852306366,0.539882481098175,0.00020749274699483067,0.5167286396026611,0.05,0.85,0.7984593837535013,0.8209325396825397,0.9232229488715338,0.8582703081232492
198,0.005540275374739791,0.538922905921936,0.5389113426208496,0.00023068295558914542,0.5074349641799927,0.05,0.8666666666666667,0.8166666666666668,0.8313492063492064,0.9204430592991913,0.8720833333333334
199,0.0054995369300399315,0.5218439102172852,0.5218333005905151,0.0002127196203218773,0.5148698687553406,0.05,0.8666666666666667,0.8166666666666668,0.8313492063492064,0.924626572327044,0.8720833333333334
200,0.005458767760088046,0.5180848240852356,0.5180739164352417,0.00021759372611995786,0.5167286396026611,0.05,0.8666666666666667,0.8166666666666668,0.8313492063492064,0.9264235175202157,0.8720833333333334
201,0.0054179706514027445,0.5416020750999451,0.5415923595428467,0.00019438356684986502,0.5,0.05,0.8666666666666667,0.8166666666666668,0.8313492063492064,0.9305438566936209,0.8720833333333334
202,0.005377148392412213,0.5144457817077637,0.5144360065460205,0.00019586631970014423,0.4795539081096649,0.05,0.8666666666666667,0.8166666666666668,0.8313492063492064,0.9362435422282122,0.8720833333333334
203,0.005336303773263628,0.5273128151893616,0.5272976160049438,0.0003044444019906223,0.4814126193523407,0.05,0.8833333333333333,0.8244937319189972,0.8526785714285715,0.9371420148247979,0.8907585985213757
204,0.005295439585632452,0.5211048126220703,0.521095871925354,0.00017933962226379663,0.5092936754226685,0.05,0.8666666666666667,0.8105487156102752,0.8422619047619048,0.9359909667987498,0.8727101383188934
205,0.005254558622531626,0.5246172547340393,0.5246073007583618,0.00019944347150158137,0.49628251791000366,0.05,0.85,0.7976917542973473,0.8263888888888888,0.9260607928060759,0.8566055930568948
206,0.005213663678120677,0.5408313870429993,0.5408192276954651,0.00024280954676214606,0.5148698687553406,0.05,0.85,0.7976917542973473,0.8263888888888888,0.9222356249184079,0.8566055930568948
207,0.005172757547514729,0.5199596285820007,0.5199484825134277,0.00022306838945951313,0.5371747016906738,0.05,0.85,0.7976917542973473,0.8263888888888888,0.9214566007018837,0.8566055930568948
208,0.0051318430265934745,0.5222936272621155,0.5222797989845276,0.000276746490271762,0.5687732100486755,0.05,0.8666666666666667,0.8226223222472284,0.8368055555555555,0.923281743152026,0.8678753021588731
209,0.005090922911810069,0.5127301812171936,0.5127171277999878,0.00026136147789657116,0.5929368138313293,0.05,0.8666666666666667,0.8226223222472284,0.8368055555555555,0.9253312637746601,0.8678753021588731
210,0.005050000000000001,0.5164290070533752,0.5164157152175903,0.00026605301536619663,0.589219331741333,0.05,0.85,0.8095238095238094,0.8209325396825397,0.9258577125617221,0.8515873015873014
211,0.005009077088189933,0.5261548161506653,0.5261447429656982,0.00020166192553006113,0.5873605608940125,0.05,0.85,0.8095238095238094,0.8209325396825397,0.9240325701115797,0.8515873015873014
212,0.004968156973406526,0.5424891114234924,0.5424733757972717,0.00031530309934169054,0.5799256563186646,0.05,0.85,0.8095238095238094,0.8209325396825397,0.9244890657036883,0.8515873015873014
213,0.0049272424524852716,0.5212740898132324,0.5212651491165161,0.00017877404752653092,0.5613383054733276,0.05,0.8333333333333334,0.7961551490514905,0.8050595238095237,0.926209278361401,0.8350948509485094
214,0.004886336321879326,0.5232511162757874,0.523223876953125,0.0005444522248581052,0.5855018496513367,0.05,0.85,0.8095238095238094,0.8209325396825397,0.9299362957971448,0.8515873015873014
215,0.004845441377468376,0.5426278114318848,0.5426104664802551,0.0003470125375315547,0.5334572196006775,0.05,0.85,0.8095238095238094,0.8209325396825397,0.9267357271484631,0.8515873015873014
216,0.004804560414367551,0.5146583914756775,0.5146486759185791,0.00019457703456282616,0.542750895023346,0.05,0.85,0.8095238095238094,0.8209325396825397,0.9137781876579046,0.8515873015873014
217,0.004763696226736375,0.5314711332321167,0.5314593315124512,0.00023606674221809953,0.5260223150253296,0.05,0.85,0.8095238095238094,0.8209325396825397,0.9113003687001328,0.8515873015873014
218,0.0047228516075877875,0.5138698816299438,0.5138609409332275,0.00017920682148542255,0.5706319808959961,0.05,0.85,0.8029907084785134,0.8209325396825397,0.9096860457414703,0.8544497677119628
219,0.004682029348597257,0.5276691913604736,0.527633011341095,0.0007231595227494836,0.5148698687553406,0.05,0.8333333333333334,0.7895833333333333,0.8050595238095237,0.9127534873407516,0.8379166666666668
220,0.004641232239911956,0.5329359173774719,0.53291255235672,0.00046691513853147626,0.5055761933326721,0.05,0.8,0.757510055304173,0.7787698412698413,0.9140939369418142,0.8070889894419306
221,0.00460046306996007,0.5124589800834656,0.5124503374099731,0.00017282561748288572,0.4665427505970001,0.05,0.8,0.757510055304173,0.7787698412698413,0.9082192484315126,0.8070889894419306
222,0.00455972462526021,0.5401735305786133,0.5401415824890137,0.000638781173620373,0.5,0.05,0.7833333333333333,0.743962029256147,0.7683531746031745,0.9168327905061395,0.7894078742608154
223,0.0045190196902309574,0.5271496772766113,0.5271393656730652,0.00020666942873504013,0.43866169452667236,0.05,0.8166666666666667,0.7708897766756976,0.8000992063492064,0.9257186460901083,0.822452587592414
224,0.00447835104700055,0.5479305982589722,0.5479148030281067,0.0003162597422488034,0.4665427505970001,0.05,0.8166666666666667,0.771210706504824,0.7946428571428571,0.9341539455041814,0.8238390911920325
225,0.004437721475216731,0.5158782601356506,0.5158722400665283,0.00012030822108499706,0.4163568615913391,0.05,0.8166666666666667,0.771210706504824,0.7946428571428571,0.9367303948671873,0.8238390911920325
226,0.00439713375185676,0.5249226093292236,0.5249156951904297,0.00013832272088620812,0.4684014916419983,0.05,0.7833333333333333,0.7434468524251807,0.7628968253968255,0.9410610735787625,0.790030959752322
227,0.004356590651037616,0.5298290252685547,0.5298144221305847,0.0002922108396887779,0.4368029832839966,0.05,0.7833333333333333,0.7434468524251807,0.7628968253968255,0.9435670897935049,0.790030959752322
228,0.004316094943826382,0.5441927909851074,0.5441768169403076,0.00031992976437322795,0.4237918257713318,0.05,0.8,0.761762360446571,0.7733134920634921,0.947448532206787,0.8040171451355661
229,0.0042756493980508565,0.5304178595542908,0.5304043292999268,0.0002704321523196995,0.4423791766166687,0.05,0.8333333333333334,0.7895833333333333,0.8050595238095237,0.948599580232835,0.8379166666666668
230,0.0042352567781103675,0.5169856548309326,0.5169781446456909,0.00015016573888715357,0.45910781621932983,0.05,0.8333333333333334,0.7895833333333333,0.8050595238095237,0.9495467080962364,0.8379166666666668
231,0.004194919844786831,0.5245831608772278,0.5245763063430786,0.00013737431436311454,0.47026023268699646,0.05,0.8666666666666667,0.8228319783197833,0.8313492063492064,0.950290755715284,0.8688346883468835
232,0.004154641355056057,0.5179609656333923,0.5179526209831238,0.00016723405860830098,0.4349442422389984,0.05,0.8666666666666667,0.8228319783197833,0.8313492063492064,0.9414604547269642,0.8688346883468835
233,0.004114424061899316,0.535184383392334,0.5351743698120117,0.0002006458380492404,0.4628252685070038,0.05,0.8666666666666667,0.8228319783197833,0.8313492063492064,0.9277725462866971,0.8688346883468835
234,0.004074270714115174,0.5293717384338379,0.5293639302253723,0.0001557677169330418,0.48327136039733887,0.05,0.8666666666666667,0.8228319783197833,0.8313492063492064,0.9197707647000101,0.8688346883468835
235,0.004034184056131611,0.5166960954666138,0.5166893005371094,0.00013548061542678624,0.5037174820899963,0.05,0.8666666666666667,0.8228319783197833,0.8313492063492064,0.9079924704924706,0.8688346883468835
236,0.003994166827818454,0.5298904180526733,0.5298817157745361,0.00017417396884411573,0.5074349641799927,0.05,0.8666666666666667,0.8313492063492064,0.8313492063492064,0.9058729966748835,0.8666666666666667
237,0.003954221764300101,0.5298601984977722,0.5298526287078857,0.0001511197187937796,0.5371747016906738,0.05,0.85,0.7976917542973473,0.8263888888888888,0.9237646361761929,0.8566055930568948
238,0.003914351595768582,0.5519241094589233,0.551913857460022,0.00020498539379332215,0.5650557279586792,0.05,0.85,0.7976917542973473,0.8263888888888888,0.9241716365831932,0.8566055930568948
239,0.0038745590472969507,0.552175760269165,0.5521373748779297,0.0007678060792386532,0.5762081742286682,0.05,0.8666666666666667,0.8161162314388121,0.8368055555555555,0.9344755142219765,0.8707661290322581
240,0.0038348468386530444,0.5405302047729492,0.5405153036117554,0.00029831958818249404,0.5631970167160034,0.05,0.8666666666666667,0.8161162314388121,0.8368055555555555,0.9447163379946398,0.8707661290322581
241,0.0037952176841135675,0.5444698929786682,0.5444550514221191,0.00029690313385799527,0.5334572196006775,0.05,0.8666666666666667,0.8161162314388121,0.8368055555555555,0.9484083788329073,0.8707661290322581
242,0.0037556742922785925,0.520443856716156,0.5204364061355591,0.00014873141481075436,0.4925650358200073,0.05,0.8666666666666667,0.8161162314388121,0.8368055555555555,0.9401189252309535,0.8707661290322581
243,0.003716219365886423,0.5433405041694641,0.5433317422866821,0.00017469198792241514,0.542750895023346,0.05,0.8666666666666667,0.8161162314388121,0.8368055555555555,0.9385608767979052,0.8707661290322581
244,0.0036768556016288706,0.539555013179779,0.5395452380180359,0.00019517750479280949,0.5371747016906738,0.05,0.8666666666666667,0.8161162314388121,0.8368055555555555,0.9358372617511769,0.8707661290322581
245,0.00363758568996693,0.5170781016349792,0.5170692801475525,0.00017584682791493833,0.5185873508453369,0.05,0.85,0.8025638581776592,0.8263888888888888,0.9255682407215425,0.8531428707586731
246,0.0035984123149469,0.5181048512458801,0.5180949568748474,0.00019743101438507438,0.5446096658706665,0.05,0.8333333333333334,0.7891414141414143,0.8159722222222222,0.9242132725328481,0.8355429292929293
247,0.003559338154016929,0.5317521691322327,0.531741738319397,0.00020805724489036947,0.5315985083580017,0.05,0.85,0.8025638581776592,0.8263888888888888,0.9335138677709433,0.8531428707586731
248,0.003520365877844012,0.5133025050163269,0.5132931470870972,0.0001867943356046453,0.5855018496513367,0.05,0.8166666666666667,0.7833250538168571,0.8000992063492064,0.9152079685688177,0.8172089749958603
249,0.0034814981501314545,0.5120372176170349,0.5120259523391724,0.00022581664961762726,0.5817843675613403,0.05,0.8,0.770109193965158,0.7842261904761904,0.912604281855461,0.8009085604734517
250,0.0034427376274368173,0.5336689352989197,0.5336472988128662,0.0004328413924667984,0.553903341293335,0.05,0.7833333333333333,0.7440877990540479,0.7738095238095237,0.9053323892651722,0.7882995821279332
251,0.003404086958990339,0.55401211977005,0.5539872646331787,0.0004974087351001799,0.5092936754226685,0.05,0.7833333333333333,0.7440877990540479,0.7738095238095237,0.8970071191474495,0.7882995821279332
252,0.003365548786513867,0.519786536693573,0.5197694301605225,0.0003426775219850242,0.5371747016906738,0.05,0.8,0.7573187414500685,0.7896825396825397,0.8971752227943267,0.8045964432284543
253,0.003327125744040297,0.5149446725845337,0.514936089515686,0.00017198275600094348,0.4535315930843353,0.05,0.8,0.7573187414500685,0.7896825396825397,0.8927741109344883,0.8045964432284543
254,0.0032888204577335442,0.5248169898986816,0.5248013138771057,0.0003136267769150436,0.4758364260196686,0.05,0.8333333333333334,0.7839337285301718,0.8159722222222222,0.9039416045607084,0.8386532907736739
255,0.0032506355457090426,0.5123528242111206,0.5123457908630371,0.00014059497334528714,0.5055761933326721,0.05,0.8333333333333334,0.7839337285301718,0.8159722222222222,0.9020465089156128,0.8386532907736739
256,0.0032125736178548075,0.5230124592781067,0.5230046510696411,0.00015603496285621077,0.5092936754226685,0.05,0.8333333333333334,0.7839337285301718,0.8159722222222222,0.9004039886999792,0.8386532907736739
257,0.0031746372756530482,0.5138280987739563,0.5138208270072937,0.00014569199993275106,0.48513010144233704,0.05,0.8333333333333334,0.7839337285301718,0.8159722222222222,0.897793042692807,0.8386532907736739
258,0.0031368291120023616,0.5108007788658142,0.510793149471283,0.00015289416478481144,0.5130111575126648,0.05,0.85,0.7976917542973473,0.8263888888888888,0.9057736463396843,0.8566055930568948
259,0.0030991517110405113,0.5140538811683655,0.514041543006897,0.00024662239593453705,0.5315985083580017,0.05,0.85,0.7976917542973473,0.8263888888888888,0.8966694719937646,0.8566055930568948
260,0.0030616076479678023,0.5119289755821228,0.5119216442108154,0.00014653211110271513,0.5260223150253296,0.05,0.85,0.7976917542973473,0.8263888888888888,0.8936020303944833,0.8566055930568948
261,0.0030241994888710747,0.5171089172363281,0.5171007513999939,0.00016357391723431647,0.5018587112426758,0.05,0.85,0.7976917542973473,0.8263888888888888,0.8936020303944833,0.8566055930568948
262,0.0029869297905483136,0.5119907259941101,0.5119830369949341,0.00015338147932197899,0.5018587112426758,0.05,0.85,0.7976917542973473,0.8263888888888888,0.8947181018230547,0.8566055930568948
263,0.00294980110033389,0.5116521716117859,0.5116444826126099,0.00015426489699166268,0.524163544178009,0.05,0.85,0.7976917542973473,0.8263888888888888,0.8957991966541495,0.8566055930568948
264,0.0029128159559244607,0.509346604347229,0.5093399882316589,0.0001325390039710328,0.5260223150253296,0.05,0.85,0.7976917542973473,0.8263888888888888,0.8972872918922447,0.8566055930568948
265,0.0028759768852055175,0.5190214514732361,0.5190138816833496,0.0001516675401944667,0.5055761933326721,0.05,0.85,0.7976917542973473,0.8263888888888888,0.8972173386972916,0.8566055930568948
266,0.002839286406078608,0.5114081501960754,0.5114015340805054,0.00013226596638560295,0.524163544178009,0.05,0.85,0.7976917542973473,0.8263888888888888,0.8940799439030571,0.8566055930568948
267,0.0028027470262892437,0.5132788419723511,0.5132719874382019,0.00013679340190719813,0.5092936754226685,0.05,0.85,0.7976917542973473,0.8263888888888888,0.8891959390190521,0.8566055930568948
268,0.002766361243255496,0.5104163289070129,0.5104085206985474,0.00015640883066225797,0.5483271479606628,0.05,0.85,0.7976917542973473,0.8263888888888888,0.8912104830442095,0.8566055930568948
269,0.002730131543897301,0.5106257796287537,0.5106146335601807,0.00022309411724563688,0.542750895023346,0.05,0.85,0.7976917542973473,0.8263888888888888,0.8970083190307246,0.8566055930568948
270,0.0026940604044664858,0.5101523995399475,0.5101456046104431,0.00013637030497193336,0.5204460620880127,0.05,0.8333333333333334,0.7845914132765617,0.810515873015873,0.9046363969713026,0.8403295228398204
271,0.002658150290377515,0.509343683719635,0.5093368291854858,0.00013733544619753957,0.535315990447998,0.05,0.85,0.7984593837535013,0.8209325396825397,0.9109608017332075,0.8582703081232492
272,0.0026224036560389846,0.5105469822883606,0.5105398893356323,0.00014150911010801792,0.5315985083580017,0.05,0.85,0.7984593837535013,0.8209325396825397,0.9126382985463174,0.8582703081232492
273,0.0025868229446858685,0.5157270431518555,0.5157109498977661,0.0003214878961443901,0.5631970167160034,0.05,0.8666666666666667,0.8161162314388121,0.8368055555555555,0.9103383622841171,0.8707661290322581
274,0.0025514105882125234,0.5099632740020752,0.5099574327468872,0.00011714940774254501,0.4869888424873352,0.05,0.8666666666666667,0.8161162314388121,0.8368055555555555,0.9191315268850646,0.8707661290322581
275,0.002516169007006475,0.5094597339630127,0.5094529390335083,0.00013623664563056082,0.5947955250740051,0.05,0.8666666666666667,0.8161162314388121,0.8368055555555555,0.9231537156065458,0.8707661290322581
276,0.0024811006097829845,0.5110945105552673,0.5110869407653809,0.00015128801169339567,0.5724906921386719,0.05,0.85,0.8025638581776592,0.8263888888888888,0.9263683228895493,0.8531428707586731
277,0.002446207793420422,0.5095824003219604,0.509575366973877,0.00014082060079090297,0.5446096658706665,0.05,0.85,0.8025638581776592,0.8263888888888888,0.9168806058546624,0.8531428707586731
278,0.002411492942796432,0.5114507675170898,0.5114444494247437,0.00012622882786672562,0.542750895023346,0.05,0.85,0.8025638581776592,0.8263888888888888,0.9254276144016709,0.8531428707586731
279,0.0023769584306249435,0.5149007439613342,0.5148934125900269,0.00014638263382948935,0.5408921837806702,0.05,0.8666666666666667,0.8161162314388121,0.8368055555555555,0.9243747168275469,0.8707661290322581
280,0.0023426066172939877,0.509012758731842,0.5090063810348511,0.00012719731603283435,0.5557620525360107,0.05,0.8666666666666667,0.8161162314388121,0.8368055555555555,0.9223038982767756,0.8707661290322581
281,0.002308439850704377,0.5190315842628479,0.5190247297286987,0.00013651754125021398,0.5297397971153259,0.05,0.85,0.8029907084785134,0.8209325396825397,0.9221494732992376,0.8544497677119628
282,0.002274460466109219,0.5093516111373901,0.5093454122543335,0.00012365686416160315,0.5464683771133423,0.05,0.85,0.8029907084785134,0.8209325396825397,0.9213704490827133,0.8544497677119628
283,0.0022406707859543205,0.5098024606704712,0.5097960233688354,0.0001281696604564786,0.5390334725379944,0.05,0.85,0.8029907084785134,0.8209325396825397,0.9129565675851053,0.8544497677119628
284,0.002207073119719429,0.5100489854812622,0.5100418925285339,0.00014156133693177253,0.5650557279586792,0.05,0.8666666666666667,0.8166666666666668,0.8313492063492064,0.9210615991276369,0.8720833333333334
285,0.0021736697637604056,0.5109092593193054,0.5109026432037354,0.0001328871148871258,0.5706319808959961,0.05,0.8666666666666667,0.8166666666666668,0.8313492063492064,0.9207877257700371,0.8720833333333334
286,0.0021404630011522584,0.5130077004432678,0.5130006074905396,0.00014177983393892646,0.5873605608940125,0.05,0.85,0.8032051282051281,0.8154761904761904,0.9198892531734514,0.8554807692307693
287,0.0021074551015331003,0.5136058926582336,0.5136000514030457,0.00011702923075063154,0.5464683771133423,0.05,0.8666666666666667,0.8166666666666668,0.8313492063492064,0.9150248663809984,0.8720833333333334
288,0.0020746483209490257,0.5215384364128113,0.5215111374855042,0.0005457436782307923,0.5650557279586792,0.05,0.85,0.8029907084785134,0.8209325396825397,0.9129753457583648,0.8544497677119628
289,0.002042044901699908,0.5331132411956787,0.5330983996391296,0.00029721169266849756,0.5130111575126648,0.05,0.85,0.8029907084785134,0.8209325396825397,0.9070793593199253,0.8544497677119628
290,0.0020096470721861445,0.5087385773658752,0.5087319016456604,0.00013381359167397022,0.5594795346260071,0.05,0.85,0.8029907084785134,0.8209325396825397,0.9039137672687202,0.8544497677119628
291,0.0019774570467563477,0.5077757835388184,0.5077699422836304,0.00011695745342876762,0.5297397971153259,0.05,0.85,0.8029907084785134,0.8209325396825397,0.8980527574277574,0.8544497677119628
292,0.001945477025555992,0.5190557837486267,0.5190392732620239,0.0003299580712337047,0.5650557279586792,0.05,0.85,0.8029907084785134,0.8209325396825397,0.8999691510009905,0.8544497677119628
293,0.0019137091943770502,0.5107706189155579,0.5107643008232117,0.00012661825167015195,0.5613383054733276,0.05,0.85,0.8029907084785134,0.8209325396825397,0.902138120003686,0.8544497677119628
294,0.0018821557245085828,0.5077358484268188,0.5077298879623413,0.00011891894973814487,0.5130111575126648,0.05,0.85,0.8029907084785134,0.8209325396825397,0.9041876406263198,0.8544497677119628
295,0.0018508187725883422,0.5085119009017944,0.5085058212280273,0.00012121170584578067,0.553903341293335,0.05,0.85,0.8029907084785134,0.8209325396825397,0.9053386886523679,0.8544497677119628
296,0.0018197004804553652,0.5123053789138794,0.5122992992401123,0.00012150115799158812,0.5408921837806702,0.05,0.8666666666666667,0.8161162314388121,0.8368055555555555,0.9049666648428442,0.8707661290322581
297,0.0017888029750035847,0.5146001577377319,0.5145946741104126,0.0001100728550227359,0.5148698687553406,0.05,0.8666666666666667,0.8161162314388121,0.8368055555555555,0.9054581370324294,0.8707661290322581
298,0.0017581283680364525,0.509552538394928,0.5095467567443848,0.00011557535617612302,0.5408921837806702,0.05,0.8666666666666667,0.8161162314388121,0.8368055555555555,0.9041876406263198,0.8707661290322581
299,0.0017276787561226095,0.5112044811248779,0.5111975073814392,0.00013954375754110515,0.5223048329353333,0.05,0.8666666666666667,0.8161162314388121,0.8368055555555555,0.9028821676227338,0.8707661290322581
300,0.0016974562204525828,0.5073495507240295,0.5073447227478027,9.71290937741287e-05,0.5055761933326721,0.05,0.8666666666666667,0.8161162314388121,0.8368055555555555,0.9028821676227338,0.8707661290322581
301,0.0016674628266965387,0.511154055595398,0.5111469626426697,0.00014182808808982372,0.5130111575126648,0.05,0.8666666666666667,0.8161162314388121,0.8368055555555555,0.9036262152417813,0.8707661290322581
302,0.0016377006248631,0.5119404196739197,0.5119346976280212,0.00011399604409234598,0.5148698687553406,0.05,0.8666666666666667,0.8161162314388121,0.8368055555555555,0.903998239051305,0.8707661290322581
303,0.001608171649159226,0.5100314021110535,0.5100255012512207,0.0001179048849735409,0.5260223150253296,0.05,0.8666666666666667,0.8161162314388121,0.8368055555555555,0.9043702628608289,0.8707661290322581
304,0.0015788779178511816,0.5137043595314026,0.5136972069740295,0.0001433219003956765,0.5390334725379944,0.05,0.8666666666666667,0.8161162314388121,0.8368055555555555,0.9051143104798766,0.8707661290322581
305,0.0015498214331265902,0.5071682929992676,0.5071619153022766,0.00012739574594888836,0.5873605608940125,0.05,0.8666666666666667,0.8161162314388121,0.8368055555555555,0.9054863342894004,0.8707661290322581
306,0.001521004180957585,0.5375620722770691,0.5375543832778931,0.00015431223437190056,0.524163544178009,0.05,0.8666666666666667,0.8161162314388121,0.8368055555555555,0.9076902798895722,0.8707661290322581
307,0.001492428130965072,0.5091056823730469,0.5090991258621216,0.00013151716848369688,0.5631970167160034,0.05,0.8666666666666667,0.8161162314388121,0.8368055555555555,0.9087922526896582,0.8707661290322581
308,0.0014640952362841098,0.5083146691322327,0.5083075761795044,0.00014134332013782114,0.5724906921386719,0.05,0.8666666666666667,0.8161162314388121,0.8368055555555555,0.9089607762956821,0.8707661290322581
309,0.0014360074334304135,0.5092243552207947,0.5092183351516724,0.00011987956531811506,0.5483271479606628,0.05,0.8666666666666667,0.8161162314388121,0.8368055555555555,0.9098592488922678,0.8707661290322581
310,0.0014081666421679989,0.5223366022109985,0.5223296880722046,0.00013787367788609117,0.6078066825866699,0.05,0.8666666666666667,0.8161162314388121,0.8368055555555555,0.9116561940854394,0.8707661290322581
311,0.0013805747653779662,0.5094702839851379,0.5094629526138306,0.00014673570694867522,0.5762081742286682,0.05,0.8666666666666667,0.8161162314388121,0.8368055555555555,0.9112841702759157,0.8707661290322581
312,0.00135323368892844,0.5085482597351074,0.5085411071777344,0.00014360826753545552,0.5799256563186646,0.05,0.8666666666666667,0.8161162314388121,0.8368055555555555,0.9094872250827439,0.8707661290322581
313,0.001326145281545679,0.5084642767906189,0.5084587335586548,0.00011042485857615247,0.5130111575126648,0.05,0.8666666666666667,0.8161162314388121,0.8368055555555555,0.9113264061672082,0.8707661290322581
314,0.0012993113946863431,0.5109150409698486,0.5109082460403442,0.00013644744467455894,0.578066885471344,0.05,0.8666666666666667,0.8161162314388121,0.8368055555555555,0.9098242722947911,0.8707661290322581
315,0.0012727338624109576,0.5071192979812622,0.507112979888916,0.0001267593470402062,0.6078066825866699,0.05,0.8666666666666667,0.8161162314388121,0.8368055555555555,0.9125196900845486,0.8707661290322581
316,0.0012464145012585474,0.5108928084373474,0.5108864307403564,0.00012805016012862325,0.5371747016906738,0.05,0.8666666666666667,0.8161162314388121,0.8368055555555555,0.9094522484852673,0.8707661290322581
317,0.0012203551101224882,0.5100163221359253,0.5100107789039612,0.00011061007535317913,0.535315990447998,0.05,0.8666666666666667,0.8161162314388121,0.8368055555555555,0.9086732242687431,0.8707661290322581
318,0.001194557470127544,0.5206783413887024,0.520672619342804,0.00011428380094002932,0.535315990447998,0.05,0.8666666666666667,0.8161162314388121,0.8368055555555555,0.907894200052219,0.8707661290322581
319,0.001169023344508143,0.5131741166114807,0.5131680965423584,0.00012003641313640401,0.5762081742286682,0.05,0.8666666666666667,0.8161162314388121,0.8368055555555555,0.9054726556200613,0.8707661290322581
320,0.0011437544784878525,0.508743405342102,0.5087363719940186,0.0001404759386787191,0.5817843675613403,0.05,0.8666666666666667,0.8161162314388121,0.8368055555555555,0.9051006318105376,0.8707661290322581
321,0.0011187525991600985,0.5074802041053772,0.5074746608734131,0.00011084497236879542,0.5371747016906738,0.05,0.8666666666666667,0.8161162314388121,0.8368055555555555,0.9046091596209521,0.8707661290322581
322,0.001094019415370123,0.5092665553092957,0.5092604160308838,0.00012255545880179852,0.5762081742286682,0.05,0.8666666666666667,0.8161162314388121,0.8368055555555555,0.9046091596209521,0.8707661290322581
323,0.0010695566175981828,0.5082013607025146,0.5081952214241028,0.00012259563663974404,0.542750895023346,0.05,0.8666666666666667,0.8161162314388121,0.8368055555555555,0.9028122144277804,0.8707661290322581
324,0.0010453658778440107,0.5075659155845642,0.5075598955154419,0.00011983686999883503,0.5650557279586792,0.05,0.8666666666666667,0.8161162314388121,0.8368055555555555,0.8992183240414372,0.8707661290322581
325,0.0010214488495125353,0.50743567943573,0.507429838180542,0.00011713930143741891,0.5501858592033386,0.05,0.8666666666666667,0.8161162314388121,0.8368055555555555,0.8943189606515078,0.8707661290322581
326,0.0009978071673008729,0.5084545612335205,0.5084487199783325,0.0001170701943919994,0.5669144988059998,0.05,0.8666666666666667,0.8161162314388121,0.8368055555555555,0.8919955666712741,0.8707661290322581
327,0.0009744424470865977,0.5081778168678284,0.5081719756126404,0.00011682887998176739,0.5966542959213257,0.05,0.8666666666666667,0.8161162314388121,0.8368055555555555,0.8910970940746883,0.8707661290322581
328,0.0009513562858173009,0.5081685185432434,0.5081623792648315,0.00012321581016294658,0.5706319808959961,0.05,0.8666666666666667,0.8161162314388121,0.8368055555555555,0.8897916210711022,0.8707661290322581
329,0.0009285502614014378,0.5071263313293457,0.5071206092834473,0.00011402319796616212,0.5613383054733276,0.05,0.8666666666666667,0.8161162314388121,0.8368055555555555,0.8896056091663403,0.8707661290322581
330,0.0009060259326004838,0.5084062814712524,0.5084009170532227,0.00010737271077232435,0.524163544178009,0.05,0.8666666666666667,0.8161162314388121,0.8368055555555555,0.8894195972615785,0.8707661290322581
331,0.000883784838922391,0.5067552924156189,0.5067494511604309,0.00011728297977242619,0.6003717184066772,0.05,0.8666666666666667,0.8161162314388121,0.8368055555555555,0.8897916210711022,0.8707661290322581
332,0.0008618285005163704,0.5088263154029846,0.5088208317756653,0.00011011812603101134,0.553903341293335,0.05,0.8666666666666667,0.8161162314388121,0.8368055555555555,0.8897916210711022,0.8707661290322581
333,0.0008401584180689843,0.5071237087249756,0.5071186423301697,0.00010143695544684306,0.5594795346260071,0.05,0.8666666666666667,0.8161162314388121,0.8368055555555555,0.8897916210711022,0.8707661290322581
334,0.000818776072701583,0.510024905204773,0.5100190043449402,0.00011814000754384324,0.5743494629859924,0.05,0.85,0.8029907084785134,0.8209325396825397,0.8899460460486405,0.8544497677119628
335,0.0007976829258690679,0.5070677399635315,0.5070623755455017,0.00010757560812635347,0.535315990447998,0.05,0.85,0.8029907084785134,0.8209325396825397,0.8899110694511637,0.8544497677119628
336,0.0007768804192600093,0.5077391862869263,0.5077334642410278,0.00011436731438152492,0.5762081742286682,0.05,0.85,0.8029907084785134,0.8209325396825397,0.8923675904807981,0.8544497677119628
337,0.0007563699746980984,0.5074660181999207,0.5074599385261536,0.00012100738240405917,0.5520446300506592,0.05,0.85,0.8029907084785134,0.8209325396825397,0.8943821345059554,0.8544497677119628
338,0.0007361529940449782,0.5074330568313599,0.5074278116226196,0.00010534853208810091,0.5371747016906738,0.05,0.8333333333333334,0.7895833333333333,0.8050595238095237,0.8955681591294798,0.8379166666666668
339,0.0007162308591044182,0.5077979564666748,0.5077928304672241,0.00010264867160003632,0.5706319808959961,0.05,0.8166666666666667,0.7758547008547009,0.7891865079365079,0.8959751595364803,0.8211217948717949
340,0.0006966049315278798,0.507742702960968,0.5077375769615173,0.00010273536463500932,0.5390334725379944,0.05,0.8,0.761762360446571,0.7733134920634921,0.8956031357269566,0.8040171451355661
341,0.0006772765527214417,0.5079795122146606,0.5079737901687622,0.00011385465768398717,0.5557620525360107,0.05,0.8,0.761762360446571,0.7733134920634921,0.896010136133957,0.8040171451355661
342,0.0006582470437541217,0.521740198135376,0.5217193961143494,0.00041657249676063657,0.5631970167160034,0.05,0.8166666666666667,0.7758547008547009,0.7891865079365079,0.8951961353199561,0.8211217948717949
343,0.0006395177052675795,0.508375346660614,0.5083698034286499,0.00011081965931225568,0.5631970167160034,0.05,0.8166666666666667,0.7758547008547009,0.7891865079365079,0.8947891349129558,0.8211217948717949
344,0.0006210898173872209,0.5075236558914185,0.5075185894966125,0.00010161900718230754,0.5260223150253296,0.05,0.8166666666666667,0.7758547008547009,0.7891865079365079,0.8956876075095414,0.8211217948717949
345,0.0006029646396347048,0.5219258069992065,0.5219165682792664,0.00018466707842890173,0.5111523866653442,0.05,0.8166666666666667,0.7758547008547009,0.7891865079365079,0.8926064872409212,0.8211217948717949
346,0.000585143410841854,0.5066407918930054,0.5066357851028442,0.00010005186777561903,0.5446096658706665,0.05,0.8166666666666667,0.7758547008547009,0.7891865079365079,0.8926414638383977,0.8211217948717949
347,0.0005676273490659822,0.508161723613739,0.5081563591957092,0.00010681977437343448,0.524163544178009,0.05,0.8166666666666667,0.7758547008547009,0.7891865079365079,0.8926414638383977,0.8211217948717949
348,0.0005504176515066467,0.5080283880233765,0.5080228447914124,0.00011037825606763363,0.5408921837806702,0.05,0.8166666666666667,0.7758547008547009,0.7891865079365079,0.8922344634313973,0.8211217948717949
349,0.0005335154944238117,0.5081514716148376,0.5081461071968079,0.00010753879905678332,0.5501858592033386,0.05,0.8333333333333334,0.7895833333333333,0.8050595238095237,0.8909639670252879,0.8379166666666668
350,0.0005169220330574664,0.5108265280723572,0.5108209848403931,0.00011125407763756812,0.5185873508453369,0.05,0.85,0.8029907084785134,0.8209325396825397,0.8913359908348116,0.8544497677119628
351,0.0005006384015486492,0.5079613327980042,0.5079560875892639,0.00010461504280101508,0.5557620525360107,0.05,0.85,0.8029907084785134,0.8209325396825397,0.8913359908348116,0.8544497677119628
352,0.00048466571286194553,0.5237930417060852,0.5237873196601868,0.00011497524246806279,0.5724906921386719,0.05,0.85,0.8029907084785134,0.8209325396825397,0.8901849428087636,0.8544497677119628
353,0.00046900505870941026,0.507524847984314,0.5075194835662842,0.00010768823995022103,0.5687732100486755,0.05,0.85,0.8029907084785134,0.8209325396825397,0.8901849428087636,0.8544497677119628
354,0.00045365750947594944,0.508317232131958,0.5083127021789551,9.092336404137313e-05,0.5371747016906738,0.05,0.85,0.8029907084785134,0.8209325396825397,0.8901849428087636,0.8544497677119628
355,0.00043862411414616955,0.5084314346313477,0.5084266662597656,9.533120464766398e-05,0.5185873508453369,0.05,0.85,0.8029907084785134,0.8209325396825397,0.8898129189992398,0.8544497677119628
356,0.0004239059002326682,0.5076619386672974,0.5076572299003601,9.41188627621159e-05,0.5148698687553406,0.05,0.85,0.8029907084785134,0.8209325396825397,0.8898129189992398,0.8544497677119628
357,0.00040950387370581904,0.5067276358604431,0.5067223310470581,0.00010594668856356293,0.5446096658706665,0.05,0.85,0.8029907084785134,0.8209325396825397,0.8898129189992398,0.8544497677119628
358,0.00039541901892500223,0.5082578659057617,0.5082523822784424,0.00010933084558928385,0.5483271479606628,0.05,0.85,0.8029907084785134,0.8209325396825397,0.8898129189992398,0.8544497677119628
359,0.00038165229857133195,0.5095195770263672,0.5095137357711792,0.00011721927876351401,0.5,0.05,0.85,0.8029907084785134,0.8209325396825397,0.8907113915958256,0.8544497677119628
360,0.00036820465358185857,0.5161149501800537,0.5161100625991821,9.746165596880019e-05,0.5204460620880127,0.05,0.85,0.8029907084785134,0.8209325396825397,0.8907113915958256,0.8544497677119628
361,0.00035507700308525403,0.5085416436195374,0.508535623550415,0.00011982744035776705,0.5762081742286682,0.05,0.85,0.8029907084785134,0.8209325396825397,0.8907113915958256,0.8544497677119628
362,0.00034227024433899005,0.5142265558242798,0.5142213106155396,0.00010431786358822137,0.5557620525360107,0.05,0.85,0.8029907084785134,0.8209325396825397,0.8907113915958256,0.8544497677119628
363,0.00032978525266801593,0.5086548924446106,0.5086495280265808,0.00010726161417551339,0.5446096658706665,0.05,0.85,0.8029907084785134,0.8209325396825397,0.8907113915958256,0.8544497677119628
364,0.0003176228814049297,0.506888210773468,0.5068835020065308,9.378122194902971e-05,0.5334572196006775,0.05,0.85,0.8029907084785134,0.8209325396825397,0.8898129189992398,0.8544497677119628
365,0.0003057839618316491,0.5072944164276123,0.5072892904281616,0.00010262709110975266,0.5557620525360107,0.05,0.85,0.8029907084785134,0.8209325396825397,0.8898129189992398,0.8544497677119628
366,0.00029426930312260227,0.5063824653625488,0.5063773393630981,0.0001024997400236316,0.5631970167160034,0.05,0.85,0.8029907084785134,0.8209325396825397,0.8907113915958256,0.8544497677119628
367,0.00028307969228941415,0.5074223279953003,0.5074176788330078,9.315762872574851e-05,0.5446096658706665,0.05,0.85,0.8029907084785134,0.8209325396825397,0.8907113915958256,0.8544497677119628
368,0.00027221589412712463,0.5078017711639404,0.5077964663505554,0.00010571427992545068,0.553903341293335,0.05,0.85,0.8029907084785134,0.8209325396825397,0.8907113915958256,0.8544497677119628
369,0.0002616786511619041,0.5081503391265869,0.5081455707550049,9.559136378811672e-05,0.5297397971153259,0.05,0.8333333333333334,0.7895833333333333,0.8050595238095237,0.8907113915958256,0.8379166666666668
370,0.00025146868360031467,0.5103854537010193,0.5103801488876343,0.0001056183100445196,0.5390334725379944,0.05,0.8333333333333334,0.7895833333333333,0.8050595238095237,0.8898129189992398,0.8379166666666668
371,0.00024158668928007498,0.513378918170929,0.5133741497993469,9.548338857712224e-05,0.5148698687553406,0.05,0.8333333333333334,0.7895833333333333,0.8050595238095237,0.8910834154053493,0.8379166666666668
372,0.00023203334362237158,0.5074169635772705,0.5074121356010437,9.69316897680983e-05,0.5520446300506592,0.05,0.8333333333333334,0.7895833333333333,0.8050595238095237,0.8910834154053493,0.8379166666666668
373,0.00022280929958568842,0.5188398957252502,0.5188353061676025,9.144173964159563e-05,0.5390334725379944,0.05,0.8333333333333334,0.7895833333333333,0.8050595238095237,0.8919818880019351,0.8379166666666668
374,0.00021391518762118363,0.5072256326675415,0.5072211027145386,9.057004353962839e-05,0.5408921837806702,0.05,0.8333333333333334,0.7895833333333333,0.8050595238095237,0.8919818880019351,0.8379166666666668
375,0.00020535161562959536,0.5082249641418457,0.5082196593284607,0.00010558300709817559,0.5650557279586792,0.05,0.8333333333333334,0.7895833333333333,0.8050595238095237,0.8923539118114588,0.8379166666666668
376,0.0001971191689196937,0.5076574087142944,0.5076521635055542,0.00010498171468498185,0.5446096658706665,0.05,0.8333333333333334,0.7895833333333333,0.8050595238095237,0.8923539118114588,0.8379166666666668
377,0.0001892184101682762,0.5081902742385864,0.5081855058670044,9.521844913251698e-05,0.5260223150253296,0.05,0.8333333333333334,0.7895833333333333,0.8050595238095237,0.8927609122184593,0.8379166666666668
378,0.0001816498793817073,0.5069952011108398,0.5069896578788757,0.0001107648276956752,0.5631970167160034,0.05,0.8333333333333334,0.7895833333333333,0.8050595238095237,0.8936593848150451,0.8379166666666668
379,0.00017441409385901422,0.5070626139640808,0.5070567727088928,0.0001162762418971397,0.5724906921386719,0.05,0.8333333333333334,0.7895833333333333,0.8050595238095237,0.894031408624569,0.8379166666666668
380,0.00016751154815652453,0.5116616487503052,0.5116558074951172,0.00011659888696158305,0.5743494629859924,0.05,0.8166666666666667,0.7758547008547009,0.7891865079365079,0.894031408624569,0.8211217948717949
381,0.0001609427140540686,0.506938099861145,0.5069328546524048,0.00010501898941583931,0.5631970167160034,0.05,0.8166666666666667,0.7758547008547009,0.7891865079365079,0.8931329360279832,0.8211217948717949
382,0.00015470804052273096,0.5088916420936584,0.5088865756988525,0.00010135805496247485,0.5185873508453369,0.05,0.8166666666666667,0.7758547008547009,0.7891865079365079,0.8931329360279832,0.8211217948717949
383,0.00014880795369416665,0.5073763728141785,0.5073714256286621,9.873222734313458e-05,0.5334572196006775,0.05,0.8166666666666667,0.7758547008547009,0.7891865079365079,0.8927609122184593,0.8211217948717949
384,0.0001432428568314728,0.5070421695709229,0.5070376396179199,9.033930109580979e-05,0.5111523866653442,0.05,0.8166666666666667,0.7758547008547009,0.7891865079365079,0.8918624396218734,0.8211217948717949
385,0.00013801313030162716,0.507195234298706,0.5071902275085449,0.00010003782517742366,0.524163544178009,0.05,0.8166666666666667,0.7758547008547009,0.7891865079365079,0.8927609122184593,0.8211217948717949
386,0.0001331191315494912,0.5103173851966858,0.5103127360343933,9.283529652748257e-05,0.5148698687553406,0.05,0.8166666666666667,0.7758547008547009,0.7891865079365079,0.8927609122184593,0.8211217948717949
387,0.00012856119507337867,0.5067570209503174,0.5067516565322876,0.00010771804227260873,0.5706319808959961,0.05,0.8166666666666667,0.7758547008547009,0.7891865079365079,0.8927609122184593,0.8211217948717949
388,0.0001243396324021935,0.5074863433837891,0.5074810981750488,0.00010517351620364934,0.535315990447998,0.05,0.8166666666666667,0.7758547008547009,0.7891865079365079,0.8927609122184593,0.8211217948717949
389,0.00012045473207413647,0.5084918737411499,0.5084856152534485,0.00012485298793762922,0.5687732100486755,0.05,0.8166666666666667,0.7758547008547009,0.7891865079365079,0.8923888884089356,0.8211217948717949
390,0.00011690675961698426,0.5214998126029968,0.5214831233024597,0.0003333323111291975,0.5650557279586792,0.05,0.8166666666666667,0.7758547008547009,0.7891865079365079,0.8936593848150451,0.8211217948717949
391,0.00011369595752994128,0.5085893273353577,0.5085839629173279,0.00010695112723624334,0.535315990447998,0.05,0.8166666666666667,0.7758547008547009,0.7891865079365079,0.8936593848150451,0.8211217948717949
392,0.00011082254526706605,0.5076854825019836,0.5076808333396912,9.286348358727992e-05,0.5297397971153259,0.05,0.8166666666666667,0.7758547008547009,0.7891865079365079,0.8936593848150451,0.8211217948717949
393,0.00010828671922226878,0.5077147483825684,0.5077093839645386,0.00010686234600143507,0.5315985083580017,0.05,0.8166666666666667,0.7758547008547009,0.7891865079365079,0.8927609122184593,0.8211217948717949
394,0.00010608865271589101,0.5076848864555359,0.5076799392700195,9.946274076355621e-05,0.5483271479606628,0.05,0.8166666666666667,0.7758547008547009,0.7891865079365079,0.8931329360279832,0.8211217948717949
395,0.00010422849598285996,0.5061937570571899,0.5061888694763184,9.746950672706589e-05,0.5576208233833313,0.05,0.8166666666666667,0.7758547008547009,0.7891865079365079,0.8922344634313973,0.8211217948717949
396,0.00010270637616241606,0.5077544450759888,0.5077500939369202,8.740791236050427e-05,0.5334572196006775,0.05,0.8166666666666667,0.7758547008547009,0.7891865079365079,0.8922344634313973,0.8211217948717949
397,0.00010152239728942829,0.5092046856880188,0.5091991424560547,0.0001112185709644109,0.5148698687553406,0.05,0.8166666666666667,0.7758547008547009,0.7891865079365079,0.8922344634313973,0.8211217948717949
398,0.00010067664028727843,0.5070385336875916,0.5070332288742065,0.00010614531493047252,0.5185873508453369,0.05,0.8166666666666667,0.7758547008547009,0.7891865079365079,0.8922344634313973,0.8211217948717949
399,0.00010016916296233584,0.5071853399276733,0.5071797370910645,0.00011245901987422258,0.5594795346260071,0.05,0.8166666666666667,0.7758547008547009,0.7891865079365079,0.8922344634313973,0.8211217948717949
400,0.0001,0.5082687735557556,0.5082629919052124,0.00011576246470212936,0.542750895023346,0.05,0.8166666666666667,0.7758547008547009,0.7891865079365079,0.8922344634313973,0.8211217948717949
