epoch,lr,loss,ema_updated,ema_used_for_selection,acc,macro_f1,bacc,macro_auc,weighted_f1
1,0.01,3.179023265838623,False,False,0.35,0.1728395061728395,0.3333333333333333,0.8303180952652588,0.18148148148148147
2,0.01,4.541191101074219,False,False,0.35,0.1728395061728395,0.3333333333333333,0.6048421334155484,0.18148148148148147
3,0.01,4.9708662033081055,False,False,0.35,0.1728395061728395,0.3333333333333333,0.5229850254182845,0.18148148148148147
4,0.01,6.735342025756836,False,False,0.38333333333333336,0.20444444444444443,0.24731182795698925,0.46470765464091385,0.3168888888888889
5,0.01,4.732293605804443,False,False,0.55,0.4444444444444444,0.5403225806451614,0.5201922312948454,0.4333333333333333
6,0.01,2.9792284965515137,False,False,0.55,0.45274261603375526,0.571236559139785,0.7923511171912172,0.4334177215189873
7,0.01,2.5309414863586426,False,False,0.5666666666666667,0.4523809523809524,0.5201612903225806,0.8974914695159412,0.4456349206349206
8,0.01,3.5201900005340576,False,False,0.5666666666666667,0.4376863446630888,0.489247311827957,0.9176011774037359,0.44251639833035183
9,0.01,2.9650940895080566,False,False,0.6,0.5140350877192982,0.6344086021505376,0.895437453001413,0.4739473684210526
10,0.01,2.6227543354034424,False,False,0.5833333333333334,0.49451476793248944,0.6236559139784946,0.8836493387035657,0.459831223628692
11,0.01,2.42307186126709,False,False,0.5333333333333333,0.5633411887928778,0.6370967741935484,0.88272862195276,0.46203456402199533
12,0.01,2.492612361907959,False,False,0.45,0.4390131639510264,0.5524193548387096,0.8896114108155264,0.32632329927276077
13,0.01,2.393474578857422,False,False,0.45,0.4390131639510264,0.5524193548387096,0.8660434161685552,0.32632329927276077
14,0.01,2.1790199279785156,False,False,0.5666666666666667,0.5832724171539961,0.689516129032258,0.8696829205380374,0.4965490984405458
15,0.01,2.163961887359619,False,False,0.55,0.4444444444444444,0.5403225806451614,0.8657959449811509,0.4333333333333333
16,0.01,2.134744167327881,False,False,0.5833333333333334,0.48293172690763053,0.5618279569892474,0.8783408893253165,0.4610441767068273
17,0.01,2.047821044921875,False,False,0.5833333333333334,0.48971193415637854,0.592741935483871,0.8887163721006881,0.46090534979423864
18,0.01,2.059892177581787,False,False,0.5833333333333334,0.48293172690763053,0.5618279569892474,0.8981073038011304,0.4610441767068273
19,0.01,2.0479631423950195,False,False,0.6,0.5047619047619047,0.5725806451612904,0.9028188201922908,0.47571428571428576
20,0.01,2.013516664505005,True,False,0.5833333333333334,0.5226174791392183,0.6338965693804404,0.90073257526678,0.5022837066315327
21,0.009999830837037664,2.128525733947754,True,True,0.5833333333333334,0.5518934081346423,0.5766129032258065,0.8308440493507234,0.5508648901355774
22,0.009999323359712722,2.092606782913208,True,True,0.45,0.4192982456140351,0.4905913978494623,0.7905123576007892,0.35824561403508776
23,0.009998477602710573,1.8921945095062256,True,True,0.48333333333333334,0.5030654515327257,0.6048387096774194,0.7429566491371274,0.37449323391328365
24,0.009997293623837585,2.2123939990997314,True,True,0.45,0.45585585585585586,0.5833333333333334,0.7259327620840413,0.3053153153153153
25,0.00999577150401714,2.4512064456939697,True,True,0.43333333333333335,0.42476190476190484,0.5416666666666666,0.7083697211617123,0.2912380952380953
26,0.009993911347284109,2.3414015769958496,True,True,0.43333333333333335,0.42476190476190484,0.5416666666666666,0.7107030694349938,0.2912380952380953
27,0.009991713280777732,2.19366455078125,True,True,0.43333333333333335,0.42476190476190484,0.5416666666666666,0.70559315442519,0.2912380952380953
28,0.009989177454732934,1.954826831817627,True,True,0.45,0.45585585585585586,0.5833333333333334,0.7086426298745542,0.3053153153153153
29,0.00998630404247006,1.863284707069397,True,True,0.45,0.44178082191780826,0.5833333333333334,0.7025290219811909,0.3013698630136986
30,0.009983093240383016,1.9747486114501953,True,True,0.45,0.44178082191780826,0.5833333333333334,0.6924775634800663,0.3013698630136986
31,0.009979545267925863,1.8436592817306519,True,True,0.45,0.4297385620915033,0.5833333333333334,0.6916997807223058,0.2982843137254902
32,0.009975660367597807,1.7813791036605835,True,True,0.45,0.4297385620915033,0.5833333333333334,0.6837195423124233,0.2982843137254902
33,0.009971438804926623,1.6834275722503662,True,True,0.45,0.4297385620915033,0.5833333333333334,0.687011763624667,0.2982843137254902
34,0.00996688086845051,1.6369280815124512,True,True,0.45,0.4297385620915033,0.5833333333333334,0.6876595716626306,0.2982843137254902
35,0.009961986869698373,1.5397121906280518,True,True,0.45,0.4297385620915033,0.5833333333333334,0.696541144504159,0.2982843137254902
36,0.009956757143168527,1.4276623725891113,True,True,0.45,0.4297385620915033,0.5833333333333334,0.7150268404092097,0.2982843137254902
37,0.009951192046305833,1.5271451473236084,True,True,0.45,0.4297385620915033,0.5833333333333334,0.754014219774787,0.2982843137254902
38,0.009945291959477269,1.4277195930480957,True,True,0.5,0.5088235294117648,0.6155913978494624,0.7997481175665269,0.4011764705882353
39,0.009939057285945933,1.3266732692718506,True,True,0.5,0.5088235294117648,0.6155913978494624,0.8339515444284632,0.4011764705882353
40,0.009932488451843476,1.194284439086914,True,True,0.5,0.5114379084967321,0.6155913978494624,0.8623397096353159,0.40228758169934636
41,0.009925585906140986,1.379136085510254,True,True,0.5,0.5013528846993104,0.5846774193548386,0.8832248942093214,0.4170638037880772
42,0.009918350120618293,1.1804245710372925,True,True,0.5333333333333333,0.5502164502164503,0.6061827956989247,0.8917080684322064,0.472965367965368
43,0.009910781589831726,1.0359878540039062,True,True,0.55,0.5673009916912356,0.6169354838709677,0.8959315465155288,0.49781470561958374
44,0.009902880831080306,0.9253039360046387,True,True,0.6166666666666667,0.6451796709861226,0.6599462365591399,0.9000825884863705,0.5922534693502435
45,0.009894648384370404,1.0891258716583252,True,True,0.7,0.715357624831309,0.7137096774193549,0.9056805418040123,0.6911255060728744
46,0.009886084812378817,1.0477092266082764,True,True,0.7166666666666667,0.7303030303030303,0.714221710189452,0.9067204527438121,0.7153030303030303
47,0.009877190700414313,1.164770245552063,True,True,0.75,0.7553576248313091,0.735727086533538,0.9093756465488946,0.7492658569500674
48,0.00986796665637763,1.0609476566314697,True,True,0.7666666666666667,0.7672849609019822,0.7413594470046082,0.9125102768734582,0.7667603200581925
49,0.009858413310719925,1.0766568183898926,True,True,0.8,0.7918941273779984,0.7628648233486942,0.9132518415749784,0.7992307692307693
50,0.009848531316399685,1.0681345462799072,True,True,0.8333333333333334,0.8156613034661815,0.7792498719918074,0.9124740588172179,0.8311918433869654
51,0.009838321348838096,0.9142755270004272,True,True,0.8,0.7873303167420814,0.7475038402457758,0.9135864058694981,0.7972850678733032
52,0.009827784105872876,0.9201807379722595,True,True,0.7833333333333333,0.7694514666345652,0.726510496671787,0.9131794054624978,0.777407608041411
53,0.009816920307710586,0.8741658329963684,True,True,0.7833333333333333,0.7694514666345652,0.726510496671787,0.915907035380061,0.777407608041411
54,0.0098057306968774,0.8250628709793091,True,True,0.7666666666666667,0.7535002035002035,0.7106374807987711,0.9185984472413838,0.7587678062678064
55,0.009794216038168352,0.7619556784629822,True,True,0.7333333333333333,0.7196917196917196,0.6788914490527395,0.9205247951076649,0.7196402696402697
56,0.009782377118595071,0.7649237513542175,True,True,0.75,0.7314102564102564,0.6896441372247825,0.9224149249177058,0.734647435897436
57,0.009770214747331984,0.7111048698425293,True,True,0.7333333333333333,0.7131165382438728,0.6737711213517666,0.9239939897267484,0.7136846458578208
58,0.009757729755661011,0.7361123561859131,True,True,0.7166666666666667,0.6939282939282939,0.6578981054787506,0.9266619022945496,0.6918281718281719
59,0.009744922996914747,0.7398587465286255,True,True,0.7166666666666667,0.6939282939282939,0.6578981054787506,0.9274396850523102,0.6918281718281719
60,0.00973179534641814,0.7219533920288086,True,True,0.7166666666666667,0.6939282939282939,0.6578981054787506,0.928959032511591,0.6918281718281719
61,0.009718347701428667,0.7379066944122314,True,True,0.7166666666666667,0.6939282939282939,0.6578981054787506,0.9301075976201115,0.6918281718281719
62,0.009704580981074998,0.7598052620887756,True,True,0.7166666666666667,0.6939282939282939,0.6578981054787506,0.9324409458933931,0.6918281718281719
63,0.009690496126294182,0.7061865329742432,True,True,0.7166666666666667,0.6939282939282939,0.6578981054787506,0.9339837926461954,0.6918281718281719
64,0.009676094099767331,0.7592819929122925,True,True,0.7166666666666667,0.6939282939282939,0.6578981054787506,0.9355628574552379,0.6918281718281719
65,0.009661375885853831,0.7799450159072876,True,True,0.7166666666666667,0.6939282939282939,0.6578981054787506,0.9367114225637585,0.6918281718281719
66,0.00964634249052405,0.6345900297164917,True,True,0.7166666666666667,0.6939282939282939,0.6578981054787506,0.9382669880792797,0.6918281718281719
67,0.009630994941290591,0.6993294954299927,True,True,0.7333333333333333,0.7131165382438728,0.6737711213517666,0.9397863355385603,0.7136846458578208
68,0.009615334287138054,0.6677601933479309,True,True,0.75,0.7314102564102564,0.6896441372247825,0.9412694649416008,0.734647435897436
69,0.00959936159845135,0.6850969791412354,True,True,0.75,0.7314102564102564,0.6896441372247825,0.9431958128078818,0.734647435897436
70,0.009583077966942534,0.6608132123947144,True,True,0.75,0.7314102564102564,0.6896441372247825,0.943937377509402,0.734647435897436
71,0.009566484505576189,0.6502335667610168,True,True,0.75,0.7314102564102564,0.6896441372247825,0.943937377509402,0.734647435897436
72,0.009549582348493355,0.6389743089675903,True,True,0.7666666666666667,0.7489027489027489,0.7055171530977983,0.9454567249686828,0.7548163548163548
73,0.009532372650934018,0.6195690631866455,True,True,0.7666666666666667,0.7489027489027489,0.7055171530977983,0.9466052900772034,0.7548163548163548
74,0.009514856589158148,0.6206464767456055,True,True,0.7666666666666667,0.7489027489027489,0.7055171530977983,0.9485316379434844,0.7548163548163548
75,0.009497035360365296,0.6638196706771851,True,True,0.7666666666666667,0.7489027489027489,0.7055171530977983,0.9489024202942445,0.7548163548163548
76,0.00947891018261278,0.6144065260887146,True,True,0.7833333333333333,0.7819091106762338,0.7471838197644649,0.9493094207012449,0.7722765818656229
77,0.00946048229473242,0.6575284004211426,True,True,0.8,0.7987861811391223,0.7630568356374807,0.9496802030520052,0.7919000933706817
78,0.009441752956245879,0.6403542757034302,True,True,0.8166666666666667,0.8150234741784038,0.7789298515104967,0.9504579858097656,0.8109054325955735
79,0.009422723447278559,0.6468535661697388,True,True,0.85,0.8458396284483242,0.8106758832565285,0.9520135513252866,0.8473448603883386
80,0.00940339506847212,0.6575959324836731,True,True,0.8333333333333334,0.8331859059413239,0.7999231950844855,0.9528148333765687,0.8312877782692024
81,0.009383769140895582,0.6703512072563171,True,True,0.8333333333333334,0.8331859059413239,0.7999231950844855,0.9539633984850893,0.8312877782692024
82,0.009363847005955023,0.6079525351524353,True,True,0.8333333333333334,0.8352092352092352,0.8050435227854583,0.9539633984850893,0.8326695526695527
83,0.009343630025301902,0.6734932661056519,True,True,0.8333333333333334,0.8352092352092352,0.8050435227854583,0.9558897463513704,0.8326695526695527
84,0.00932311958073999,0.666977047920227,True,True,0.8333333333333334,0.8352092352092352,0.8050435227854583,0.9558897463513704,0.8326695526695527
85,0.009302317074130931,0.5687772631645203,True,True,0.85,0.8493165371214152,0.8209165386584741,0.9558897463513704,0.8496578218529438
86,0.009281223927298419,0.5888254642486572,True,True,0.85,0.8493165371214152,0.8209165386584741,0.9558897463513704,0.8496578218529438
87,0.009259841581931017,0.595611035823822,True,True,0.85,0.8493165371214152,0.8209165386584741,0.95585352829513,0.8496578218529438
88,0.00923817149948363,0.5782253742218018,True,True,0.8666666666666667,0.8630952380952381,0.8367895545314901,0.9558173102388897,0.8663690476190476
89,0.00921621516107761,0.5671961307525635,True,True,0.8666666666666667,0.8630952380952381,0.8367895545314901,0.9569658753474104,0.8663690476190476
90,0.009193974067399517,0.5758533477783203,True,True,0.85,0.8504983388704318,0.8260368663594471,0.95655887494041,0.8501661129568105
91,0.009171449738598562,0.572966992855072,True,True,0.85,0.8504983388704318,0.8260368663594471,0.95655887494041,0.8501661129568105
92,0.009148643714182699,0.5597939491271973,True,True,0.85,0.8504983388704318,0.8260368663594471,0.9569296572911701,0.8501661129568105
93,0.009125557552913402,0.621665358543396,True,True,0.85,0.8504983388704318,0.8260368663594471,0.9577074400489307,0.8501661129568105
94,0.009102192832699127,0.6393886208534241,True,True,0.85,0.8504983388704318,0.8260368663594471,0.9577074400489307,0.8501661129568105
95,0.009078551150487465,0.598636269569397,True,True,0.8666666666666667,0.8639156542382348,0.8419098822324629,0.9577074400489307,0.8665584415584415
96,0.00905463412215599,0.5662455558776855,True,True,0.8666666666666667,0.8639156542382348,0.8419098822324629,0.9569296572911701,0.8665584415584415
97,0.009030443382401818,0.5915226340293884,True,True,0.8666666666666667,0.8639156542382348,0.8419098822324629,0.9569296572911701,0.8665584415584415
98,0.009005980584629878,0.5730509757995605,True,True,0.8666666666666667,0.8639156542382348,0.8419098822324629,0.9561880925896499,0.8665584415584415
99,0.008981247400839902,0.5780457258224487,True,True,0.8666666666666667,0.8639156542382348,0.8419098822324629,0.9569658753474105,0.8665584415584415
100,0.00895624552151215,0.5808166265487671,True,True,0.8666666666666667,0.8639156542382348,0.8419098822324629,0.9565950929966504,0.8665584415584415
101,0.008930976655491857,0.5776025652885437,True,True,0.8666666666666667,0.8639156542382348,0.8419098822324629,0.9562243106458902,0.8665584415584415
102,0.008905442529872458,0.560975968837738,True,True,0.8666666666666667,0.8639156542382348,0.8419098822324629,0.9554827459443701,0.8665584415584415
103,0.008879644889877513,0.5773912668228149,True,True,0.8666666666666667,0.8639156542382348,0.8419098822324629,0.9558535282951302,0.8665584415584415
104,0.008853585498741453,0.6009050607681274,True,True,0.8666666666666667,0.8639156542382348,0.8419098822324629,0.9550757455373695,0.8665584415584415
105,0.008827266137589043,0.5841019153594971,True,True,0.8666666666666667,0.8639156542382348,0.8419098822324629,0.9531493976710884,0.8665584415584415
106,0.008800688605313658,0.571348249912262,True,True,0.8666666666666667,0.8639156542382348,0.8419098822324629,0.954297962779609,0.8665584415584415
107,0.008773854718454323,0.6159803867340088,True,True,0.8666666666666667,0.8639156542382348,0.8419098822324629,0.95585352829513,0.8665584415584415
108,0.008746766311071562,0.5863943099975586,True,True,0.8666666666666667,0.8639156542382348,0.8419098822324629,0.9566313110528907,0.8665584415584415
109,0.008719425234622036,0.5649296641349792,True,True,0.8833333333333333,0.8770925492236968,0.8577828981054787,0.9550757455373695,0.8827738745771533
110,0.008691833357832001,0.5488271117210388,True,True,0.8833333333333333,0.8770925492236968,0.8577828981054787,0.9570020934036507,0.8827738745771533
111,0.008663992566569587,0.5888146162033081,True,True,0.8833333333333333,0.8770925492236968,0.8577828981054787,0.9573728757544108,0.8827738745771533
112,0.00863590476371589,0.5659691095352173,True,True,0.8833333333333333,0.8770925492236968,0.8577828981054787,0.9561880925896499,0.8827738745771533
113,0.008607571869034929,0.5868736505508423,True,True,0.8833333333333333,0.8770925492236968,0.8577828981054787,0.9573366576981704,0.8827738745771533
114,0.008578995819042416,0.5501939654350281,True,True,0.8833333333333333,0.8770925492236968,0.8577828981054787,0.95655887494041,0.8827738745771533
115,0.00855017856687341,0.5462184548377991,True,True,0.8666666666666667,0.8639156542382348,0.8419098822324629,0.9573366576981704,0.8665584415584415
116,0.00852112208214882,0.542061448097229,True,True,0.8666666666666667,0.8639156542382348,0.8419098822324629,0.9577074400489306,0.8665584415584415
117,0.008491828350840775,0.5841460824012756,True,True,0.8666666666666667,0.8639156542382348,0.8419098822324629,0.9577074400489306,0.8665584415584415
118,0.0084622993751369,0.5443724393844604,True,True,0.8666666666666667,0.8639156542382348,0.8419098822324629,0.9592630055644517,0.8665584415584415
119,0.008432537173303462,0.5752681493759155,True,True,0.8666666666666667,0.8639156542382348,0.8419098822324629,0.9592630055644517,0.8665584415584415
120,0.00840254377954742,0.5991615056991577,True,True,0.8666666666666667,0.8639156542382348,0.8419098822324629,0.9592630055644517,0.8665584415584415
121,0.008372321243877393,0.5600498914718628,True,True,0.8666666666666667,0.8639156542382348,0.8419098822324629,0.9611893534307328,0.8665584415584415
122,0.00834187163196355,0.5533398389816284,True,True,0.8666666666666667,0.8639156542382348,0.8419098822324629,0.961930918132253,0.8665584415584415
123,0.008311197024996417,0.5387830138206482,True,True,0.8666666666666667,0.8639156542382348,0.8419098822324629,0.9623017004830131,0.8665584415584415
124,0.008280299519544634,0.5708452463150024,True,True,0.8666666666666667,0.8639156542382348,0.8419098822324629,0.9623017004830131,0.8665584415584415
125,0.008249181227411657,0.5534882545471191,True,True,0.8666666666666667,0.8639156542382348,0.8419098822324629,0.9615004184317311,0.8665584415584415
126,0.008217844275491416,0.5386133790016174,True,True,0.8666666666666667,0.8639156542382348,0.8419098822324629,0.9634267662980122,0.8665584415584415
127,0.008186290805622951,0.5457449555397034,True,True,0.8666666666666667,0.8639156542382348,0.8419098822324629,0.9653766134578149,0.8665584415584415
128,0.008154522974444009,0.5553345084190369,True,True,0.8833333333333333,0.8765842254214347,0.8526625704045059,0.9638210479422938,0.8828472991263688
129,0.008122542953243656,0.5518482327461243,True,True,0.8833333333333333,0.8765842254214347,0.8526625704045059,0.9634502655915337,0.8828472991263688
130,0.008090352927813856,0.5491440296173096,True,True,0.8833333333333333,0.8765842254214347,0.8526625704045059,0.9634502655915337,0.8828472991263688
131,0.008057955098300092,0.5465397834777832,True,True,0.8833333333333333,0.8765842254214347,0.8526625704045059,0.9623017004830131,0.8828472991263688
132,0.008025351679050973,0.5221959352493286,True,True,0.8833333333333333,0.8765842254214347,0.8526625704045059,0.9630794832407736,0.8828472991263688
133,0.0079925448984669,0.550906777381897,True,True,0.8833333333333333,0.8765842254214347,0.8526625704045059,0.9630794832407736,0.8828472991263688
134,0.007959536998847744,0.5212177038192749,True,True,0.8833333333333333,0.8765842254214347,0.8526625704045059,0.9630794832407736,0.8828472991263688
135,0.007926330236239594,0.5541978478431702,True,True,0.8833333333333333,0.8765842254214347,0.8526625704045059,0.9634502655915337,0.8828472991263688
136,0.00789292688028057,0.5316599011421204,True,True,0.8833333333333333,0.8765842254214347,0.8526625704045059,0.9634502655915337,0.8828472991263688
137,0.00785932921404568,0.5233341455459595,True,True,0.8833333333333333,0.8765842254214347,0.8526625704045059,0.9638210479422938,0.8828472991263688
138,0.007825539533890782,0.5204750299453735,True,True,0.8833333333333333,0.8765842254214347,0.8526625704045059,0.9638210479422938,0.8828472991263688
139,0.007791560149295626,0.5303170084953308,True,True,0.8833333333333333,0.8765842254214347,0.8526625704045059,0.9634502655915337,0.8828472991263688
140,0.007757393382706014,0.5400031208992004,True,True,0.8833333333333333,0.8765842254214347,0.8526625704045059,0.9630794832407736,0.8828472991263688
141,0.00772304156937506,0.5304849743843079,True,True,0.8833333333333333,0.8765842254214347,0.8526625704045059,0.9638572659985342,0.8828472991263688
142,0.00768850705720357,0.5630977153778076,True,True,0.8666666666666667,0.8630952380952381,0.8367895545314901,0.963486483647774,0.8663690476190476
143,0.00765379220657958,0.5273890495300293,True,True,0.8666666666666667,0.8630952380952381,0.8367895545314901,0.9638572659985342,0.8663690476190476
144,0.007618899390217016,0.5699670314788818,True,True,0.8666666666666667,0.8630952380952381,0.8367895545314901,0.9638572659985342,0.8663690476190476
145,0.007583830992993526,0.5803849101066589,True,True,0.8666666666666667,0.8630952380952381,0.8367895545314901,0.9646350487562946,0.8663690476190476
146,0.007548589411787477,0.5928431749343872,True,True,0.8833333333333333,0.8765842254214347,0.8526625704045059,0.9654128315140551,0.8828472991263688
147,0.007513177055314133,0.5905290842056274,True,True,0.8833333333333333,0.8765842254214347,0.8526625704045059,0.9654128315140551,0.8828472991263688
148,0.0074775963439610155,0.5788981914520264,True,True,0.8833333333333333,0.8765842254214347,0.8526625704045059,0.9654128315140551,0.8828472991263688
149,0.007441849709622487,0.5474939942359924,True,True,0.8833333333333333,0.8765842254214347,0.8526625704045059,0.9669556782668574,0.8828472991263688
150,0.007405939595533515,0.588534951210022,True,True,0.8666666666666667,0.8426505664877758,0.8109959037378393,0.9669556782668574,0.8639497614788313
151,0.007369868456102699,0.5751147270202637,True,True,0.8666666666666667,0.8426505664877758,0.8109959037378393,0.9673626786738577,0.8639497614788313
152,0.0073336387567445056,0.6509645581245422,True,True,0.8666666666666667,0.8426505664877758,0.8109959037378393,0.9677334610246179,0.8639497614788313
153,0.007297252973710758,0.5869463682174683,True,True,0.8666666666666667,0.8426505664877758,0.8109959037378393,0.9677334610246179,0.8639497614788313
154,0.007260713593921394,0.5776270627975464,True,True,0.8666666666666667,0.8426505664877758,0.8109959037378393,0.9677334610246179,0.8639497614788313
155,0.007224023114794484,0.5607328414916992,True,True,0.8666666666666667,0.8426505664877758,0.8109959037378393,0.9677334610246179,0.8639497614788313
156,0.00718718404407554,0.5960173010826111,True,True,0.8666666666666667,0.8426505664877758,0.8109959037378393,0.9677696790808582,0.8639497614788313
157,0.0071501988996661115,0.5843427777290344,True,True,0.8666666666666667,0.8426505664877758,0.8109959037378393,0.9673391793803363,0.8639497614788313
158,0.007113070209451689,0.5442097187042236,True,True,0.8666666666666667,0.8426505664877758,0.8109959037378393,0.9677099617310964,0.8639497614788313
159,0.007075800511128927,0.6207517385482788,True,True,0.8666666666666667,0.8426505664877758,0.8109959037378393,0.9680807440818565,0.8639497614788313
160,0.0070383923520322,0.5456159114837646,True,True,0.8666666666666667,0.8426505664877758,0.8109959037378393,0.9680807440818565,0.8639497614788313
161,0.007000848288959491,0.5447747707366943,True,True,0.8666666666666667,0.8426505664877758,0.8109959037378393,0.9684515264326166,0.8639497614788313
162,0.006963170887997639,0.5467427968978882,True,True,0.8666666666666667,0.8426505664877758,0.8109959037378393,0.9672794620305744,0.8639497614788313
163,0.006925362724346952,0.5456211566925049,True,True,0.8666666666666667,0.8426505664877758,0.8109959037378393,0.9676502443813345,0.8639497614788313
164,0.006887426382145193,0.6394171714782715,True,True,0.8666666666666667,0.8426505664877758,0.8109959037378393,0.9676502443813345,0.8639497614788313
165,0.006849364454290958,0.5597293376922607,True,True,0.8666666666666667,0.8426505664877758,0.8109959037378393,0.9676502443813345,0.8639497614788313
166,0.006811179542266458,0.5302309393882751,True,True,0.8666666666666667,0.8426505664877758,0.8109959037378393,0.9676502443813345,0.8639497614788313
167,0.006772874255959703,0.5355627536773682,True,True,0.8666666666666667,0.8426505664877758,0.8109959037378393,0.9676502443813345,0.8639497614788313
168,0.006734451213486133,0.5835975408554077,True,True,0.8666666666666667,0.8426505664877758,0.8109959037378393,0.9680445260256162,0.8639497614788313
169,0.006695913041009662,0.5566087365150452,True,True,0.8666666666666667,0.8426505664877758,0.8109959037378393,0.9684153083763762,0.8639497614788313
170,0.006657262372563185,0.5667116641998291,True,True,0.8666666666666667,0.8426505664877758,0.8109959037378393,0.9684153083763762,0.8639497614788313
171,0.006618501849868548,0.5425927639007568,True,True,0.8666666666666667,0.8426505664877758,0.8109959037378393,0.9695638734848968,0.8639497614788313
172,0.006579634122155991,0.5437659621238708,True,True,0.8666666666666667,0.8426505664877758,0.8109959037378393,0.9699708738918972,0.8639497614788313
173,0.006540661845983073,0.5644257664680481,True,True,0.8666666666666667,0.8426505664877758,0.8109959037378393,0.9684280271390949,0.8639497614788313
174,0.0065015876850531016,0.5596668124198914,True,True,0.8666666666666667,0.8426505664877758,0.8109959037378393,0.9676864624375748,0.8639497614788313
175,0.006462414310033072,0.5574876666069031,True,True,0.8666666666666667,0.8426505664877758,0.8109959037378393,0.9680934628445752,0.8639497614788313
176,0.0064231443983711325,0.5638731718063354,True,True,0.85,0.83000333000333,0.8002432155657963,0.9680934628445752,0.8476939726939726
177,0.006383780634113578,0.5400660634040833,True,True,0.85,0.83000333000333,0.8002432155657963,0.9688712456023357,0.8476939726939726
178,0.006344325707721409,0.5424140691757202,True,True,0.85,0.83000333000333,0.8002432155657963,0.9692420279530959,0.8476939726939726
179,0.006304782315886434,0.5326436758041382,True,True,0.85,0.83000333000333,0.8002432155657963,0.9684642451953352,0.8476939726939726
180,0.0062651531613469565,0.5346894264221191,True,True,0.85,0.83000333000333,0.8002432155657963,0.9688712456023357,0.8476939726939726
181,0.00622544095270305,0.5364351272583008,True,True,0.85,0.83000333000333,0.8002432155657963,0.9692420279530959,0.8476939726939726
182,0.006185648404231421,0.528352677822113,True,True,0.85,0.83000333000333,0.8002432155657963,0.9692420279530959,0.8476939726939726
183,0.0061457782356999025,0.5453582406044006,True,True,0.85,0.83000333000333,0.8002432155657963,0.9692420279530959,0.8476939726939726
184,0.006105833172181549,0.5184042453765869,True,True,0.85,0.83000333000333,0.8002432155657963,0.9692420279530959,0.8476939726939726
185,0.006065815943868391,0.5161418914794922,True,True,0.85,0.83000333000333,0.8002432155657963,0.9688712456023358,0.8476939726939726
186,0.006025729285884828,0.5176364779472351,True,True,0.85,0.83000333000333,0.8002432155657963,0.9700198107108564,0.8476939726939726
187,0.005985575938100685,0.5386068820953369,True,True,0.85,0.83000333000333,0.8002432155657963,0.9700198107108564,0.8476939726939726
188,0.005945358644943944,0.5154731273651123,True,True,0.85,0.83000333000333,0.8002432155657963,0.9692782460093361,0.8476939726939726
189,0.005905080155213171,0.5180941820144653,True,True,0.85,0.83000333000333,0.8002432155657963,0.9688712456023357,0.8476939726939726
190,0.005864743221889634,0.5319786667823792,True,True,0.85,0.83000333000333,0.8002432155657963,0.9688712456023357,0.8476939726939726
191,0.005824350601949144,0.5351938009262085,True,True,0.85,0.83000333000333,0.8002432155657963,0.9685004632515756,0.8476939726939726
192,0.0057839050561736185,0.5307722091674805,True,True,0.85,0.83000333000333,0.8002432155657963,0.9680934628445752,0.8476939726939726
193,0.005743409348962387,0.5150477290153503,True,True,0.85,0.83000333000333,0.8002432155657963,0.9669086796798143,0.8476939726939726
194,0.005702866248143243,0.5472978353500366,True,True,0.85,0.83000333000333,0.8002432155657963,0.9669086796798143,0.8476939726939726
195,0.005662278524783272,0.5378385782241821,True,True,0.85,0.83000333000333,0.8002432155657963,0.9665378973290543,0.8476939726939726
196,0.005621648952999453,0.526633620262146,True,True,0.85,0.83000333000333,0.8002432155657963,0.966167114978294,0.8476939726939726
197,0.005580980309769044,0.5480687618255615,True,True,0.85,0.83000333000333,0.8002432155657963,0.9653893322205335,0.8476939726939726
198,0.005540275374739791,0.5324335098266602,True,True,0.85,0.83000333000333,0.8002432155657963,0.9653893322205335,0.8476939726939726
199,0.0054995369300399315,0.5164090991020203,True,True,0.85,0.83000333000333,0.8002432155657963,0.9653893322205335,0.8476939726939726
200,0.005458767760088046,0.5122636556625366,True,True,0.85,0.83000333000333,0.8002432155657963,0.9653893322205335,0.8476939726939726
201,0.0054179706514027445,0.5410217642784119,True,True,0.85,0.83000333000333,0.8002432155657963,0.9653893322205335,0.8476939726939726
202,0.005377148392412213,0.5191751718521118,True,True,0.85,0.83000333000333,0.8002432155657963,0.9650185498697734,0.8476939726939726
203,0.005336303773263628,0.5314854383468628,True,True,0.85,0.83000333000333,0.8002432155657963,0.9643132032244935,0.8476939726939726
204,0.005295439585632452,0.5453591346740723,True,True,0.85,0.83000333000333,0.8002432155657963,0.9639424208737335,0.8476939726939726
205,0.005254558622531626,0.531987190246582,True,True,0.85,0.83000333000333,0.8002432155657963,0.9635716385229735,0.8476939726939726
206,0.005213663678120677,0.5160598754882812,True,True,0.85,0.83000333000333,0.8002432155657963,0.9619798549512121,0.8476939726939726
207,0.005172757547514729,0.5142056941986084,True,True,0.85,0.83000333000333,0.8002432155657963,0.9615728545442117,0.8476939726939726
208,0.0051318430265934745,0.5250725150108337,True,True,0.85,0.83000333000333,0.8002432155657963,0.9603880713794507,0.8476939726939726
209,0.005090922911810069,0.5445401072502136,True,True,0.85,0.83000333000333,0.8002432155657963,0.9603880713794507,0.8476939726939726
210,0.005050000000000001,0.5297930240631104,True,True,0.85,0.83000333000333,0.8002432155657963,0.9599810709724502,0.8476939726939726
211,0.005009077088189933,0.552634596824646,True,True,0.85,0.83000333000333,0.8002432155657963,0.9592032882146898,0.8476939726939726
212,0.004968156973406526,0.5339077115058899,True,True,0.85,0.83000333000333,0.8002432155657963,0.9592032882146898,0.8476939726939726
213,0.0049272424524852716,0.5352201461791992,True,True,0.85,0.83000333000333,0.8002432155657963,0.9587962878076893,0.8476939726939726
214,0.004886336321879326,0.5464544296264648,True,True,0.85,0.83000333000333,0.8002432155657963,0.9579822869936886,0.8476939726939726
215,0.004845441377468376,0.5585520267486572,True,True,0.85,0.83000333000333,0.8002432155657963,0.9579822869936886,0.8476939726939726
216,0.004804560414367551,0.5388323068618774,True,True,0.85,0.83000333000333,0.8002432155657963,0.9579822869936886,0.8476939726939726
217,0.004763696226736375,0.5564460754394531,True,True,0.85,0.83000333000333,0.8002432155657963,0.9579822869936886,0.8476939726939726
218,0.0047228516075877875,0.5160073041915894,True,True,0.85,0.83000333000333,0.8002432155657963,0.9579822869936886,0.8476939726939726
219,0.004682029348597257,0.5167951583862305,True,True,0.85,0.83000333000333,0.8002432155657963,0.9579822869936886,0.8476939726939726
220,0.004641232239911956,0.5405786633491516,True,True,0.85,0.83000333000333,0.8002432155657963,0.9579822869936886,0.8476939726939726
221,0.00460046306996007,0.5140863656997681,True,True,0.85,0.83000333000333,0.8002432155657963,0.9579822869936886,0.8476939726939726
222,0.00455972462526021,0.5442205667495728,True,True,0.85,0.83000333000333,0.8002432155657963,0.9576115046429284,0.8476939726939726
223,0.0045190196902309574,0.5251639485359192,True,True,0.85,0.83000333000333,0.8002432155657963,0.9579822869936887,0.8476939726939726
224,0.00447835104700055,0.5204376578330994,True,True,0.85,0.83000333000333,0.8002432155657963,0.9576115046429284,0.8476939726939726
225,0.004437721475216731,0.5408506393432617,True,True,0.85,0.83000333000333,0.8002432155657963,0.9580185050499289,0.8476939726939726
226,0.00439713375185676,0.5107327103614807,True,True,0.85,0.83000333000333,0.8002432155657963,0.9580185050499289,0.8476939726939726
227,0.004356590651037616,0.5168228149414062,True,True,0.85,0.83000333000333,0.8002432155657963,0.9580185050499289,0.8476939726939726
228,0.004316094943826382,0.5196552276611328,True,True,0.85,0.83000333000333,0.8002432155657963,0.9561645932961284,0.8476939726939726
229,0.0042756493980508565,0.5116196870803833,True,True,0.85,0.83000333000333,0.8002432155657963,0.9561645932961284,0.8476939726939726
230,0.0042352567781103675,0.5207214951515198,True,True,0.85,0.83000333000333,0.8002432155657963,0.9561645932961284,0.8476939726939726
231,0.004194919844786831,0.527045726776123,True,True,0.85,0.83000333000333,0.8002432155657963,0.9557938109453682,0.8476939726939726
232,0.004154641355056057,0.5449095368385315,True,True,0.85,0.83000333000333,0.8002432155657963,0.9550160281876078,0.8476939726939726
233,0.004114424061899316,0.5260798335075378,True,True,0.85,0.83000333000333,0.8002432155657963,0.9550160281876078,0.8476939726939726
234,0.004074270714115174,0.525261640548706,True,True,0.85,0.83000333000333,0.8002432155657963,0.9550160281876078,0.8476939726939726
235,0.004034184056131611,0.5396050214767456,True,True,0.85,0.83000333000333,0.8002432155657963,0.9550160281876078,0.8476939726939726
236,0.003994166827818454,0.545546293258667,True,True,0.85,0.83000333000333,0.8002432155657963,0.9539036811353275,0.8476939726939726
237,0.003954221764300101,0.5365592241287231,True,True,0.85,0.83000333000333,0.8002432155657963,0.9539036811353275,0.8476939726939726
238,0.003914351595768582,0.522153377532959,True,True,0.85,0.83000333000333,0.8002432155657963,0.9535328987845674,0.8476939726939726
239,0.0038745590472969507,0.521597146987915,True,True,0.85,0.83000333000333,0.8002432155657963,0.9535328987845674,0.8476939726939726
240,0.0038348468386530444,0.5312352180480957,True,True,0.85,0.83000333000333,0.8002432155657963,0.9521808334725465,0.8476939726939726
241,0.0037952176841135675,0.5415415167808533,True,True,0.85,0.83000333000333,0.8002432155657963,0.9512357685675261,0.8476939726939726
242,0.0037556742922785925,0.5192112326622009,True,True,0.85,0.83000333000333,0.8002432155657963,0.9512357685675261,0.8476939726939726
243,0.003716219365886423,0.5294481515884399,True,True,0.85,0.83000333000333,0.8002432155657963,0.9516427689745265,0.8476939726939726
244,0.0036768556016288706,0.531927227973938,True,True,0.85,0.83000333000333,0.8002432155657963,0.9516427689745265,0.8476939726939726
245,0.00363758568996693,0.5308406949043274,True,True,0.85,0.83000333000333,0.8002432155657963,0.9516427689745265,0.8476939726939726
246,0.0035984123149469,0.5150644779205322,True,True,0.85,0.83000333000333,0.8002432155657963,0.9520135513252866,0.8476939726939726
247,0.003559338154016929,0.5552048087120056,True,True,0.85,0.83000333000333,0.8002432155657963,0.9520135513252866,0.8476939726939726
248,0.003520365877844012,0.524304986000061,True,True,0.85,0.83000333000333,0.8002432155657963,0.9520135513252866,0.8476939726939726
249,0.0034814981501314545,0.5199636220932007,True,True,0.85,0.83000333000333,0.8002432155657963,0.9523843336760467,0.8476939726939726
250,0.0034427376274368173,0.5164024829864502,True,True,0.85,0.83000333000333,0.8002432155657963,0.9523843336760467,0.8476939726939726
251,0.003404086958990339,0.532457172870636,True,True,0.85,0.83000333000333,0.8002432155657963,0.953125898377567,0.8476939726939726
252,0.003365548786513867,0.5308840274810791,True,True,0.85,0.83000333000333,0.8002432155657963,0.9546090277806073,0.8476939726939726
253,0.003327125744040297,0.5323673486709595,True,True,0.85,0.83000333000333,0.8002432155657963,0.9549798101313675,0.8476939726939726
254,0.0032888204577335442,0.5150338411331177,True,True,0.85,0.83000333000333,0.8002432155657963,0.9549798101313675,0.8476939726939726
255,0.0032506355457090426,0.5139151811599731,True,True,0.85,0.83000333000333,0.8002432155657963,0.9557213748328878,0.8476939726939726
256,0.0032125736178548075,0.5132277011871338,True,True,0.85,0.83000333000333,0.8002432155657963,0.9564629395344079,0.8476939726939726
257,0.0031746372756530482,0.516426682472229,True,True,0.85,0.83000333000333,0.8002432155657963,0.9564629395344079,0.8476939726939726
258,0.0031368291120023616,0.5124480724334717,True,True,0.85,0.83000333000333,0.8002432155657963,0.956833721885168,0.8476939726939726
259,0.0030991517110405113,0.5429379343986511,True,True,0.85,0.83000333000333,0.8002432155657963,0.956833721885168,0.8476939726939726
260,0.0030616076479678023,0.5146034955978394,True,True,0.85,0.83000333000333,0.8002432155657963,0.9564267214781675,0.8476939726939726
261,0.0030241994888710747,0.5269887447357178,True,True,0.85,0.83000333000333,0.8002432155657963,0.9564267214781675,0.8476939726939726
262,0.0029869297905483136,0.5215597748756409,True,True,0.85,0.83000333000333,0.8002432155657963,0.9564267214781675,0.8476939726939726
263,0.00294980110033389,0.5100994110107422,True,True,0.85,0.83000333000333,0.8002432155657963,0.9564267214781675,0.8476939726939726
264,0.0029128159559244607,0.51010662317276,True,True,0.85,0.83000333000333,0.8002432155657963,0.9564267214781675,0.8476939726939726
265,0.0028759768852055175,0.5112190246582031,True,True,0.85,0.83000333000333,0.8002432155657963,0.9564267214781675,0.8476939726939726
266,0.002839286406078608,0.5103297233581543,True,True,0.85,0.83000333000333,0.8002432155657963,0.9564267214781675,0.8476939726939726
267,0.0028027470262892437,0.5255734920501709,True,True,0.85,0.83000333000333,0.8002432155657963,0.9564267214781675,0.8476939726939726
268,0.002766361243255496,0.5132884383201599,True,True,0.85,0.83000333000333,0.8002432155657963,0.9564267214781675,0.8476939726939726
269,0.002730131543897301,0.5113693475723267,True,True,0.85,0.83000333000333,0.8002432155657963,0.9564267214781675,0.8476939726939726
270,0.0026940604044664858,0.5126117467880249,True,True,0.85,0.83000333000333,0.8002432155657963,0.9564267214781675,0.8476939726939726
271,0.002658150290377515,0.5153437852859497,True,True,0.85,0.83000333000333,0.8002432155657963,0.9564267214781675,0.8476939726939726
272,0.0026224036560389846,0.5132079124450684,True,True,0.85,0.83000333000333,0.8002432155657963,0.9560921571836477,0.8476939726939726
273,0.0025868229446858685,0.5116093158721924,True,True,0.85,0.83000333000333,0.8002432155657963,0.9553505924821275,0.8476939726939726
274,0.0025514105882125234,0.5165731310844421,True,True,0.85,0.83000333000333,0.8002432155657963,0.9553505924821275,0.8476939726939726
275,0.002516169007006475,0.5305613875389099,True,True,0.85,0.83000333000333,0.8002432155657963,0.9553505924821275,0.8476939726939726
276,0.0024811006097829845,0.5173344612121582,True,True,0.85,0.83000333000333,0.8002432155657963,0.9553505924821275,0.8476939726939726
277,0.002446207793420422,0.5103237628936768,True,True,0.85,0.83000333000333,0.8002432155657963,0.9564629395344079,0.8476939726939726
278,0.002411492942796432,0.508208155632019,True,True,0.85,0.83000333000333,0.8002432155657963,0.9564629395344079,0.8476939726939726
279,0.0023769584306249435,0.5094751119613647,True,True,0.85,0.83000333000333,0.8002432155657963,0.9564629395344079,0.8476939726939726
280,0.0023426066172939877,0.5089871883392334,True,True,0.85,0.83000333000333,0.8002432155657963,0.9564629395344079,0.8476939726939726
281,0.002308439850704377,0.5097635388374329,True,True,0.8333333333333334,0.8174616303648562,0.7894905273937532,0.9564629395344079,0.8314529914529915
282,0.002274460466109219,0.5084155797958374,True,True,0.8333333333333334,0.8174616303648562,0.7894905273937532,0.9564629395344079,0.8314529914529915
283,0.0022406707859543205,0.5089359283447266,True,True,0.8333333333333334,0.8174616303648562,0.7894905273937532,0.9564629395344079,0.8314529914529915
284,0.002207073119719429,0.5119991898536682,True,True,0.8333333333333334,0.8174616303648562,0.7894905273937532,0.9564629395344079,0.8314529914529915
285,0.0021736697637604056,0.5137506723403931,True,True,0.8333333333333334,0.8174616303648562,0.7894905273937532,0.9564629395344079,0.8314529914529915
286,0.0021404630011522584,0.512347400188446,True,True,0.8333333333333334,0.8174616303648562,0.7894905273937532,0.9564629395344079,0.8314529914529915
287,0.0021074551015331003,0.5074731707572937,True,True,0.8333333333333334,0.8174616303648562,0.7894905273937532,0.9564629395344079,0.8314529914529915
288,0.0020746483209490257,0.5207288265228271,True,True,0.8333333333333334,0.8174616303648562,0.7894905273937532,0.9564629395344079,0.8314529914529915
289,0.002042044901699908,0.5193012952804565,True,True,0.8333333333333334,0.8174616303648562,0.7894905273937532,0.9564629395344079,0.8314529914529915
290,0.0020096470721861445,0.5115274786949158,True,True,0.8333333333333334,0.8174616303648562,0.7894905273937532,0.956833721885168,0.8314529914529915
291,0.0019774570467563477,0.508463978767395,True,True,0.8333333333333334,0.8174616303648562,0.7894905273937532,0.9572045042359281,0.8314529914529915
292,0.001945477025555992,0.5153312683105469,True,True,0.8333333333333334,0.8174616303648562,0.7894905273937532,0.9564267214781675,0.8314529914529915
293,0.0019137091943770502,0.5115195512771606,True,True,0.8333333333333334,0.8174616303648562,0.7894905273937532,0.9564267214781675,0.8314529914529915
294,0.0018821557245085828,0.5177266001701355,True,True,0.8333333333333334,0.8174616303648562,0.7894905273937532,0.9556127206641668,0.8314529914529915
295,0.0018508187725883422,0.5075056552886963,True,True,0.8333333333333334,0.8174616303648562,0.7894905273937532,0.9567847850662089,0.8314529914529915
296,0.0018197004804553652,0.5087922811508179,True,True,0.8333333333333334,0.8174616303648562,0.7894905273937532,0.9567847850662089,0.8314529914529915
297,0.0017888029750035847,0.5180441737174988,True,True,0.8333333333333334,0.8174616303648562,0.7894905273937532,0.9564140027154489,0.8314529914529915
298,0.0017581283680364525,0.508243203163147,True,True,0.8333333333333334,0.8174616303648562,0.7894905273937532,0.9560432203646888,0.8314529914529915
299,0.0017276787561226095,0.5094059705734253,True,True,0.8333333333333334,0.8174616303648562,0.7894905273937532,0.9560432203646888,0.8314529914529915
300,0.0016974562204525828,0.5250568389892578,True,True,0.8333333333333334,0.8174616303648562,0.7894905273937532,0.9560432203646888,0.8314529914529915
301,0.0016674628266965387,0.5212032794952393,True,True,0.8333333333333334,0.8174616303648562,0.7894905273937532,0.9548584371999277,0.8314529914529915
302,0.0016377006248631,0.5083461999893188,True,True,0.8333333333333334,0.8174616303648562,0.7894905273937532,0.9548584371999277,0.8314529914529915
303,0.001608171649159226,0.5087058544158936,True,True,0.8333333333333334,0.8174616303648562,0.7894905273937532,0.9548584371999277,0.8314529914529915
304,0.0015788779178511816,0.5083718299865723,True,True,0.8333333333333334,0.8174616303648562,0.7894905273937532,0.9544876548491676,0.8314529914529915
305,0.0015498214331265902,0.506630539894104,True,True,0.8333333333333334,0.8174616303648562,0.7894905273937532,0.9544876548491676,0.8314529914529915
306,0.001521004180957585,0.5094753503799438,True,True,0.8333333333333334,0.8174616303648562,0.7894905273937532,0.9541168724984076,0.8314529914529915
307,0.001492428130965072,0.5187225341796875,True,True,0.8333333333333334,0.8174616303648562,0.7894905273937532,0.9541168724984076,0.8314529914529915
308,0.0014640952362841098,0.5096816420555115,True,True,0.8333333333333334,0.8174616303648562,0.7894905273937532,0.9533390897406471,0.8314529914529915
309,0.0014360074334304135,0.5073878765106201,True,True,0.8333333333333334,0.8174616303648562,0.7894905273937532,0.9525613069828865,0.8314529914529915
310,0.0014081666421679989,0.5074060559272766,True,True,0.8333333333333334,0.8174616303648562,0.7894905273937532,0.9525613069828865,0.8314529914529915
311,0.0013805747653779662,0.5071671009063721,True,True,0.8333333333333334,0.8174616303648562,0.7894905273937532,0.9525613069828865,0.8314529914529915
312,0.00135323368892844,0.5089197158813477,True,True,0.8333333333333334,0.8174616303648562,0.7894905273937532,0.9521543065758862,0.8314529914529915
313,0.001326145281545679,0.5092183351516724,True,True,0.8333333333333334,0.8174616303648562,0.7894905273937532,0.9521543065758862,0.8314529914529915
314,0.0012993113946863431,0.5116105079650879,True,True,0.8333333333333334,0.8174616303648562,0.7894905273937532,0.9521543065758862,0.8314529914529915
315,0.0012727338624109576,0.5071541666984558,True,True,0.8333333333333334,0.8174616303648562,0.7894905273937532,0.9517835242251259,0.8314529914529915
316,0.0012464145012585474,0.5085957646369934,True,True,0.8333333333333334,0.8174616303648562,0.7894905273937532,0.9514127418743659,0.8314529914529915
317,0.0012203551101224882,0.5182244181632996,True,True,0.8333333333333334,0.8174616303648562,0.7894905273937532,0.9514127418743659,0.8314529914529915
318,0.001194557470127544,0.5093100666999817,True,True,0.8333333333333334,0.8174616303648562,0.7894905273937532,0.9514127418743659,0.8314529914529915
319,0.001169023344508143,0.5113133192062378,True,True,0.8333333333333334,0.8174616303648562,0.7894905273937532,0.9510419595236058,0.8314529914529915
320,0.0011437544784878525,0.50935959815979,True,True,0.8333333333333334,0.8174616303648562,0.7894905273937532,0.9510419595236058,0.8314529914529915
321,0.0011187525991600985,0.5081618428230286,True,True,0.8333333333333334,0.8174616303648562,0.7894905273937532,0.9502641767658453,0.8314529914529915
322,0.001094019415370123,0.5119898915290833,True,True,0.8333333333333334,0.8174616303648562,0.7894905273937532,0.9498933944150852,0.8314529914529915
323,0.0010695566175981828,0.5114917159080505,True,True,0.8333333333333334,0.8174616303648562,0.7894905273937532,0.9498933944150852,0.8314529914529915
324,0.0010453658778440107,0.5107713937759399,True,True,0.8333333333333334,0.8174616303648562,0.7894905273937532,0.9498933944150852,0.8314529914529915
325,0.0010214488495125353,0.5171735882759094,True,True,0.8333333333333334,0.8174616303648562,0.7894905273937532,0.9498933944150852,0.8314529914529915
326,0.0009978071673008729,0.520086407661438,True,True,0.8333333333333334,0.8174616303648562,0.7894905273937532,0.9498933944150852,0.8314529914529915
327,0.0009744424470865977,0.5080432891845703,True,True,0.8333333333333334,0.8174616303648562,0.7894905273937532,0.9503003948220856,0.8314529914529915
328,0.0009513562858173009,0.5087305903434753,True,True,0.8333333333333334,0.8174616303648562,0.7894905273937532,0.9499296124713256,0.8314529914529915
329,0.0009285502614014378,0.5072678327560425,True,True,0.8333333333333334,0.8174616303648562,0.7894905273937532,0.9487575480692834,0.8314529914529915
330,0.0009060259326004838,0.5069222450256348,True,True,0.8333333333333334,0.8174616303648562,0.7894905273937532,0.9487575480692834,0.8314529914529915
331,0.000883784838922391,0.5075975656509399,True,True,0.8333333333333334,0.8174616303648562,0.7894905273937532,0.9483867657185233,0.8314529914529915
332,0.0008618285005163704,0.5082793831825256,True,True,0.8333333333333334,0.8174616303648562,0.7894905273937532,0.9487937661255237,0.8314529914529915
333,0.0008401584180689843,0.5083402395248413,True,True,0.8333333333333334,0.8174616303648562,0.7894905273937532,0.9483505476622828,0.8314529914529915
334,0.000818776072701583,0.507182240486145,True,True,0.8333333333333334,0.8174616303648562,0.7894905273937532,0.948350547662283,0.8314529914529915
335,0.0007976829258690679,0.5074330568313599,True,True,0.8333333333333334,0.8174616303648562,0.7894905273937532,0.9479797653115227,0.8314529914529915
336,0.0007768804192600093,0.5089032649993896,True,True,0.8333333333333334,0.8174616303648562,0.7894905273937532,0.9479797653115228,0.8314529914529915
337,0.0007563699746980984,0.5090153813362122,True,True,0.8333333333333334,0.8174616303648562,0.7894905273937532,0.9479797653115227,0.8314529914529915
338,0.0007361529940449782,0.5091843605041504,True,True,0.8333333333333334,0.8174616303648562,0.7894905273937532,0.9483867657185233,0.8314529914529915
339,0.0007162308591044182,0.5196754336357117,True,True,0.8333333333333334,0.8174616303648562,0.7894905273937532,0.9483867657185233,0.8314529914529915
340,0.0006966049315278798,0.5066450834274292,True,True,0.8333333333333334,0.8174616303648562,0.7894905273937532,0.9483867657185231,0.8314529914529915
341,0.0006772765527214417,0.5237078666687012,True,True,0.8333333333333334,0.8174616303648562,0.7894905273937532,0.9483867657185231,0.8314529914529915
342,0.0006582470437541217,0.507285475730896,True,True,0.8333333333333334,0.8174616303648562,0.7894905273937532,0.9483867657185233,0.8314529914529915
343,0.0006395177052675795,0.5091928839683533,True,True,0.8333333333333334,0.8174616303648562,0.7894905273937532,0.947645201017003,0.8314529914529915
344,0.0006210898173872209,0.5077096819877625,True,True,0.8333333333333334,0.8174616303648562,0.7894905273937532,0.947645201017003,0.8314529914529915
345,0.0006029646396347048,0.5087783932685852,True,True,0.8333333333333334,0.8174616303648562,0.7894905273937532,0.9472382006100025,0.8314529914529915
346,0.000585143410841854,0.5100007057189941,True,True,0.8333333333333334,0.8174616303648562,0.7894905273937532,0.9472019825537622,0.8314529914529915
347,0.0005676273490659822,0.5176379084587097,True,True,0.8333333333333334,0.8174616303648562,0.7894905273937532,0.9472019825537622,0.8314529914529915
348,0.0005504176515066467,0.5077186226844788,True,True,0.8333333333333334,0.8174616303648562,0.7894905273937532,0.9472019825537622,0.8314529914529915
349,0.0005335154944238117,0.5078913569450378,True,True,0.8333333333333334,0.8174616303648562,0.7894905273937532,0.9472019825537622,0.8314529914529915
350,0.0005169220330574664,0.508995771408081,True,True,0.8333333333333334,0.8174616303648562,0.7894905273937532,0.9468312002030022,0.8314529914529915
351,0.0005006384015486492,0.506658136844635,True,True,0.8333333333333334,0.8174616303648562,0.7894905273937532,0.9464604178522421,0.8314529914529915
352,0.00048466571286194553,0.5178586840629578,True,True,0.8333333333333334,0.8174616303648562,0.7894905273937532,0.9464604178522421,0.8314529914529915
353,0.00046900505870941026,0.5066690444946289,True,True,0.8333333333333334,0.8174616303648562,0.7894905273937532,0.9464604178522421,0.8314529914529915
354,0.00045365750947594944,0.5098567008972168,True,True,0.8333333333333334,0.8174616303648562,0.7894905273937532,0.9458861352979818,0.8314529914529915
355,0.00043862411414616955,0.5094930529594421,True,True,0.8333333333333334,0.8174616303648562,0.7894905273937532,0.9452756346874812,0.8314529914529915
356,0.0004239059002326682,0.5081217885017395,True,True,0.8333333333333334,0.8174616303648562,0.7894905273937532,0.9452756346874812,0.8314529914529915
357,0.00040950387370581904,0.5108525156974792,True,True,0.8333333333333334,0.8174616303648562,0.7894905273937532,0.9448686342804807,0.8314529914529915
358,0.00039541901892500223,0.5069912672042847,True,True,0.8333333333333334,0.8174616303648562,0.7894905273937532,0.9444978519297207,0.8314529914529915
359,0.00038165229857133195,0.5098553895950317,True,True,0.8333333333333334,0.8174616303648562,0.7894905273937532,0.9441270695789606,0.8314529914529915
360,0.00036820465358185857,0.5076642036437988,True,True,0.8333333333333334,0.8174616303648562,0.7894905273937532,0.9437562872282005,0.8314529914529915
361,0.00035507700308525403,0.5073620080947876,True,True,0.8333333333333334,0.8174616303648562,0.7894905273937532,0.9437562872282005,0.8314529914529915
362,0.00034227024433899005,0.5117217302322388,True,True,0.8333333333333334,0.8174616303648562,0.7894905273937532,0.9437562872282005,0.8314529914529915
363,0.00032978525266801593,0.5164719820022583,True,True,0.8333333333333334,0.8174616303648562,0.7894905273937532,0.9437562872282005,0.8314529914529915
364,0.0003176228814049297,0.5075619220733643,True,True,0.8333333333333334,0.8174616303648562,0.7894905273937532,0.9437562872282005,0.8314529914529915
365,0.0003057839618316491,0.521295428276062,True,True,0.8333333333333334,0.8174616303648562,0.7894905273937532,0.9437562872282005,0.8314529914529915
366,0.00029426930312260227,0.5065619945526123,True,True,0.8333333333333334,0.8174616303648562,0.7894905273937532,0.9441270695789606,0.8314529914529915
367,0.00028307969228941415,0.5134392976760864,True,True,0.8333333333333334,0.8174616303648562,0.7894905273937532,0.9433855048774404,0.8314529914529915
368,0.00027221589412712463,0.5076423287391663,True,True,0.8333333333333334,0.8174616303648562,0.7894905273937532,0.9433855048774404,0.8314529914529915
369,0.0002616786511619041,0.5072993636131287,True,True,0.8333333333333334,0.8174616303648562,0.7894905273937532,0.9433855048774404,0.8314529914529915
370,0.00025146868360031467,0.5075470209121704,True,True,0.8333333333333334,0.8174616303648562,0.7894905273937532,0.9430147225266804,0.8314529914529915
371,0.00024158668928007498,0.5113186240196228,True,True,0.8333333333333334,0.8174616303648562,0.7894905273937532,0.9430147225266804,0.8314529914529915
372,0.00023203334362237158,0.506988525390625,True,True,0.8333333333333334,0.8174616303648562,0.7894905273937532,0.9426439401759202,0.8314529914529915
373,0.00022280929958568842,0.5081098675727844,True,True,0.8333333333333334,0.8174616303648562,0.7894905273937532,0.9422731578251601,0.8314529914529915
374,0.00021391518762118363,0.5070681571960449,True,True,0.8333333333333334,0.8174616303648562,0.7894905273937532,0.9422731578251601,0.8314529914529915
375,0.00020535161562959536,0.5075425505638123,True,True,0.8333333333333334,0.8174616303648562,0.7894905273937532,0.9422731578251601,0.8314529914529915
376,0.0001971191689196937,0.5064642429351807,True,True,0.8333333333333334,0.8174616303648562,0.7894905273937532,0.9422731578251601,0.8314529914529915
377,0.0001892184101682762,0.5089502334594727,True,True,0.8333333333333334,0.8174616303648562,0.7894905273937532,0.9418661574181596,0.8314529914529915
378,0.0001816498793817073,0.5061330795288086,True,True,0.8333333333333334,0.8174616303648562,0.7894905273937532,0.9418661574181596,0.8314529914529915
379,0.00017441409385901422,0.5062530636787415,True,True,0.8333333333333334,0.8174616303648562,0.7894905273937532,0.9414591570111592,0.8314529914529915
380,0.00016751154815652453,0.5066110491752625,True,True,0.8333333333333334,0.8174616303648562,0.7894905273937532,0.9414591570111592,0.8314529914529915
381,0.0001609427140540686,0.5074673295021057,True,True,0.8333333333333334,0.8174616303648562,0.7894905273937532,0.9406451561971584,0.8314529914529915
382,0.00015470804052273096,0.5069050192832947,True,True,0.8333333333333334,0.8174616303648562,0.7894905273937532,0.9406451561971584,0.8314529914529915
383,0.00014880795369416665,0.50970059633255,True,True,0.8333333333333334,0.8174616303648562,0.7894905273937532,0.9406451561971584,0.8314529914529915
384,0.0001432428568314728,0.5068700909614563,True,True,0.8333333333333334,0.8174616303648562,0.7894905273937532,0.9406451561971584,0.8314529914529915
385,0.00013801313030162716,0.5077294707298279,True,True,0.8333333333333334,0.8174616303648562,0.7894905273937532,0.9394603730323975,0.8314529914529915
386,0.0001331191315494912,0.5081630945205688,True,True,0.8333333333333334,0.8174616303648562,0.7894905273937532,0.9394603730323975,0.8314529914529915
387,0.00012856119507337867,0.5064446926116943,True,True,0.8333333333333334,0.8174616303648562,0.7894905273937532,0.9390533726253971,0.8314529914529915
388,0.0001243396324021935,0.5078689455986023,True,True,0.8333333333333334,0.8174616303648562,0.7894905273937532,0.9380485903706148,0.8314529914529915
389,0.00012045473207413647,0.506762683391571,True,True,0.8333333333333334,0.8174616303648562,0.7894905273937532,0.9378450901671146,0.8314529914529915
390,0.00011690675961698426,0.5115153789520264,True,True,0.8333333333333334,0.8174616303648562,0.7894905273937532,0.9378450901671146,0.8314529914529915
391,0.00011369595752994128,0.5082770586013794,True,True,0.8166666666666667,0.7788359788359788,0.7478238607270865,0.9374743078163545,0.8108994708994709
392,0.00011082254526706605,0.5070714354515076,True,True,0.8166666666666667,0.7788359788359788,0.7478238607270865,0.9355009613630303,0.8108994708994709
393,0.00010828671922226878,0.507807731628418,True,True,0.8166666666666667,0.7788359788359788,0.7478238607270865,0.9346996793117482,0.8108994708994709
394,0.00010608865271589101,0.5082849264144897,True,True,0.8166666666666667,0.7788359788359788,0.7478238607270865,0.9330971152091841,0.8108994708994709
395,0.00010422849598285996,0.5094496011734009,True,True,0.8166666666666667,0.7788359788359788,0.7478238607270865,0.9285164223985136,0.8108994708994709
396,0.00010270637616241606,0.5089834332466125,True,True,0.8166666666666667,0.7788359788359788,0.7478238607270865,0.9255382936904072,0.8108994708994709
397,0.00010152239728942829,0.5093307495117188,True,True,0.8166666666666667,0.7788359788359788,0.7478238607270865,0.9217226648747784,0.8108994708994709
398,0.00010067664028727843,0.5066127777099609,True,True,0.8166666666666667,0.7788359788359788,0.7478238607270865,0.9171057540078675,0.8108994708994709
399,0.00010016916296233584,0.5058380961418152,True,True,0.8166666666666667,0.7788359788359788,0.7478238607270865,0.9166987536008672,0.8108994708994709
400,0.0001,0.5074905157089233,True,True,0.8166666666666667,0.7788359788359788,0.7478238607270865,0.9151196887918246,0.8108994708994709
