epoch,lr,loss_nca,loss_refine,loss_total,gradient_norm,acc,macro_f1,bacc,probability_macro_auc,weighted_f1,margin_threshold,neighbor_confidence_threshold,gate_active_ratio_test
1,0.01,0.3050045371055603,0.02405443787574768,0.08505535125732422,0.000827821494985412,0.9,0.9222873900293256,0.9265873015873015,0.9852335164835165,0.9006598240469208,0.9799641966819763,1.0,0.38333335518836975
2,0.01,0.2700619399547577,0.023587606847286224,0.07759999483823776,0.001240825949490966,0.9,0.9222873900293256,0.9265873015873015,0.9852335164835165,0.9006598240469208,0.9799641966819763,1.0,0.38333335518836975
3,0.01,0.2688569128513336,0.023587606847286224,0.07735899090766907,0.00047011706387260316,0.9,0.9222873900293256,0.9265873015873015,0.9860125407000407,0.9006598240469208,0.9799641966819763,1.0,0.4333333671092987
4,0.01,0.27030351758003235,0.02359178103506565,0.07765248417854309,0.0003158234120617033,0.9,0.9222873900293256,0.9265873015873015,0.9860125407000407,0.9006598240469208,0.9799641966819763,1.0,0.4333333671092987
5,0.01,0.20696547627449036,0.023591959848999977,0.06498505920171738,0.0005753966367700099,0.9,0.9222873900293256,0.9265873015873015,0.9860125407000407,0.9006598240469208,0.9799641966819763,1.0,0.4333333671092987
6,0.01,0.20259638130664825,0.023589279502630234,0.06410855799913406,0.001176330760341927,0.9,0.9222873900293256,0.9265873015873015,0.9852335164835165,0.9006598240469208,0.9799641966819763,1.0,0.40000003576278687
7,0.01,0.23339726030826569,0.023591753095388412,0.07027120888233185,0.0005381079470037839,0.9,0.9222873900293256,0.9265873015873015,0.9852335164835165,0.9006598240469208,0.9799641966819763,1.0,0.40000003576278687
8,0.01,0.2039494812488556,0.02359151281416416,0.06438141316175461,0.00036732472835652503,0.9,0.9222873900293256,0.9265873015873015,0.9852335164835165,0.9006598240469208,0.9799641966819763,1.0,0.4166666865348816
9,0.01,0.20654626190662384,0.023590998724102974,0.06490024924278259,0.0005362498758889258,0.9,0.9222873900293256,0.9265873015873015,0.9860125407000407,0.9006598240469208,0.9799641966819763,1.0,0.45000001788139343
10,0.01,0.20051659643650055,0.023322705179452896,0.06342602521181107,3.306775778195383e-05,0.9,0.9222873900293256,0.9265873015873015,0.9860125407000407,0.9006598240469208,0.9799641966819763,1.0,0.4166666865348816
11,0.01,0.23302969336509705,0.02358902245759964,0.07019495964050293,0.0028425313455447162,0.9,0.9222873900293256,0.9265873015873015,0.986791564916565,0.9006598240469208,0.9799641966819763,1.0,0.45000001788139343
12,0.01,0.23933520913124084,0.023324092850089073,0.07119113206863403,0.0017043148195068796,0.9,0.9222873900293256,0.9265873015873015,0.9860125407000407,0.9006598240469208,0.9799641966819763,1.0,0.45000001788139343
13,0.01,0.23219114542007446,0.023323658853769302,0.06976188719272614,4.674529097446988e-05,0.9,0.9222873900293256,0.9265873015873015,0.9860125407000407,0.9006598240469208,0.9799641966819763,1.0,0.45000001788139343
14,0.01,0.23209500312805176,0.02358822338283062,0.07000722736120224,0.0009870110686173,0.9,0.9222873900293256,0.9265873015873015,0.9860125407000407,0.9006598240469208,0.9799641966819763,1.0,0.45000001788139343
15,0.01,0.23320911824703217,0.0235881544649601,0.07022997736930847,0.0006547824228211203,0.9,0.9222873900293256,0.9265873015873015,0.9860125407000407,0.9006598240469208,0.9799641966819763,1.0,0.46666669845581055
16,0.01,0.20229002833366394,0.02332599088549614,0.06378399580717087,5.6136372416657116e-05,0.9,0.9222873900293256,0.9265873015873015,0.9860125407000407,0.9006598240469208,0.9799641966819763,1.0,0.46666669845581055
17,0.01,0.20354719460010529,0.023326365277171135,0.0640358030796051,6.491639656663374e-05,0.9,0.9222873900293256,0.9265873015873015,0.9860125407000407,0.9006598240469208,0.9799641966819763,1.0,0.46666669845581055
18,0.01,0.2350086271762848,0.02332599088549614,0.07032771408557892,7.036188258859643e-05,0.9,0.9222873900293256,0.9265873015873015,0.9860125407000407,0.9006598240469208,0.9799641966819763,1.0,0.45000001788139343
19,0.01,0.2341044545173645,0.02332630380988121,0.07014719396829605,6.017377107404469e-05,0.9,0.9222873900293256,0.9265873015873015,0.9860125407000407,0.9006598240469208,0.9799641966819763,1.0,0.45000001788139343
20,0.01,0.23255008459091187,0.023326486349105835,0.06983650475740433,3.940865630556862e-05,0.9,0.9222873900293256,0.9265873015873015,0.9860125407000407,0.9006598240469208,0.9799641966819763,1.0,0.45000001788139343
21,0.009999830837037664,0.23237662017345428,0.023323258385062218,0.06979858130216599,4.759299199025281e-05,0.9,0.9222873900293256,0.9265873015873015,0.9860125407000407,0.9006598240469208,0.9799641966819763,1.0,0.4333333671092987
22,0.009999323359712722,0.2635704576969147,0.02358832396566868,0.0763024166226387,0.0008116488111075423,0.9,0.9222873900293256,0.9265873015873015,0.9860125407000407,0.9006598240469208,0.9799641966819763,1.0,0.4333333671092987
23,0.009998477602710573,0.2623686194419861,0.023323027417063713,0.07579675316810608,7.640727809472555e-05,0.9,0.9222873900293256,0.9265873015873015,0.9860125407000407,0.9006598240469208,0.9799641966819763,1.0,0.4333333671092987
24,0.009997293623837585,0.2624805271625519,0.023323405534029007,0.07581950724124908,6.42843402593352e-05,0.9,0.9222873900293256,0.9265873015873015,0.9852335164835165,0.9006598240469208,0.9799641966819763,1.0,0.40000003576278687
25,0.00999577150401714,0.26501765847206116,0.023326432332396507,0.07632996141910553,0.0009049070482986235,0.9,0.9222873900293256,0.9265873015873015,0.9860125407000407,0.9006598240469208,0.9799641966819763,1.0,0.45000001788139343
26,0.009993911347284109,0.26403552293777466,0.02332562580704689,0.07613272964954376,0.00010575932099412061,0.9,0.9222873900293256,0.9265873015873015,0.9860125407000407,0.9006598240469208,0.9799641966819763,1.0,0.4166666865348816
27,0.009991713280777732,0.26508772373199463,0.023588355630636215,0.0766059011220932,0.004467289728295056,0.9,0.9222873900293256,0.9265873015873015,0.9852335164835165,0.9006598240469208,0.9799641966819763,1.0,0.40000003576278687
28,0.009989177454732934,0.2351885437965393,0.023323319852352142,0.07036103308200836,0.001469400716209422,0.9,0.9222873900293256,0.9265873015873015,0.9860125407000407,0.9006598240469208,0.9799641966819763,1.0,0.40000003576278687
29,0.00998630404247006,0.2696002721786499,0.02358880452811718,0.07750885933637619,0.0020218441767112473,0.9,0.9222873900293256,0.9265873015873015,0.9860125407000407,0.9006598240469208,0.9799641966819763,1.0,0.40000003576278687
30,0.009983093240383016,0.2706663906574249,0.023589204996824265,0.07772248238325119,0.001365917141716224,0.9,0.9222873900293256,0.9265873015873015,0.9860125407000407,0.9006598240469208,0.9799641966819763,1.0,0.4166666865348816
31,0.009979545267925863,0.23615887761116028,0.023591751232743263,0.07082352787256241,0.0004697268880663188,0.9,0.9222873900293256,0.9265873015873015,0.9860125407000407,0.9006598240469208,0.9799641966819763,1.0,0.4166666865348816
32,0.009975660367597807,0.23547202348709106,0.023591751232743263,0.07068615406751633,0.000342016805336004,0.9,0.9222873900293256,0.9265873015873015,0.9860125407000407,0.9006598240469208,0.9799641966819763,1.0,0.4333333671092987
33,0.009971438804926623,0.2039674073457718,0.02359207533299923,0.0643855556845665,0.00019403425476136204,0.9,0.9222873900293256,0.9265873015873015,0.9860125407000407,0.9006598240469208,0.9799641966819763,1.0,0.4333333671092987
34,0.00996688086845051,0.20380724966526031,0.023592252284288406,0.06435370445251465,0.00013369607414543712,0.9,0.9222873900293256,0.9265873015873015,0.9860125407000407,0.9006598240469208,0.9799641966819763,1.0,0.4333333671092987
35,0.009961986869698373,0.2016836702823639,0.023592252284288406,0.0639289915561676,0.00013028574072423177,0.9,0.9222873900293256,0.9265873015873015,0.9860125407000407,0.9006598240469208,0.9799641966819763,1.0,0.45000001788139343
36,0.009956757143168527,0.20439192652702332,0.02359422668814659,0.06447261571884155,0.00025756216318919195,0.9,0.9222873900293256,0.9265873015873015,0.9860125407000407,0.9006598240469208,0.9799641966819763,1.0,0.45000001788139343
37,0.009951192046305833,0.20254813134670258,0.02359244041144848,0.06410206854343414,0.00014797266213362336,0.9,0.9222873900293256,0.9265873015873015,0.9860125407000407,0.9006598240469208,0.9799641966819763,1.0,0.45000001788139343
38,0.009945291959477269,0.20304298400878906,0.023592252284288406,0.06420084834098816,0.00018239654910137337,0.9,0.9222873900293256,0.9265873015873015,0.9860125407000407,0.9006598240469208,0.9799641966819763,1.0,0.45000001788139343
39,0.009939057285945933,0.23266348242759705,0.023592252284288406,0.07012495398521423,0.00019533432072301382,0.9,0.9222873900293256,0.9265873015873015,0.9860125407000407,0.9006598240469208,0.9799641966819763,1.0,0.45000001788139343
40,0.009932488451843476,0.23207253217697144,0.02359192818403244,0.07000643014907837,0.00012331350480311988,0.9,0.9222873900293256,0.9265873015873015,0.9860125407000407,0.9006598240469208,0.9799641966819763,1.0,0.46666669845581055
41,0.009925585906140986,0.23238280415534973,0.023588964715600014,0.07006552815437317,0.0001610211548776908,0.9,0.9222873900293256,0.9265873015873015,0.9860125407000407,0.9006598240469208,0.9799641966819763,1.0,0.4333333671092987
42,0.009918350120618293,0.232444167137146,0.023323310539126396,0.06981214135885239,6.413401799078892e-05,0.9,0.9222873900293256,0.9265873015873015,0.9860125407000407,0.9006598240469208,0.9799641966819763,1.0,0.4333333671092987
43,0.009910781589831726,0.23284876346588135,0.02332308143377304,0.06989283859729767,7.228830935812708e-05,0.9,0.9222873900293256,0.9265873015873015,0.9860125407000407,0.9006598240469208,0.9799641966819763,1.0,0.4333333671092987
44,0.009902880831080306,0.2328481823205948,0.02332308143377304,0.06989271938800812,8.266233341421032e-05,0.9,0.9222873900293256,0.9265873015873015,0.9860125407000407,0.9006598240469208,0.9799641966819763,1.0,0.4333333671092987
45,0.009894648384370404,0.23382529616355896,0.023323506116867065,0.07008856534957886,5.335642402407658e-05,0.9,0.9222873900293256,0.9265873015873015,0.9860125407000407,0.9006598240469208,0.9799641966819763,1.0,0.4333333671092987
46,0.009886084812378817,0.2320212572813034,0.02358873374760151,0.06999298930168152,0.000547983334106628,0.9,0.9222873900293256,0.9265873015873015,0.9860125407000407,0.9006598240469208,0.9799641966819763,1.0,0.45000001788139343
47,0.009877190700414313,0.20144200325012207,0.023326419293880463,0.06361481547355652,6.906600868800343e-05,0.9,0.9222873900293256,0.9265873015873015,0.9860125407000407,0.9006598240469208,0.9799641966819763,1.0,0.45000001788139343
48,0.00986796665637763,0.2029203623533249,0.02332613430917263,0.06391020864248276,0.00011947232548447372,0.9,0.9222873900293256,0.9265873015873015,0.9860125407000407,0.9006598240469208,0.9799641966819763,1.0,0.46666669845581055
49,0.009858413310719925,0.20300815999507904,0.023326275870203972,0.06392791122198105,8.7302577266997e-05,0.9,0.9222873900293256,0.9265873015873015,0.9860125407000407,0.9006598240469208,0.9799641966819763,1.0,0.45000001788139343
50,0.009848531316399685,0.2039521485567093,0.023326179012656212,0.06411661207675934,0.00027318968624324736,0.9,0.9222873900293256,0.9265873015873015,0.9860125407000407,0.9006598240469208,0.9799641966819763,1.0,0.4333333671092987
51,0.009838321348838096,0.20454564690589905,0.02359141781926155,0.06450054794549942,0.0042170438878093375,0.9,0.9222873900293256,0.9265873015873015,0.9852335164835165,0.9006598240469208,0.9799641966819763,1.0,0.4166666865348816
52,0.009827784105872876,0.20172087848186493,0.023326246067881584,0.06367041915655136,0.0005753374970492481,0.9,0.9222873900293256,0.9265873015873015,0.9860125407000407,0.9006598240469208,0.9799641966819763,1.0,0.4166666865348816
53,0.009816920307710586,0.23567646741867065,0.023588720709085464,0.0707240104675293,0.0017675160328426865,0.9,0.9222873900293256,0.9265873015873015,0.9860125407000407,0.9006598240469208,0.9799641966819763,1.0,0.40000003576278687
54,0.0098057306968774,0.23729628324508667,0.023589031770825386,0.07104828953742981,0.0012313676832089845,0.9,0.9222873900293256,0.9265873015873015,0.9860125407000407,0.9006598240469208,0.9799641966819763,1.0,0.40000003576278687
55,0.009794216038168352,0.23634369671344757,0.02358865924179554,0.07085739821195602,0.0007948011262405157,0.9,0.9222873900293256,0.9265873015873015,0.9860125407000407,0.9006598240469208,0.9799641966819763,1.0,0.40000003576278687
56,0.009782377118595071,0.2364215850830078,0.0235885102301836,0.07087282836437225,0.0006413448127633853,0.9,0.9222873900293256,0.9265873015873015,0.9860125407000407,0.9006598240469208,0.9799641966819763,1.0,0.40000003576278687
57,0.009770214747331984,0.2363494634628296,0.023588255047798157,0.07085815072059631,0.0001681189831345697,0.9,0.9222873900293256,0.9265873015873015,0.9860125407000407,0.9006598240469208,0.9799641966819763,1.0,0.40000003576278687
58,0.009757729755661011,0.2054843157529831,0.02358843758702278,0.06468529999256134,0.00013953203439493622,0.9,0.9222873900293256,0.9265873015873015,0.9860125407000407,0.9006598240469208,0.9799641966819763,1.0,0.4166666865348816
59,0.009744922996914747,0.2044643759727478,0.023588212206959724,0.06448108702898026,0.000125037130302416,0.9,0.9222873900293256,0.9265873015873015,0.9860125407000407,0.9006598240469208,0.9799641966819763,1.0,0.4166666865348816
60,0.00973179534641814,0.20325475931167603,0.023588212206959724,0.06423916667699814,7.624340483713973e-05,0.9,0.9222873900293256,0.9265873015873015,0.9860125407000407,0.9006598240469208,0.9799641966819763,1.0,0.4166666865348816
61,0.009718347701428667,0.20146328210830688,0.0235883891582489,0.0638810470700264,0.00010171605773111392,0.9,0.9222873900293256,0.9265873015873015,0.9860125407000407,0.9006598240469208,0.9799641966819763,1.0,0.4333333671092987
62,0.009704580981074998,0.20067138969898224,0.02358909323811531,0.0637233704328537,0.00012513799295914713,0.9,0.9222873900293256,0.9265873015873015,0.9860125407000407,0.9006598240469208,0.9799641966819763,1.0,0.45000001788139343
63,0.009690496126294182,0.20236043632030487,0.023589279502630234,0.06406136602163315,0.00014485928706074657,0.9,0.9222873900293256,0.9265873015873015,0.9860125407000407,0.9006598240469208,0.9799641966819763,1.0,0.46666669845581055
64,0.009676094099767331,0.23293231427669525,0.023589279502630234,0.07017574459314346,0.0002042447464959,0.9,0.9222873900293256,0.9265873015873015,0.9860125407000407,0.9006598240469208,0.9799641966819763,1.0,0.46666669845581055
65,0.009661375885853831,0.2008267641067505,0.02358202636241913,0.06374737620353699,0.00019059608440607107,0.9,0.9222873900293256,0.9265873015873015,0.9860125407000407,0.9006598240469208,0.9799641966819763,1.0,0.4333333671092987
66,0.00964634249052405,0.200867161154747,0.02358165569603443,0.0637550875544548,0.0002875566949672331,0.9,0.9222873900293256,0.9265873015873015,0.9860125407000407,0.9006598240469208,0.9799641966819763,1.0,0.4333333671092987
67,0.009630994941290591,0.202294260263443,0.023316387087106705,0.06377524137496948,5.776804994172589e-05,0.9,0.9222873900293256,0.9265873015873015,0.9860125407000407,0.9006598240469208,0.9799641966819763,1.0,0.4333333671092987
68,0.009615334287138054,0.2672601342201233,0.023323431611061096,0.076775461435318,0.00039622570386520445,0.9,0.9222873900293256,0.9265873015873015,0.9860125407000407,0.9006598240469208,0.9799641966819763,1.0,0.40000003576278687
69,0.00959936159845135,0.26803889870643616,0.02358817867934704,0.07719595730304718,0.0007474173899254537,0.9,0.9222873900293256,0.9265873015873015,0.9860125407000407,0.9006598240469208,0.9799641966819763,1.0,0.4333333671092987
70,0.009583077966942534,0.27078625559806824,0.023393461480736732,0.07755071669816971,8.082998567629636e-05,0.9,0.9222873900293256,0.9265873015873015,0.9860125407000407,0.9006598240469208,0.9799641966819763,1.0,0.45000001788139343
71,0.009566484505576189,0.27059993147850037,0.023393912240862846,0.07751389592885971,9.533732587987274e-05,0.9,0.9222873900293256,0.9265873015873015,0.9860125407000407,0.9006598240469208,0.9799641966819763,1.0,0.45000001788139343
72,0.009549582348493355,0.2380293309688568,0.023591939359903336,0.07119780778884888,0.0006739349852099016,0.9,0.9222873900293256,0.9265873015873015,0.9852335164835165,0.9006598240469208,0.9799641966819763,1.0,0.4166666865348816
73,0.009532372650934018,0.20365500450134277,0.023592550307512283,0.0643235519528389,0.0014593711947989301,0.9,0.9222873900293256,0.9265873015873015,0.9860125407000407,0.9006598240469208,0.9799641966819763,1.0,0.4333333671092987
74,0.009514856589158148,0.2366601675748825,0.02332308515906334,0.07065512239933014,0.0037609148832555245,0.9,0.9222873900293256,0.9265873015873015,0.9860125407000407,0.9006598240469208,0.9799641966819763,1.0,0.38333335518836975
75,0.009497035360365296,0.21219849586486816,0.023589931428432465,0.0660296306014061,0.0027405848127049783,0.9,0.9222873900293256,0.9265873015873015,0.9860125407000407,0.9006598240469208,0.9799641966819763,1.0,0.38333335518836975
76,0.00947891018261278,0.23968873918056488,0.023588726297020912,0.07152647525072098,0.0009503391357750522,0.9,0.9222873900293256,0.9265873015873015,0.9860125407000407,0.9006598240469208,0.9799641966819763,1.0,0.4333333671092987
77,0.00946048229473242,0.20909857749938965,0.023581774905323982,0.06540149450302124,0.0017655014478222008,0.9,0.9222873900293256,0.9265873015873015,0.9860125407000407,0.9006598240469208,0.9799641966819763,1.0,0.4166666865348816
78,0.009441752956245879,0.20592981576919556,0.023589376360177994,0.06477534025907516,0.0018549055382774435,0.9,0.9222873900293256,0.9265873015873015,0.9852335164835165,0.9006598240469208,0.9799641966819763,1.0,0.38333335518836975
79,0.009422723447278559,0.20694956183433533,0.023587828502058983,0.0649777427315712,0.00013965716166003807,0.9,0.9222873900293256,0.9265873015873015,0.9852335164835165,0.9006598240469208,0.9799641966819763,1.0,0.40000003576278687
80,0.00940339506847212,0.20568984746932983,0.023591944947838783,0.06472991406917572,0.0002076373660144575,0.9,0.9222873900293256,0.9265873015873015,0.9852335164835165,0.9006598240469208,0.9799641966819763,1.0,0.4166666865348816
81,0.009383769140895582,0.20499193668365479,0.023591944947838783,0.06459033489227295,0.0003251438058557677,0.9,0.9222873900293256,0.9265873015873015,0.9852335164835165,0.9006598240469208,0.9799641966819763,1.0,0.4166666865348816
82,0.009363847005955023,0.20496201515197754,0.023591944947838783,0.06458435207605362,0.0004071118488962062,0.9,0.9222873900293256,0.9265873015873015,0.9852335164835165,0.9006598240469208,0.9799641966819763,1.0,0.4166666865348816
83,0.009343630025301902,0.20456400513648987,0.02359161712229252,0.06450442224740982,0.00044119244380723963,0.9,0.9222873900293256,0.9265873015873015,0.9852335164835165,0.9006598240469208,0.9799641966819763,1.0,0.4166666865348816
84,0.00932311958073999,0.20396453142166138,0.023588016629219055,0.06438092887401581,0.0002556950337245129,0.9,0.9222873900293256,0.9265873015873015,0.9860125407000407,0.9006598240469208,0.9799641966819763,1.0,0.4333333671092987
85,0.009302317074130931,0.2024342119693756,0.023587439209222794,0.06407427787780762,0.0003420863621331721,0.9,0.9222873900293256,0.9265873015873015,0.9860125407000407,0.9006598240469208,0.9799641966819763,1.0,0.45000001788139343
86,0.009281223927298419,0.17164357006549835,0.023315470665693283,0.057644184678792953,6.608141383395194e-05,0.9,0.9222873900293256,0.9265873015873015,0.9860125407000407,0.9006598240469208,0.9799641966819763,1.0,0.45000001788139343
87,0.009259841581931017,0.17199702560901642,0.023315899074077606,0.05771530419588089,5.7372244717699954e-05,0.9,0.9222873900293256,0.9265873015873015,0.9860125407000407,0.9006598240469208,0.9799641966819763,1.0,0.4333333671092987
88,0.00923817149948363,0.17019252479076385,0.023316262289881706,0.057354770600795746,4.3290346930679884e-05,0.9,0.9222873900293256,0.9265873015873015,0.9860125407000407,0.9006598240469208,0.9799641966819763,1.0,0.45000001788139343
89,0.00921621516107761,0.17217828333377838,0.023581333458423615,0.05801698938012123,0.002361248330314321,0.9,0.9222873900293256,0.9265873015873015,0.986791564916565,0.9006598240469208,0.9799641966819763,1.0,0.46666669845581055
90,0.009193974067399517,0.23377740383148193,0.02345934696495533,0.07021483033895493,0.0005264601467449262,0.9,0.9222873900293256,0.9265873015873015,0.986791564916565,0.9006598240469208,0.9799641966819763,1.0,0.45000001788139343
91,0.009171449738598562,0.1995707005262375,0.023323319852352142,0.06323745846748352,0.0015718162139622717,0.9,0.9222873900293256,0.9265873015873015,0.9860125407000407,0.9006598240469208,0.9799641966819763,1.0,0.45000001788139343
92,0.009148643714182699,0.20366932451725006,0.023326192051172256,0.06406006217002869,3.565934468161884e-05,0.9,0.9222873900293256,0.9265873015873015,0.9860125407000407,0.9006598240469208,0.9799641966819763,1.0,0.45000001788139343
93,0.009125557552913402,0.2039923369884491,0.02332599088549614,0.0641244575381279,7.776891144899319e-05,0.9,0.9222873900293256,0.9265873015873015,0.9860125407000407,0.9006598240469208,0.9799641966819763,1.0,0.4333333671092987
94,0.009102192832699127,0.20332351326942444,0.023591283708810806,0.0642559826374054,0.0008322872384197483,0.9,0.9222873900293256,0.9265873015873015,0.9860125407000407,0.9006598240469208,0.9799641966819763,1.0,0.4333333671092987
95,0.009078551150487465,0.2353079617023468,0.023591134697198868,0.07065272331237793,0.00042282607681618764,0.9,0.9222873900293256,0.9265873015873015,0.9860125407000407,0.9006598240469208,0.9799641966819763,1.0,0.45000001788139343
96,0.00905463412215599,0.23850002884864807,0.023326242342591286,0.07102625072002411,0.0001290108960770445,0.9,0.9222873900293256,0.9265873015873015,0.9860125407000407,0.9006598240469208,0.9799641966819763,1.0,0.4333333671092987
97,0.009030443382401818,0.23655441403388977,0.02332649938762188,0.07063738256692886,8.33619853826766e-05,0.9,0.9222873900293256,0.9265873015873015,0.9860125407000407,0.9006598240469208,0.9799641966819763,1.0,0.4333333671092987
98,0.009005980584629878,0.23954015970230103,0.023326851427555084,0.07123488187789917,0.001359631853051851,0.9,0.9222873900293256,0.9265873015873015,0.9860125407000407,0.9006598240469208,0.9799641966819763,1.0,0.4333333671092987
99,0.008981247400839902,0.20375530421733856,0.023463046178221703,0.06421411037445068,6.830698732955329e-05,0.9,0.9222873900293256,0.9265873015873015,0.9860125407000407,0.9006598240469208,0.9799641966819763,1.0,0.4333333671092987
100,0.00895624552151215,0.1989016830921173,0.023326419293880463,0.06310676038265228,3.7474701627147583e-05,0.9,0.9222873900293256,0.9265873015873015,0.9860125407000407,0.9006598240469208,0.9799641966819763,1.0,0.45000001788139343
101,0.008930976655491857,0.2005341798067093,0.02359171397984028,0.06369855254888535,0.0020184304937058317,0.9,0.9222873900293256,0.9265873015873015,0.986791564916565,0.9006598240469208,0.9799641966819763,1.0,0.46666669845581055
102,0.008905442529872458,0.1739392727613449,0.023219317197799683,0.058007173240184784,5.047874971320045e-05,0.9,0.9222873900293256,0.9265873015873015,0.986791564916565,0.9006598240469208,0.9799641966819763,1.0,0.45000001788139343
103,0.008879644889877513,0.1734118014574051,0.02321651577949524,0.0578988753259182,6.260954442128042e-05,0.9,0.9222873900293256,0.9265873015873015,0.9860125407000407,0.9006598240469208,0.9799641966819763,1.0,0.4166666865348816
104,0.008853585498741453,0.2351561039686203,0.023322632536292076,0.07035385072231293,0.00081874698353276,0.9,0.9222873900293256,0.9265873015873015,0.9860125407000407,0.9006598240469208,0.9799641966819763,1.0,0.45000001788139343
105,0.008827266137589043,0.23338359594345093,0.023587992414832115,0.07026471197605133,0.0017182073009183608,0.9,0.9222873900293256,0.9265873015873015,0.9860125407000407,0.9006598240469208,0.9799641966819763,1.0,0.4333333671092987
106,0.008800688605313658,0.23715101182460785,0.023326417431235313,0.07075662165880203,0.0008907963818459359,0.9,0.9222873900293256,0.9265873015873015,0.9860125407000407,0.9006598240469208,0.9799641966819763,1.0,0.4333333671092987
107,0.008773854718454323,0.23573705554008484,0.023323075845837593,0.07047048956155777,9.494466237159501e-05,0.9,0.9222873900293256,0.9265873015873015,0.9860125407000407,0.9006598240469208,0.9799641966819763,1.0,0.4166666865348816
108,0.008746766311071562,0.26482897996902466,0.023323088884353638,0.07628888636827469,0.0004176664595124942,0.9,0.9222873900293256,0.9265873015873015,0.9860125407000407,0.9006598240469208,0.9799641966819763,1.0,0.4166666865348816
109,0.008719425234622036,0.26615047454833984,0.02358829230070114,0.07681839168071747,0.0014473013293286108,0.9,0.9222873900293256,0.9265873015873015,0.986791564916565,0.9006598240469208,0.9799641966819763,1.0,0.4333333671092987
110,0.008691833357832001,0.23350228369235992,0.023323463276028633,0.07002392411231995,4.417033837879063e-05,0.9,0.9222873900293256,0.9265873015873015,0.986791564916565,0.9006598240469208,0.9799641966819763,1.0,0.46666669845581055
111,0.008663992566569587,0.1709258109331131,0.022591017186641693,0.05677618086338043,4.940938615459546e-05,0.9,0.9222873900293256,0.9265873015873015,0.986791564916565,0.9006598240469208,0.9799641966819763,1.0,0.4166666865348816
112,0.00863590476371589,0.23493902385234833,0.023323342204093933,0.07031114399433136,4.5498260614351765e-05,0.9,0.9222873900293256,0.9265873015873015,0.9860125407000407,0.9006598240469208,0.9799641966819763,1.0,0.40000003576278687
113,0.008607571869034929,0.23381635546684265,0.02332368493080139,0.07008695602416992,3.7404410983713976e-05,0.9,0.9222873900293256,0.9265873015873015,0.9860125407000407,0.9006598240469208,0.9799641966819763,1.0,0.4166666865348816
114,0.008578995819042416,0.20170889794826508,0.0231659933924675,0.06350777298212051,0.0011621617236609657,0.9,0.9222873900293256,0.9265873015873015,0.9852335164835165,0.9006598240469208,0.9799641966819763,1.0,0.38333335518836975
115,0.00855017856687341,0.2344183474779129,0.02332407981157303,0.07020774483680725,6.921948176174762e-05,0.9,0.9222873900293256,0.9265873015873015,0.9852335164835165,0.9006598240469208,0.9799641966819763,1.0,0.38333335518836975
116,0.00852112208214882,0.23497121036052704,0.023322848603129387,0.0703170895576477,6.48560966937417e-05,0.9,0.9222873900293256,0.9265873015873015,0.986791564916565,0.9006598240469208,0.9799641966819763,1.0,0.4166666865348816
117,0.008491828350840775,0.2060345709323883,0.023322686553001404,0.06452959775924683,5.6594924039413224e-05,0.9,0.9222873900293256,0.9265873015873015,0.986791564916565,0.9006598240469208,0.9799641966819763,1.0,0.4166666865348816
118,0.0084622993751369,0.2056107074022293,0.023322783410549164,0.06444492936134338,5.1140810755741604e-05,0.9,0.9222873900293256,0.9265873015873015,0.986791564916565,0.9006598240469208,0.9799641966819763,1.0,0.4166666865348816
119,0.008432537173303462,0.20179559290409088,0.023216335102915764,0.06357545405626297,5.717240395864514e-05,0.9,0.9222873900293256,0.9265873015873015,0.9852335164835165,0.9006598240469208,0.9799641966819763,1.0,0.40000003576278687
120,0.00840254377954742,0.23353765904903412,0.02332274056971073,0.07003027200698853,4.1486309562158265e-05,0.9,0.9222873900293256,0.9265873015873015,0.9852335164835165,0.9006598240469208,0.9799641966819763,1.0,0.40000003576278687
121,0.008372321243877393,0.23270778357982635,0.023323215544223785,0.06986477226018906,4.632123386798165e-05,0.9,0.9222873900293256,0.9265873015873015,0.9860125407000407,0.9006598240469208,0.9799641966819763,1.0,0.40000003576278687
122,0.00834187163196355,0.23410490155220032,0.0235885139554739,0.07040949165821075,0.003527694534153091,0.9,0.9222873900293256,0.9265873015873015,0.9852335164835165,0.9006598240469208,0.9799641966819763,1.0,0.4333333671092987
123,0.008311197024996417,0.23577161133289337,0.0233223307877779,0.07047665119171143,0.00020626243253508414,0.9,0.9222873900293256,0.9265873015873015,0.9860125407000407,0.9006598240469208,0.9799641966819763,1.0,0.40000003576278687
124,0.008280299519544634,0.2708413898944855,0.02358863689005375,0.07775691896677017,0.001985620290912696,0.9,0.9222873900293256,0.9265873015873015,0.9860125407000407,0.9006598240469208,0.9799641966819763,1.0,0.40000003576278687
125,0.008249181227411657,0.26970282196998596,0.023588288575410843,0.07752884924411774,0.001386373803356117,0.9,0.9222873900293256,0.9265873015873015,0.9860125407000407,0.9006598240469208,0.9799641966819763,1.0,0.40000003576278687
126,0.008217844275491416,0.2343965619802475,0.023591171950101852,0.07047048211097717,0.0006999496609299824,0.9,0.9222873900293256,0.9265873015873015,0.9860125407000407,0.9006598240469208,0.9799641966819763,1.0,0.4333333671092987
127,0.008186290805622951,0.20044367015361786,0.02359110489487648,0.06367984414100647,0.00025359795370050853,0.9,0.9222873900293256,0.9265873015873015,0.9860125407000407,0.9006598240469208,0.9799641966819763,1.0,0.45000001788139343
128,0.008154522974444009,0.2031402587890625,0.02359139174222946,0.06421944499015808,0.0004195678651743455,0.9,0.9222873900293256,0.9265873015873015,0.9860125407000407,0.9006598240469208,0.9799641966819763,1.0,0.46666669845581055
129,0.008122542953243656,0.20321446657180786,0.02332572266459465,0.06396861374378204,3.43928933491485e-05,0.9,0.9222873900293256,0.9265873015873015,0.9860125407000407,0.9006598240469208,0.9799641966819763,1.0,0.45000001788139343
130,0.008090352927813856,0.20419920980930328,0.02332572266459465,0.06416556239128113,3.8540526286869215e-05,0.9,0.9222873900293256,0.9265873015873015,0.9860125407000407,0.9006598240469208,0.9799641966819763,1.0,0.45000001788139343
131,0.008057955098300092,0.17193764448165894,0.02321929857134819,0.05760682746767998,2.573573678130013e-05,0.9,0.9222873900293256,0.9265873015873015,0.9860125407000407,0.9006598240469208,0.9799641966819763,1.0,0.45000001788139343
132,0.008025351679050973,0.1717619150876999,0.023219365626573563,0.05757175013422966,0.0010855606901381178,0.9,0.9222873900293256,0.9265873015873015,0.9860125407000407,0.9006598240469208,0.9799641966819763,1.0,0.46666669845581055
133,0.0079925448984669,0.1727054864168167,0.023484650999307632,0.058025747537612915,0.001371505788566532,0.9,0.9222873900293256,0.9265873015873015,0.986791564916565,0.9006598240469208,0.9799641966819763,1.0,0.4833333492279053
134,0.007959536998847744,0.14137619733810425,0.023218680173158646,0.051493920385837555,4.0180372821248196e-05,0.9,0.9222873900293256,0.9265873015873015,0.986791564916565,0.9006598240469208,0.9799641966819763,1.0,0.5
135,0.007926330236239594,0.14780966937541962,0.02290099300444126,0.052462927997112274,4.8211410171963875e-05,0.9,0.9222873900293256,0.9265873015873015,0.986791564916565,0.9006598240469208,0.9799641966819763,1.0,0.4833333492279053
136,0.00789292688028057,0.23682595789432526,0.023325346410274506,0.07069054245948792,0.003835995597152926,0.9,0.9222873900293256,0.9265873015873015,0.9860125407000407,0.9006598240469208,0.9799641966819763,1.0,0.46666669845581055
137,0.00785932921404568,0.23345719277858734,0.02358785830438137,0.07027930021286011,0.0007064828104363112,0.9,0.9222873900293256,0.9265873015873015,0.9860125407000407,0.9006598240469208,0.9799641966819763,1.0,0.4166666865348816
138,0.007825539533890782,0.203423872590065,0.02358785830438137,0.06427263468503952,0.003190002052969293,0.9,0.9222873900293256,0.9265873015873015,0.9860125407000407,0.9006598240469208,0.9799641966819763,1.0,0.4333333671092987
139,0.007791560149295626,0.2021491676568985,0.023588113486766815,0.06401795148849487,0.0015095360566488084,0.9,0.9222873900293256,0.9265873015873015,0.9860125407000407,0.9006598240469208,0.9799641966819763,1.0,0.45000001788139343
140,0.007757393382706014,0.23228594660758972,0.02332252450287342,0.06977971643209457,1.7109216112322436e-05,0.9,0.9222873900293256,0.9265873015873015,0.9860125407000407,0.9006598240469208,0.9799641966819763,1.0,0.45000001788139343
141,0.00772304156937506,0.23186920583248138,0.023323476314544678,0.0696973204612732,0.00035861619285285215,0.9,0.9222873900293256,0.9265873015873015,0.9860125407000407,0.9006598240469208,0.9799641966819763,1.0,0.45000001788139343
142,0.00768850705720357,0.23261693120002747,0.02332310564815998,0.0698464959859848,0.0002809260747157687,0.9,0.9222873900293256,0.9265873015873015,0.9860125407000407,0.9006598240469208,0.9799641966819763,1.0,0.45000001788139343
143,0.00765379220657958,0.2355365753173828,0.023589299991726875,0.07069661468267441,0.001405837395279014,0.9,0.9222873900293256,0.9265873015873015,0.9860125407000407,0.9006598240469208,0.9799641966819763,1.0,0.4333333671092987
144,0.007618899390217016,0.2659551501274109,0.02358901873230934,0.0767800509929657,0.0003005367106047873,0.9,0.9222873900293256,0.9265873015873015,0.9852335164835165,0.9006598240469208,0.9799641966819763,1.0,0.38333335518836975
145,0.007583830992993526,0.2381390929222107,0.023589828982949257,0.07121764868497849,0.0003435178055341627,0.9,0.9222873900293256,0.9265873015873015,0.9852335164835165,0.9006598240469208,0.9799641966819763,1.0,0.38333335518836975
146,0.007548589411787477,0.27096182107925415,0.02365720085799694,0.07784956693649292,0.00024054381203345008,0.9,0.9222873900293256,0.9265873015873015,0.9860125407000407,0.9006598240469208,0.9799641966819763,1.0,0.4166666865348816
147,0.007513177055314133,0.23802213370800018,0.023326251655817032,0.07093067467212677,3.781848828466044e-05,0.9,0.9222873900293256,0.9265873015873015,0.9860125407000407,0.9006598240469208,0.9799641966819763,1.0,0.4333333671092987
148,0.0074775963439610155,0.27022692561149597,0.023393327370285988,0.07743871212005615,2.6038780605821404e-05,0.9,0.9222873900293256,0.9265873015873015,0.9860125407000407,0.9006598240469208,0.9799641966819763,1.0,0.45000001788139343
149,0.007441849709622487,0.23909887671470642,0.023393236100673676,0.0712130069732666,3.1691089305310846e-05,0.9,0.9222873900293256,0.9265873015873015,0.9860125407000407,0.9006598240469208,0.9799641966819763,1.0,0.45000001788139343
150,0.007405939595533515,0.2043391317129135,0.023325933143496513,0.06419376283884048,3.398615123885313e-05,0.9,0.9222873900293256,0.9265873015873015,0.9860125407000407,0.9006598240469208,0.9799641966819763,1.0,0.45000001788139343
151,0.007369868456102699,0.2336253672838211,0.02332347445189953,0.07004854828119278,2.7894667740887192e-05,0.9,0.9222873900293256,0.9265873015873015,0.9860125407000407,0.9006598240469208,0.9799641966819763,1.0,0.4333333671092987
152,0.0073336387567445056,0.2341141700744629,0.0233234241604805,0.07014626264572144,0.0008685026710789169,0.9,0.9222873900293256,0.9265873015873015,0.9860125407000407,0.9006598240469208,0.9799641966819763,1.0,0.4333333671092987
153,0.007297252973710758,0.23196396231651306,0.023588337004184723,0.06998112797737122,0.0009588680759862416,0.9,0.9222873900293256,0.9265873015873015,0.9860125407000407,0.9006598240469208,0.9799641966819763,1.0,0.45000001788139343
154,0.007260713593921394,0.20191986858844757,0.02332574501633644,0.06370972096920013,0.0010683592857417524,0.9,0.9222873900293256,0.9265873015873015,0.986791564916565,0.9006598240469208,0.9799641966819763,1.0,0.46666669845581055
155,0.007224023114794484,0.202243372797966,0.023326052352786064,0.0637747272849083,3.603890558019856e-05,0.9,0.9222873900293256,0.9265873015873015,0.986791564916565,0.9006598240469208,0.9799641966819763,1.0,0.46666669845581055
156,0.00718718404407554,0.20485691726207733,0.02332274056971073,0.06429412215948105,2.1096787367205417e-05,0.9,0.9222873900293256,0.9265873015873015,0.986791564916565,0.9006598240469208,0.9799641966819763,1.0,0.4833333492279053
157,0.0071501988996661115,0.2065751701593399,0.023322610184550285,0.06463764607906342,5.690266608187997e-05,0.9,0.9222873900293256,0.9265873015873015,0.986791564916565,0.9006598240469208,0.9799641966819763,1.0,0.4333333671092987
158,0.007113070209451689,0.2353964000940323,0.023322762921452522,0.07040204107761383,2.8494695058040456e-05,0.9,0.9222873900293256,0.9265873015873015,0.986791564916565,0.9006598240469208,0.9799641966819763,1.0,0.4333333671092987
159,0.007075800511128927,0.2355707287788391,0.02332385629415512,0.07043799757957458,1.6550597137905582e-05,0.9,0.9222873900293256,0.9265873015873015,0.9860125407000407,0.9006598240469208,0.9799641966819763,1.0,0.4333333671092987
160,0.0070383923520322,0.23497949540615082,0.0233234241604805,0.07031932473182678,2.0742308089945133e-05,0.9,0.9222873900293256,0.9265873015873015,0.9860125407000407,0.9006598240469208,0.9799641966819763,1.0,0.45000001788139343
161,0.007000848288959491,0.2353588491678238,0.023588720709085464,0.07066048681735992,0.0012868095475498742,0.9,0.9222873900293256,0.9265873015873015,0.9860125407000407,0.9006598240469208,0.9799641966819763,1.0,0.45000001788139343
162,0.006963170887997639,0.2059217393398285,0.023322900757193565,0.06450724601745605,3.5585840790243166e-05,0.9,0.9222873900293256,0.9265873015873015,0.986791564916565,0.9006598240469208,0.9799641966819763,1.0,0.4166666865348816
163,0.006925362724346952,0.14188553392887115,0.022594403475522995,0.05097150802612305,2.8341066294670036e-05,0.9,0.9222873900293256,0.9265873015873015,0.986791564916565,0.9006598240469208,0.9799641966819763,1.0,0.40000003576278687
164,0.006887426382145193,0.14145860075950623,0.022593731060624123,0.05088545382022858,2.54192567090851e-05,0.9,0.9222873900293256,0.9265873015873015,0.986791564916565,0.9006598240469208,0.9799641966819763,1.0,0.40000003576278687
165,0.006849364454290958,0.26381444931030273,0.0233268141746521,0.07608970999717712,2.0405781487605943e-05,0.9,0.9222873900293256,0.9265873015873015,0.9852335164835165,0.9006598240469208,0.9799641966819763,1.0,0.40000003576278687
166,0.006811179542266458,0.2650672495365143,0.023323461413383484,0.07633691281080246,2.8095955452485495e-05,0.9,0.9222873900293256,0.9265873015873015,0.9852335164835165,0.9006598240469208,0.9799641966819763,1.0,0.4166666865348816
167,0.006772874255959703,0.23314350843429565,0.023166190832853317,0.06979489326477051,0.0020632102027051246,0.9,0.9222873900293256,0.9265873015873015,0.986791564916565,0.9006598240469208,0.9799641966819763,1.0,0.4333333671092987
168,0.006734451213486133,0.21157366037368774,0.02345740981400013,0.065772145986557,0.04166646572806327,0.9,0.9222873900293256,0.9265873015873015,0.9860125407000407,0.9006598240469208,0.9799641966819763,1.0,0.38333335518836975
169,0.006695913041009662,0.27332794666290283,0.02358882874250412,0.07825441658496857,0.0012285777632418005,0.9,0.9222873900293256,0.9265873015873015,0.9852335164835165,0.9006598240469208,0.9799641966819763,1.0,0.3500000238418579
170,0.006657262372563185,0.3055368959903717,0.024051954969763756,0.08515933156013489,0.0003303869431594532,0.9,0.9222873900293256,0.9265873015873015,0.9852335164835165,0.9006598240469208,0.9799641966819763,1.0,0.3500000238418579
171,0.006618501849868548,0.30797380208969116,0.02405555360019207,0.08565031737089157,0.000259147397078074,0.9,0.9222873900293256,0.9265873015873015,0.9852335164835165,0.9006598240469208,0.9799641966819763,1.0,0.3500000238418579
172,0.006579634122155991,0.3079586923122406,0.024055520072579384,0.08564726263284683,0.00023538692059868092,0.9,0.9222873900293256,0.9265873015873015,0.9852335164835165,0.9006598240469208,0.9799641966819763,1.0,0.3500000238418579
173,0.006540661845983073,0.3080652058124542,0.02405571937561035,0.08566875755786896,0.0002285750526494819,0.9,0.9222873900293256,0.9265873015873015,0.9852335164835165,0.9006598240469208,0.9799641966819763,1.0,0.3500000238418579
174,0.0065015876850531016,0.30615612864494324,0.02405571937561035,0.085286945104599,0.00018445630219177656,0.9,0.9222873900293256,0.9265873015873015,0.9852335164835165,0.9006598240469208,0.9799641966819763,1.0,0.3500000238418579
175,0.006462414310033072,0.3055715262889862,0.024055490270256996,0.08516979962587357,0.00018203347213209924,0.9,0.9222873900293256,0.9265873015873015,0.9852335164835165,0.9006598240469208,0.9799641966819763,1.0,0.3500000238418579
176,0.0064231443983711325,0.30499517917633057,0.024055490270256996,0.08505452424287796,0.00018333891226644846,0.9,0.9222873900293256,0.9265873015873015,0.9852335164835165,0.9006598240469208,0.9799641966819763,1.0,0.3500000238418579
177,0.006383780634113578,0.30559736490249634,0.02405593916773796,0.08517540991306305,0.0002515383251988455,0.9,0.9222873900293256,0.9265873015873015,0.986791564916565,0.9006598240469208,0.9799641966819763,1.0,0.3333333432674408
178,0.006344325707721409,0.30464720726013184,0.024052169173955917,0.08498161286115646,0.00024235400686752333,0.9,0.9222873900293256,0.9265873015873015,0.986791564916565,0.9006598240469208,0.9799641966819763,1.0,0.3333333432674408
179,0.006304782315886434,0.3037298321723938,0.024051975458860397,0.0847979411482811,0.00020744789155851672,0.9,0.9222873900293256,0.9265873015873015,0.986791564916565,0.9006598240469208,0.9799641966819763,1.0,0.3500000238418579
180,0.0062651531613469565,0.30360543727874756,0.024051731452345848,0.08477281779050827,0.00018496225811491298,0.9,0.9222873900293256,0.9265873015873015,0.9875705891330891,0.9006598240469208,0.9799641966819763,1.0,0.3500000238418579
181,0.00622544095270305,0.30410513281822205,0.024051731452345848,0.0848727598786354,0.0002392279465805039,0.9,0.9222873900293256,0.9265873015873015,0.9875705891330891,0.9006598240469208,0.9799641966819763,1.0,0.36666667461395264
182,0.006185648404231421,0.3055161237716675,0.024051731452345848,0.0851549580693245,0.0003111094688840282,0.9,0.9222873900293256,0.9265873015873015,0.9875705891330891,0.9006598240469208,0.9799641966819763,1.0,0.3333333432674408
183,0.0061457782356999025,0.30474624037742615,0.02405126765370369,0.08500051498413086,0.00032469759183261366,0.9,0.9222873900293256,0.9265873015873015,0.9875705891330891,0.9006598240469208,0.9799641966819763,1.0,0.3333333432674408
184,0.006105833172181549,0.27414780855178833,0.024052107706665993,0.07888167351484299,0.00033897525321145336,0.9,0.9222873900293256,0.9265873015873015,0.9875705891330891,0.9006598240469208,0.9799641966819763,1.0,0.3333333432674408
185,0.006065815943868391,0.27393633127212524,0.02405230887234211,0.07883957773447037,0.00046688534230686867,0.9,0.9222873900293256,0.9265873015873015,0.9860125407000407,0.9006598240469208,0.9799641966819763,1.0,0.3500000238418579
186,0.006025729285884828,0.27153074741363525,0.02405230887234211,0.07835845649242401,6.803759037083325e-05,0.9,0.9222873900293256,0.9265873015873015,0.9860125407000407,0.9006598240469208,0.9799641966819763,1.0,0.36666667461395264
187,0.005985575938100685,0.2702863812446594,0.024052118882536888,0.07810939848423004,6.388544688484105e-05,0.9,0.9222873900293256,0.9265873015873015,0.9860125407000407,0.9006598240469208,0.9799641966819763,1.0,0.36666667461395264
188,0.005945358644943944,0.2705634534358978,0.024052368476986885,0.07816506177186966,6.020120230296811e-05,0.9,0.9222873900293256,0.9265873015873015,0.9860125407000407,0.9006598240469208,0.9799641966819763,1.0,0.36666667461395264
189,0.005905080155213171,0.27139487862586975,0.024052368476986885,0.0783313438296318,0.00018071828504520422,0.9,0.9222873900293256,0.9265873015873015,0.9860125407000407,0.9006598240469208,0.9799641966819763,1.0,0.36666667461395264
190,0.005864743221889634,0.27397528290748596,0.02405213564634323,0.07884719222784042,0.00028594301671076806,0.9,0.9222873900293256,0.9265873015873015,0.9860125407000407,0.9006598240469208,0.9799641966819763,1.0,0.36666667461395264
191,0.005824350601949144,0.2749546468257904,0.02405213564634323,0.07904306054115295,0.0002588131620296309,0.9,0.9222873900293256,0.9265873015873015,0.9860125407000407,0.9006598240469208,0.9799641966819763,1.0,0.36666667461395264
192,0.0057839050561736185,0.2760423421859741,0.02405213564634323,0.07926060259342194,0.00013083211045655387,0.9,0.9222873900293256,0.9265873015873015,0.9860125407000407,0.9006598240469208,0.9799641966819763,1.0,0.36666667461395264
193,0.005743409348962387,0.27701666951179504,0.02405213564634323,0.07945546507835388,0.00011129735386880115,0.9,0.9222873900293256,0.9265873015873015,0.9860125407000407,0.9006598240469208,0.9799641966819763,1.0,0.36666667461395264
194,0.005702866248143243,0.27711203694343567,0.024052517488598824,0.07947492599487305,8.24879994641452e-05,0.9,0.9222873900293256,0.9265873015873015,0.9860125407000407,0.9006598240469208,0.9799641966819763,1.0,0.36666667461395264
195,0.005662278524783272,0.27687960863113403,0.024052517488598824,0.07942844182252884,7.451159518450627e-05,0.9,0.9222873900293256,0.9265873015873015,0.9860125407000407,0.9006598240469208,0.9799641966819763,1.0,0.36666667461395264
196,0.005621648952999453,0.2755533456802368,0.024052517488598824,0.07916318625211716,7.82029022758768e-05,0.9,0.9222873900293256,0.9265873015873015,0.9860125407000407,0.9006598240469208,0.9799641966819763,1.0,0.36666667461395264
197,0.005580980309769044,0.27482423186302185,0.024052107706665993,0.07901695370674133,7.422150488931857e-05,0.9,0.9222873900293256,0.9265873015873015,0.9860125407000407,0.9006598240469208,0.9799641966819763,1.0,0.36666667461395264
198,0.005540275374739791,0.27458104491233826,0.024051690474152565,0.07896789908409119,7.045887724032093e-05,0.9,0.9222873900293256,0.9265873015873015,0.9860125407000407,0.9006598240469208,0.9799641966819763,1.0,0.36666667461395264
199,0.0054995369300399315,0.2740965485572815,0.024051660671830177,0.0788709744811058,6.752935385567956e-05,0.9,0.9222873900293256,0.9265873015873015,0.9860125407000407,0.9006598240469208,0.9799641966819763,1.0,0.36666667461395264
200,0.005458767760088046,0.2740981876850128,0.024051660671830177,0.07887130230665207,6.505815728995687e-05,0.9,0.9222873900293256,0.9265873015873015,0.9860125407000407,0.9006598240469208,0.9799641966819763,1.0,0.36666667461395264
201,0.0054179706514027445,0.30495214462280273,0.024051660671830177,0.0850420892238617,7.294765697531323e-05,0.9,0.9222873900293256,0.9265873015873015,0.9860125407000407,0.9006598240469208,0.9799641966819763,1.0,0.36666667461395264
202,0.005377148392412213,0.3052535355091095,0.02405344881117344,0.08510416001081467,7.97031422637596e-05,0.9,0.9222873900293256,0.9265873015873015,0.9860125407000407,0.9006598240469208,0.9799641966819763,1.0,0.36666667461395264
203,0.005336303773263628,0.30526599287986755,0.02405344881117344,0.08510664850473404,7.760811376066402e-05,0.9,0.9222873900293256,0.9265873015873015,0.9860125407000407,0.9006598240469208,0.9799641966819763,1.0,0.36666667461395264
204,0.005295439585632452,0.3366355001926422,0.02405391074717045,0.0913810133934021,2.9649411615992823e-05,0.9,0.9222873900293256,0.9265873015873015,0.9860125407000407,0.9006598240469208,0.9799641966819763,1.0,0.36666667461395264
205,0.005254558622531626,0.3367587625980377,0.02405409701168537,0.09140584617853165,2.5753846499491636e-05,0.9166666666666666,0.9347852836224929,0.9370039682539683,0.9875705891330891,0.916974283253353,0.9799641966819763,1.0,0.31666669249534607
206,0.005213663678120677,0.33732277154922485,0.02405409701168537,0.09151864796876907,2.648456248689566e-05,0.9166666666666666,0.9347852836224929,0.9370039682539683,0.9875705891330891,0.916974283253353,0.9799641966819763,1.0,0.31666669249534607
207,0.005172757547514729,0.3373229503631592,0.02405409701168537,0.09151868522167206,2.4224114694291517e-05,0.9166666666666666,0.9347852836224929,0.9370039682539683,0.9875705891330891,0.916974283253353,0.9799641966819763,1.0,0.31666669249534607
208,0.0051318430265934745,0.33703890442848206,0.024057205766439438,0.09146498143672943,3.4846752202683893e-05,0.9166666666666666,0.9347852836224929,0.9370039682539683,0.9875705891330891,0.916974283253353,0.9799641966819763,1.0,0.31666669249534607
209,0.005090922911810069,0.3367761969566345,0.02405778132379055,0.09141302108764648,3.6505919891294956e-05,0.9166666666666666,0.9347852836224929,0.9370039682539683,0.9875705891330891,0.916974283253353,0.9799641966819763,1.0,0.30000001192092896
210,0.005050000000000001,0.33640244603157043,0.02405778132379055,0.09133827686309814,3.3777182535188725e-05,0.9166666666666666,0.9347852836224929,0.9370039682539683,0.9875705891330891,0.916974283253353,0.9799641966819763,1.0,0.30000001192092896
211,0.005009077088189933,0.336828351020813,0.02405821532011032,0.0914238840341568,9.030382240497136e-05,0.9166666666666666,0.9347852836224929,0.9370039682539683,0.9875705891330891,0.916974283253353,0.9799641966819763,1.0,0.30000001192092896
212,0.004968156973406526,0.335480272769928,0.024057386443018913,0.09115344285964966,4.605349006484531e-05,0.9166666666666666,0.9347852836224929,0.9370039682539683,0.9875705891330891,0.916974283253353,0.9799641966819763,1.0,0.30000001192092896
213,0.0049272424524852716,0.33548060059547424,0.024054277688264847,0.09115040302276611,6.46456149114176e-05,0.9166666666666666,0.9347852836224929,0.9370039682539683,0.9860125407000407,0.916974283253353,0.9799641966819763,1.0,0.3500000238418579
214,0.004886336321879326,0.33527663350105286,0.02405429258942604,0.09110961854457855,2.3356751069354342e-05,0.9,0.9222873900293256,0.9265873015873015,0.9860125407000407,0.9006598240469208,0.9799641966819763,1.0,0.36666667461395264
215,0.004845441377468376,0.3356715142726898,0.02405410073697567,0.09118840843439102,3.053267660912058e-05,0.9,0.9222873900293256,0.9265873015873015,0.9860125407000407,0.9006598240469208,0.9799641966819763,1.0,0.36666667461395264
216,0.004804560414367551,0.33503758907318115,0.024054301902651787,0.09106182307004929,1.608490297297272e-05,0.9,0.9222873900293256,0.9265873015873015,0.9860125407000407,0.9006598240469208,0.9799641966819763,1.0,0.36666667461395264
217,0.004763696226736375,0.3349955677986145,0.024054333567619324,0.09105344861745834,1.6060237098923413e-05,0.9,0.9222873900293256,0.9265873015873015,0.9860125407000407,0.9006598240469208,0.9799641966819763,1.0,0.36666667461395264
218,0.0047228516075877875,0.33529624342918396,0.024054905399680138,0.09111415594816208,2.2524016218107796e-05,0.9,0.9222873900293256,0.9265873015873015,0.9860125407000407,0.9006598240469208,0.9799641966819763,1.0,0.38333335518836975
219,0.004682029348597257,0.3357824683189392,0.024054905399680138,0.09121140092611313,2.3142956623446375e-05,0.9,0.9222873900293256,0.9265873015873015,0.9860125407000407,0.9006598240469208,0.9799641966819763,1.0,0.38333335518836975
220,0.004641232239911956,0.33626875281333923,0.024054905399680138,0.09130866080522537,2.3529044342131544e-05,0.9,0.9222873900293256,0.9265873015873015,0.9860125407000407,0.9006598240469208,0.9799641966819763,1.0,0.38333335518836975
221,0.00460046306996007,0.33678609132766724,0.024054905399680138,0.09141212701797485,3.257147391575781e-05,0.9,0.9222873900293256,0.9265873015873015,0.9860125407000407,0.9006598240469208,0.9799641966819763,1.0,0.38333335518836975
222,0.00455972462526021,0.3366633653640747,0.024054724723100662,0.09138740599155426,3.343589612587166e-05,0.9,0.9222873900293256,0.9265873015873015,0.9860125407000407,0.9006598240469208,0.9799641966819763,1.0,0.38333335518836975
223,0.0045190196902309574,0.33666327595710754,0.024054724723100662,0.09138737618923187,3.830374955132342e-05,0.9,0.9222873900293256,0.9265873015873015,0.9860125407000407,0.9006598240469208,0.9799641966819763,1.0,0.38333335518836975
224,0.00447835104700055,0.3366631865501404,0.024054724723100662,0.09138736128807068,3.8586869448817114e-05,0.9,0.9222873900293256,0.9265873015873015,0.9860125407000407,0.9006598240469208,0.9799641966819763,1.0,0.38333335518836975
225,0.004437721475216731,0.3361348807811737,0.024054724723100662,0.0912816971540451,3.8869653043187496e-05,0.9,0.9222873900293256,0.9265873015873015,0.9860125407000407,0.9006598240469208,0.9799641966819763,1.0,0.38333335518836975
226,0.00439713375185676,0.336134672164917,0.024054724723100662,0.09128166735172272,4.099045714992879e-05,0.9,0.9222873900293256,0.9265873015873015,0.9860125407000407,0.9006598240469208,0.9799641966819763,1.0,0.38333335518836975
227,0.004356590651037616,0.3366207480430603,0.024054724723100662,0.09137888252735138,4.017812229815636e-05,0.9,0.9222873900293256,0.9265873015873015,0.9860125407000407,0.9006598240469208,0.9799641966819763,1.0,0.38333335518836975
228,0.004316094943826382,0.33711808919906616,0.024054724723100662,0.09147834777832031,4.056342105216333e-05,0.9,0.9222873900293256,0.9265873015873015,0.9860125407000407,0.9006598240469208,0.9799641966819763,1.0,0.38333335518836975
229,0.0042756493980508565,0.33672216534614563,0.024054724723100662,0.0913991630077362,3.2514181693482085e-05,0.9,0.9222873900293256,0.9265873015873015,0.9860125407000407,0.9006598240469208,0.9799641966819763,1.0,0.38333335518836975
230,0.0042352567781103675,0.3367220163345337,0.024054724723100662,0.09139913320541382,3.288843807899055e-05,0.9,0.9222873900293256,0.9265873015873015,0.9860125407000407,0.9006598240469208,0.9799641966819763,1.0,0.38333335518836975
231,0.004194919844786831,0.3367217779159546,0.024054724723100662,0.09139908850193024,3.3336399360939244e-05,0.9,0.9222873900293256,0.9265873015873015,0.9860125407000407,0.9006598240469208,0.9799641966819763,1.0,0.38333335518836975
232,0.004154641355056057,0.33672162890434265,0.024054724723100662,0.09139905869960785,3.376041090813624e-05,0.9,0.9222873900293256,0.9265873015873015,0.9860125407000407,0.9006598240469208,0.9799641966819763,1.0,0.38333335518836975
233,0.004114424061899316,0.3361014425754547,0.024054480716586113,0.09127477556467056,3.323842583344391e-05,0.9,0.9222873900293256,0.9265873015873015,0.9860125407000407,0.9006598240469208,0.9799641966819763,1.0,0.38333335518836975
234,0.004074270714115174,0.3358006775379181,0.024053905159235,0.09121404588222504,2.4884436669469e-05,0.9,0.9222873900293256,0.9265873015873015,0.9860125407000407,0.9006598240469208,0.9799641966819763,1.0,0.38333335518836975
235,0.004034184056131611,0.3351322114467621,0.024053905159235,0.09108035266399384,8.447064705735182e-06,0.9,0.9222873900293256,0.9265873015873015,0.9860125407000407,0.9006598240469208,0.9799641966819763,1.0,0.38333335518836975
236,0.003994166827818454,0.3351322412490845,0.024053905159235,0.09108035266399384,8.339748572622757e-06,0.9,0.9222873900293256,0.9265873015873015,0.9860125407000407,0.9006598240469208,0.9799641966819763,1.0,0.38333335518836975
237,0.003954221764300101,0.3351322412490845,0.024053905159235,0.09108035266399384,8.178065613672336e-06,0.9,0.9222873900293256,0.9265873015873015,0.9860125407000407,0.9006598240469208,0.9799641966819763,1.0,0.38333335518836975
238,0.003914351595768582,0.33513227105140686,0.024053905159235,0.09108036756515503,7.970360226898417e-06,0.9,0.9222873900293256,0.9265873015873015,0.9860125407000407,0.9006598240469208,0.9799641966819763,1.0,0.38333335518836975
239,0.0038745590472969507,0.33513230085372925,0.024053905159235,0.09108036756515503,7.726027430073085e-06,0.9,0.9222873900293256,0.9265873015873015,0.9860125407000407,0.9006598240469208,0.9799641966819763,1.0,0.38333335518836975
240,0.0038348468386530444,0.33564960956573486,0.024053905159235,0.09118382632732391,2.0409042458958062e-05,0.9,0.9222873900293256,0.9265873015873015,0.9860125407000407,0.9006598240469208,0.9799641966819763,1.0,0.38333335518836975
241,0.0037952176841135675,0.3356497585773468,0.024053905159235,0.0911838561296463,1.9444395972456564e-05,0.9,0.9222873900293256,0.9265873015873015,0.9860125407000407,0.9006598240469208,0.9799641966819763,1.0,0.38333335518836975
242,0.0037556742922785925,0.33564993739128113,0.024053905159235,0.09118390083312988,1.854279277661731e-05,0.9,0.9222873900293256,0.9265873015873015,0.9860125407000407,0.9006598240469208,0.9799641966819763,1.0,0.38333335518836975
243,0.003716219365886423,0.33585286140441895,0.024053905159235,0.09122447669506073,2.560701868998186e-05,0.9,0.9222873900293256,0.9265873015873015,0.9860125407000407,0.9006598240469208,0.9799641966819763,1.0,0.38333335518836975
244,0.0036768556016288706,0.3363391160964966,0.024054480716586113,0.09132231026887894,2.5971927899183433e-05,0.9,0.9222873900293256,0.9265873015873015,0.9860125407000407,0.9006598240469208,0.9799641966819763,1.0,0.38333335518836975
245,0.00363758568996693,0.3368256390094757,0.024054480716586113,0.09141961485147476,2.5134708263086767e-05,0.9,0.9222873900293256,0.9265873015873015,0.9860125407000407,0.9006598240469208,0.9799641966819763,1.0,0.38333335518836975
246,0.0035984123149469,0.3366406559944153,0.024054480716586113,0.09138261526823044,2.253521455741342e-05,0.9,0.9222873900293256,0.9265873015873015,0.9860125407000407,0.9006598240469208,0.9799641966819763,1.0,0.38333335518836975
247,0.003559338154016929,0.33715885877609253,0.024054480716586113,0.09148625284433365,2.7836465227561477e-05,0.9,0.9222873900293256,0.9265873015873015,0.9860125407000407,0.9006598240469208,0.9799641966819763,1.0,0.38333335518836975
248,0.003520365877844012,0.3371589183807373,0.024054480716586113,0.09148626774549484,2.7258382853113963e-05,0.9,0.9222873900293256,0.9265873015873015,0.9860125407000407,0.9006598240469208,0.9799641966819763,1.0,0.38333335518836975
249,0.0034814981501314545,0.336640864610672,0.024054480716586113,0.09138265997171402,2.1172451309625206e-05,0.9,0.9222873900293256,0.9265873015873015,0.9860125407000407,0.9006598240469208,0.9799641966819763,1.0,0.38333335518836975
250,0.0034427376274368173,0.3366408944129944,0.024054480716586113,0.09138265997171402,2.0865181098103115e-05,0.9,0.9222873900293256,0.9265873015873015,0.9860125407000407,0.9006598240469208,0.9799641966819763,1.0,0.38333335518836975
251,0.003404086958990339,0.336122989654541,0.024054480716586113,0.09127908200025558,1.3174893659091187e-05,0.9,0.9222873900293256,0.9265873015873015,0.9860125407000407,0.9006598240469208,0.9799641966819763,1.0,0.38333335518836975
252,0.003365548786513867,0.3363224267959595,0.024054480716586113,0.09131897240877151,4.129827039017621e-05,0.9,0.9222873900293256,0.9265873015873015,0.9860125407000407,0.9006598240469208,0.9799641966819763,1.0,0.38333335518836975
253,0.003327125744040297,0.3363224267959595,0.024054480716586113,0.09131897240877151,4.079754258480143e-05,0.9,0.9222873900293256,0.9265873015873015,0.9860125407000407,0.9006598240469208,0.9799641966819763,1.0,0.38333335518836975
254,0.0032888204577335442,0.3359200060367584,0.024054480716586113,0.09123848378658295,9.072875816298236e-06,0.9,0.9222873900293256,0.9265873015873015,0.9860125407000407,0.9006598240469208,0.9799641966819763,1.0,0.38333335518836975
255,0.0032506355457090426,0.3359200060367584,0.024054480716586113,0.09123848378658295,9.032254006483975e-06,0.9,0.9222873900293256,0.9265873015873015,0.9860125407000407,0.9006598240469208,0.9799641966819763,1.0,0.38333335518836975
256,0.0032125736178548075,0.3359200060367584,0.024054480716586113,0.09123848378658295,8.922733834181483e-06,0.9,0.9222873900293256,0.9265873015873015,0.9860125407000407,0.9006598240469208,0.9799641966819763,1.0,0.38333335518836975
257,0.0031746372756530482,0.3359200060367584,0.024054480716586113,0.09123848378658295,8.801606940683583e-06,0.9,0.9222873900293256,0.9265873015873015,0.9860125407000407,0.9006598240469208,0.9799641966819763,1.0,0.38333335518836975
258,0.0031368291120023616,0.3359200060367584,0.024054480716586113,0.09123848378658295,8.648417460300641e-06,0.9,0.9222873900293256,0.9265873015873015,0.9860125407000407,0.9006598240469208,0.9799641966819763,1.0,0.38333335518836975
259,0.0030991517110405113,0.33632272481918335,0.024054480716586113,0.09131903201341629,3.815590993389066e-05,0.9,0.9222873900293256,0.9265873015873015,0.9860125407000407,0.9006598240469208,0.9799641966819763,1.0,0.38333335518836975
260,0.0030616076479678023,0.3360217213630676,0.024053905159235,0.09125825762748718,3.380773147408101e-05,0.9,0.9222873900293256,0.9265873015873015,0.9860125407000407,0.9006598240469208,0.9799641966819763,1.0,0.38333335518836975
261,0.0030241994888710747,0.3356189429759979,0.024053905159235,0.09117770195007324,3.979977872843848e-06,0.9,0.9222873900293256,0.9265873015873015,0.9860125407000407,0.9006598240469208,0.9799641966819763,1.0,0.38333335518836975
262,0.0029869297905483136,0.33660271763801575,0.024054480716586113,0.09137503057718277,6.479635288658109e-06,0.9,0.9222873900293256,0.9265873015873015,0.9860125407000407,0.9006598240469208,0.9799641966819763,1.0,0.38333335518836975
263,0.00294980110033389,0.3370891809463501,0.024054480716586113,0.0914723202586174,6.420358562446357e-06,0.9,0.9222873900293256,0.9265873015873015,0.9860125407000407,0.9006598240469208,0.9799641966819763,1.0,0.38333335518836975
264,0.0029128159559244607,0.33700573444366455,0.024054480716586113,0.09145563095808029,3.465762697348587e-05,0.9,0.9222873900293256,0.9265873015873015,0.9860125407000407,0.9006598240469208,0.9799641966819763,1.0,0.38333335518836975
265,0.0028759768852055175,0.3366028070449829,0.024054480716586113,0.09137504547834396,6.138609485581074e-06,0.9,0.9222873900293256,0.9265873015873015,0.9860125407000407,0.9006598240469208,0.9799641966819763,1.0,0.38333335518836975
266,0.002839286406078608,0.3366028070449829,0.024054480716586113,0.09137504547834396,5.9977272413460166e-06,0.9,0.9222873900293256,0.9265873015873015,0.9860125407000407,0.9006598240469208,0.9799641966819763,1.0,0.38333335518836975
267,0.0028027470262892437,0.3366028368473053,0.024054480716586113,0.09137505292892456,5.880769747614244e-06,0.9,0.9222873900293256,0.9265873015873015,0.9860125407000407,0.9006598240469208,0.9799641966819763,1.0,0.38333335518836975
268,0.002766361243255496,0.3375241458415985,0.024054480716586113,0.09155931323766708,3.7743151878385656e-05,0.9,0.9222873900293256,0.9265873015873015,0.9860125407000407,0.9006598240469208,0.9799641966819763,1.0,0.38333335518836975
269,0.002730131543897301,0.33712106943130493,0.024054480716586113,0.09147869795560837,1.1720986849072428e-05,0.9,0.9222873900293256,0.9265873015873015,0.9860125407000407,0.9006598240469208,0.9799641966819763,1.0,0.38333335518836975
270,0.0026940604044664858,0.336935818195343,0.024054480716586113,0.09144164621829987,1.0875852628654517e-05,0.9,0.9222873900293256,0.9265873015873015,0.9860125407000407,0.9006598240469208,0.9799641966819763,1.0,0.38333335518836975
271,0.002658150290377515,0.33692467212677,0.024054480716586113,0.09143941849470139,1.0268270480436599e-05,0.9,0.9222873900293256,0.9265873015873015,0.9860125407000407,0.9006598240469208,0.9799641966819763,1.0,0.38333335518836975
272,0.0026224036560389846,0.3369247019290924,0.024054480716586113,0.09143942594528198,1.0063115461788708e-05,0.9,0.9222873900293256,0.9265873015873015,0.9860125407000407,0.9006598240469208,0.9799641966819763,1.0,0.38333335518836975
273,0.0025868229446858685,0.33643829822540283,0.024054480716586113,0.09134214371442795,9.848970199604354e-06,0.9,0.9222873900293256,0.9265873015873015,0.9860125407000407,0.9006598240469208,0.9799641966819763,1.0,0.38333335518836975
274,0.0025514105882125234,0.33643829822540283,0.024054480716586113,0.09134214371442795,9.65039325002029e-06,0.9,0.9222873900293256,0.9265873015873015,0.9860125407000407,0.9006598240469208,0.9799641966819763,1.0,0.38333335518836975
275,0.002516169007006475,0.3368416130542755,0.024054480716586113,0.09142280369997025,3.279920453923125e-05,0.9,0.9222873900293256,0.9265873015873015,0.9860125407000407,0.9006598240469208,0.9799641966819763,1.0,0.38333335518836975
276,0.0024811006097829845,0.3363233804702759,0.024054480716586113,0.09131915867328644,2.797051212357317e-05,0.9,0.9222873900293256,0.9265873015873015,0.9860125407000407,0.9006598240469208,0.9799641966819763,1.0,0.38333335518836975
277,0.002446207793420422,0.3359200954437256,0.024054480716586113,0.09123850613832474,6.3883941406109835e-06,0.9,0.9222873900293256,0.9265873015873015,0.9860125407000407,0.9006598240469208,0.9799641966819763,1.0,0.38333335518836975
278,0.002411492942796432,0.3369247615337372,0.024054480716586113,0.09143943339586258,9.193674861296122e-06,0.9,0.9222873900293256,0.9265873015873015,0.9860125407000407,0.9006598240469208,0.9799641966819763,1.0,0.38333335518836975
279,0.0023769584306249435,0.3359200954437256,0.024054480716586113,0.09123850613832474,6.2702399540951595e-06,0.9,0.9222873900293256,0.9265873015873015,0.9860125407000407,0.9006598240469208,0.9799641966819763,1.0,0.38333335518836975
280,0.0023426066172939877,0.33640649914741516,0.024054480716586113,0.09133578091859818,6.228728381267282e-06,0.9,0.9222873900293256,0.9265873015873015,0.9860125407000407,0.9006598240469208,0.9799641966819763,1.0,0.38333335518836975
281,0.002308439850704377,0.3364383578300476,0.024054480716586113,0.09134215861558914,8.80113001583515e-06,0.9,0.9222873900293256,0.9265873015873015,0.9860125407000407,0.9006598240469208,0.9799641966819763,1.0,0.38333335518836975
282,0.002274460466109219,0.33692479133605957,0.024054480716586113,0.09143944084644318,8.65952646230842e-06,0.9,0.9222873900293256,0.9265873015873015,0.9860125407000407,0.9006598240469208,0.9799641966819763,1.0,0.38333335518836975
283,0.0022406707859543205,0.3373282253742218,0.024054480716586113,0.09152013063430786,2.930091680331385e-05,0.9,0.9222873900293256,0.9265873015873015,0.9860125407000407,0.9006598240469208,0.9799641966819763,1.0,0.38333335518836975
284,0.002207073119719429,0.3368099629878998,0.024054480716586113,0.09141647815704346,2.5006891587913342e-05,0.9,0.9222873900293256,0.9265873015873015,0.9860125407000407,0.9006598240469208,0.9799641966819763,1.0,0.38333335518836975
285,0.0021736697637604056,0.33692479133605957,0.024054480716586113,0.09143944084644318,8.360462308545465e-06,0.9,0.9222873900293256,0.9265873015873015,0.9860125407000407,0.9006598240469208,0.9799641966819763,1.0,0.38333335518836975
286,0.0021404630011522584,0.33692479133605957,0.024054480716586113,0.09143944084644318,8.294996104005261e-06,0.9,0.9222873900293256,0.9265873015873015,0.9860125407000407,0.9006598240469208,0.9799641966819763,1.0,0.38333335518836975
287,0.0021074551015331003,0.33643838763237,0.024054480716586113,0.09134215861558914,8.2086934538703e-06,0.9,0.9222873900293256,0.9265873015873015,0.9860125407000407,0.9006598240469208,0.9799641966819763,1.0,0.38333335518836975
288,0.0020746483209490257,0.3371100127696991,0.024054480716586113,0.09147648513317108,8.548232025251136e-06,0.9,0.9222873900293256,0.9265873015873015,0.9860125407000407,0.9006598240469208,0.9799641966819763,1.0,0.38333335518836975
289,0.002042044901699908,0.3365916907787323,0.024054480716586113,0.09137282520532608,3.7719265127589846e-06,0.9,0.9222873900293256,0.9265873015873015,0.9860125407000407,0.9006598240469208,0.9799641966819763,1.0,0.38333335518836975
290,0.0020096470721861445,0.3365916907787323,0.024054480716586113,0.09137282520532608,3.7151601432126633e-06,0.9,0.9222873900293256,0.9265873015873015,0.9860125407000407,0.9006598240469208,0.9799641966819763,1.0,0.38333335518836975
291,0.0019774570467563477,0.33699533343315125,0.024054480716586113,0.09145355224609375,2.277748489446282e-05,0.9,0.9222873900293256,0.9265873015873015,0.9860125407000407,0.9006598240469208,0.9799641966819763,1.0,0.38333335518836975
292,0.001945477025555992,0.33699533343315125,0.024054480716586113,0.09145355224609375,2.2473663252949744e-05,0.9,0.9222873900293256,0.9265873015873015,0.9860125407000407,0.9006598240469208,0.9799641966819763,1.0,0.38333335518836975
293,0.0019137091943770502,0.3359200656414032,0.024054480716586113,0.09123849868774414,5.293149805628337e-06,0.9,0.9222873900293256,0.9265873015873015,0.9860125407000407,0.9006598240469208,0.9799641966819763,1.0,0.38333335518836975
294,0.0018821557245085828,0.33640649914741516,0.024054480716586113,0.09133578091859818,5.2602536230590215e-06,0.9,0.9222873900293256,0.9265873015873015,0.9860125407000407,0.9006598240469208,0.9799641966819763,1.0,0.38333335518836975
295,0.0018508187725883422,0.33640652894973755,0.024054480716586113,0.09133578836917877,5.196763735739233e-06,0.9,0.9222873900293256,0.9265873015873015,0.9860125407000407,0.9006598240469208,0.9799641966819763,1.0,0.38333335518836975
296,0.0018197004804553652,0.3368101119995117,0.024054480716586113,0.09141650795936584,2.145434167385535e-05,0.9,0.9222873900293256,0.9265873015873015,0.9860125407000407,0.9006598240469208,0.9799641966819763,1.0,0.38333335518836975
297,0.0017888029750035847,0.3368101716041565,0.024054480716586113,0.09141651540994644,2.1198553178281742e-05,0.9,0.9222873900293256,0.9265873015873015,0.9860125407000407,0.9006598240469208,0.9799641966819763,1.0,0.38333335518836975
298,0.0017581283680364525,0.33692488074302673,0.024054480716586113,0.09143946319818497,5.8740949642911084e-06,0.9,0.9222873900293256,0.9265873015873015,0.9860125407000407,0.9006598240469208,0.9799641966819763,1.0,0.38333335518836975
299,0.0017276787561226095,0.33744320273399353,0.024054480716586113,0.09154312312602997,9.370487067269682e-06,0.9,0.9222873900293256,0.9265873015873015,0.9860125407000407,0.9006598240469208,0.9799641966819763,1.0,0.38333335518836975
300,0.0016974562204525828,0.33695682883262634,0.024054480716586113,0.09144584834575653,9.261123888571361e-06,0.9,0.9222873900293256,0.9265873015873015,0.9860125407000407,0.9006598240469208,0.9799641966819763,1.0,0.38333335518836975
301,0.0016674628266965387,0.3374432623386383,0.024054480716586113,0.09154313802719116,9.170001580213994e-06,0.9,0.9222873900293256,0.9265873015873015,0.9860125407000407,0.9006598240469208,0.9799641966819763,1.0,0.38333335518836975
302,0.0016377006248631,0.3374432623386383,0.024054480716586113,0.09154313802719116,9.078250019527844e-06,0.9,0.9222873900293256,0.9265873015873015,0.9860125407000407,0.9006598240469208,0.9799641966819763,1.0,0.38333335518836975
303,0.001608171649159226,0.3374432623386383,0.024054480716586113,0.09154313802719116,8.970479260693875e-06,0.9,0.9222873900293256,0.9265873015873015,0.9860125407000407,0.9006598240469208,0.9799641966819763,1.0,0.38333335518836975
304,0.0015788779178511816,0.33732864260673523,0.024054480716586113,0.09152021259069443,2.1374907562889853e-05,0.9,0.9222873900293256,0.9265873015873015,0.9860125407000407,0.9006598240469208,0.9799641966819763,1.0,0.38333335518836975
305,0.0015498214331265902,0.33692485094070435,0.024054480716586113,0.09143945574760437,6.646583799924652e-06,0.9,0.9222873900293256,0.9265873015873015,0.9860125407000407,0.9006598240469208,0.9799641966819763,1.0,0.38333335518836975
306,0.001521004180957585,0.33692485094070435,0.024054480716586113,0.09143945574760437,6.572131947553811e-06,0.9,0.9222873900293256,0.9265873015873015,0.9860125407000407,0.9006598240469208,0.9799641966819763,1.0,0.38333335518836975
307,0.001492428130965072,0.335920125246048,0.024054480716586113,0.09123850613832474,4.555488874008826e-06,0.9,0.9222873900293256,0.9265873015873015,0.9860125407000407,0.9006598240469208,0.9799641966819763,1.0,0.38333335518836975
308,0.0014640952362841098,0.33643844723701477,0.024054480716586113,0.09134217351675034,6.432041778356558e-06,0.9,0.9222873900293256,0.9265873015873015,0.9860125407000407,0.9006598240469208,0.9799641966819763,1.0,0.38333335518836975
309,0.0014360074334304135,0.33681029081344604,0.024054480716586113,0.09141654521226883,1.8644008052778614e-05,0.9,0.9222873900293256,0.9265873015873015,0.9860125407000407,0.9006598240469208,0.9799641966819763,1.0,0.38333335518836975
310,0.0014081666421679989,0.3368103504180908,0.024054480716586113,0.09141655266284943,1.845976783333057e-05,0.9,0.9222873900293256,0.9265873015873015,0.9860125407000407,0.9006598240469208,0.9799641966819763,1.0,0.38333335518836975
311,0.0013805747653779662,0.3373286724090576,0.024054480716586113,0.09152022004127502,2.1218715381004654e-05,0.9,0.9222873900293256,0.9265873015873015,0.9860125407000407,0.9006598240469208,0.9799641966819763,1.0,0.38333335518836975
312,0.00135323368892844,0.33607202768325806,0.024054480716586113,0.09126888960599899,4.375986209997853e-06,0.9,0.9222873900293256,0.9265873015873015,0.9860125407000407,0.9006598240469208,0.9799641966819763,1.0,0.38333335518836975
313,0.001326145281545679,0.33640655875205994,0.024054480716586113,0.09133579581975937,4.3832367363132955e-06,0.9,0.9222873900293256,0.9265873015873015,0.9860125407000407,0.9006598240469208,0.9799641966819763,1.0,0.38333335518836975
314,0.0012993113946863431,0.33643844723701477,0.024054480716586113,0.09134217351675034,6.160115411331994e-06,0.9,0.9222873900293256,0.9265873015873015,0.9860125407000407,0.9006598240469208,0.9799641966819763,1.0,0.38333335518836975
315,0.0012727338624109576,0.3369249403476715,0.024054480716586113,0.09143947064876556,5.025602286955438e-06,0.9,0.9222873900293256,0.9265873015873015,0.9860125407000407,0.9006598240469208,0.9799641966819763,1.0,0.38333335518836975
316,0.0012464145012585474,0.33643847703933716,0.024054480716586113,0.09134218096733093,6.036908312403062e-06,0.9,0.9222873900293256,0.9265873015873015,0.9860125407000407,0.9006598240469208,0.9799641966819763,1.0,0.38333335518836975
317,0.0012203551101224882,0.33607202768325806,0.024054480716586113,0.09126888960599899,4.212170518940499e-06,0.9,0.9222873900293256,0.9265873015873015,0.9860125407000407,0.9006598240469208,0.9799641966819763,1.0,0.38333335518836975
318,0.001194557470127544,0.3373287618160248,0.024054480716586113,0.09152023494243622,1.874031774148995e-05,0.9,0.9222873900293256,0.9265873015873015,0.9860125407000407,0.9006598240469208,0.9799641966819763,1.0,0.38333335518836975
319,0.001169023344508143,0.3375140130519867,0.024054480716586113,0.09155728667974472,1.99551975020929e-05,0.9,0.9222873900293256,0.9265873015873015,0.9860125407000407,0.9006598240469208,0.9799641966819763,1.0,0.38333335518836975
320,0.0011437544784878525,0.3369956314563751,0.024054480716586113,0.09145361185073853,1.6869923281067408e-05,0.9,0.9222873900293256,0.9265873015873015,0.9860125407000407,0.9006598240469208,0.9799641966819763,1.0,0.38333335518836975
321,0.0011187525991600985,0.3374433219432831,0.024054480716586113,0.09154314547777176,7.689950808174293e-06,0.9,0.9222873900293256,0.9265873015873015,0.9860125407000407,0.9006598240469208,0.9799641966819763,1.0,0.38333335518836975
322,0.001094019415370123,0.3374433219432831,0.024054480716586113,0.09154314547777176,7.635741960531521e-06,0.9,0.9222873900293256,0.9265873015873015,0.9860125407000407,0.9006598240469208,0.9799641966819763,1.0,0.38333335518836975
323,0.0010695566175981828,0.3369249701499939,0.024054480716586113,0.09143947809934616,4.74505369425079e-06,0.9,0.9222873900293256,0.9265873015873015,0.9860125407000407,0.9006598240469208,0.9799641966819763,1.0,0.38333335518836975
324,0.0010453658778440107,0.33744335174560547,0.024054480716586113,0.09154315292835236,7.566069949413688e-06,0.9,0.9222873900293256,0.9265873015873015,0.9860125407000407,0.9006598240469208,0.9799641966819763,1.0,0.38333335518836975
325,0.0010214488495125353,0.3364385664463043,0.024054480716586113,0.09134219586849213,4.641999310802716e-06,0.9,0.9222873900293256,0.9265873015873015,0.9860125407000407,0.9006598240469208,0.9799641966819763,1.0,0.38333335518836975
326,0.0009978071673008729,0.3364065885543823,0.024054480716586113,0.09133580327033997,3.968899513116474e-06,0.9,0.9222873900293256,0.9265873015873015,0.9860125407000407,0.9006598240469208,0.9799641966819763,1.0,0.38333335518836975
327,0.0009744424470865977,0.33607208728790283,0.024054480716586113,0.09126890450716019,3.926878111763191e-06,0.9,0.9222873900293256,0.9265873015873015,0.9860125407000407,0.9006598240469208,0.9799641966819763,1.0,0.38333335518836975
328,0.0009513562858173009,0.3364065885543823,0.024054480716586113,0.09133580327033997,3.907555075423442e-06,0.9,0.9222873900293256,0.9265873015873015,0.9860125407000407,0.9006598240469208,0.9799641966819763,1.0,0.38333335518836975
329,0.0009285502614014378,0.33732879161834717,0.024054480716586113,0.09152024239301682,1.836534502752291e-05,0.9,0.9222873900293256,0.9265873015873015,0.9860125407000407,0.9006598240469208,0.9799641966819763,1.0,0.38333335518836975
330,0.0009060259326004838,0.3374808132648468,0.024054480716586113,0.09155064821243286,1.6590368605062294e-05,0.9,0.9222873900293256,0.9265873015873015,0.9860125407000407,0.9006598240469208,0.9799641966819763,1.0,0.38333335518836975
331,0.000883784838922391,0.3379991948604584,0.024054480716586113,0.09165432304143906,1.912401241862763e-05,0.9,0.9222873900293256,0.9265873015873015,0.9860125407000407,0.9006598240469208,0.9799641966819763,1.0,0.38333335518836975
332,0.0008618285005163704,0.3373289108276367,0.024054480716586113,0.0915202647447586,1.6932198423229426e-05,0.9,0.9222873900293256,0.9265873015873015,0.9860125407000407,0.9006598240469208,0.9799641966819763,1.0,0.38333335518836975
333,0.0008401584180689843,0.3369249403476715,0.024054480716586113,0.09143947064876556,5.350689223725654e-06,0.9,0.9222873900293256,0.9265873015873015,0.9860125407000407,0.9006598240469208,0.9799641966819763,1.0,0.38333335518836975
334,0.000818776072701583,0.3364065885543823,0.024054480716586113,0.09133580327033997,3.784822756338059e-06,0.9,0.9222873900293256,0.9265873015873015,0.9860125407000407,0.9006598240469208,0.9799641966819763,1.0,0.38333335518836975
335,0.0007976829258690679,0.33744341135025024,0.024054480716586113,0.09154316782951355,7.026844854738058e-06,0.9,0.9222873900293256,0.9265873015873015,0.9860125407000407,0.9006598240469208,0.9799641966819763,1.0,0.38333335518836975
336,0.0007768804192600093,0.33692502975463867,0.024054480716586113,0.09143949300050735,4.359619352132127e-06,0.9,0.9222873900293256,0.9265873015873015,0.9860125407000407,0.9006598240469208,0.9799641966819763,1.0,0.38333335518836975
337,0.0007563699746980984,0.3369249403476715,0.024054480716586113,0.09143947064876556,5.262655920302382e-06,0.9,0.9222873900293256,0.9265873015873015,0.9860125407000407,0.9006598240469208,0.9799641966819763,1.0,0.38333335518836975
338,0.0007361529940449782,0.3364065885543823,0.024054480716586113,0.09133580327033997,3.7148226908552034e-06,0.9,0.9222873900293256,0.9265873015873015,0.9860125407000407,0.9006598240469208,0.9799641966819763,1.0,0.38333335518836975
339,0.0007162308591044182,0.33692502975463867,0.024054480716586113,0.09143949300050735,3.846693556777417e-06,0.9,0.9222873900293256,0.9265873015873015,0.9860125407000407,0.9006598240469208,0.9799641966819763,1.0,0.38333335518836975
340,0.0006966049315278798,0.3373289406299591,0.024054480716586113,0.0915202721953392,1.5749057426420133e-05,0.9,0.9222873900293256,0.9265873015873015,0.9860125407000407,0.9006598240469208,0.9799641966819763,1.0,0.38333335518836975
341,0.0006772765527214417,0.3374807834625244,0.024054480716586113,0.09155064076185226,1.5645409574628516e-05,0.9,0.9222873900293256,0.9265873015873015,0.9860125407000407,0.9006598240469208,0.9799641966819763,1.0,0.38333335518836975
342,0.0006582470437541217,0.3373289406299591,0.024054480716586113,0.0915202721953392,1.557438373026724e-05,0.9,0.9222873900293256,0.9265873015873015,0.9860125407000407,0.9006598240469208,0.9799641966819763,1.0,0.38333335518836975
343,0.0006395177052675795,0.3374808430671692,0.024054480716586113,0.09155065566301346,1.552683459247906e-05,0.9,0.9222873900293256,0.9265873015873015,0.9860125407000407,0.9006598240469208,0.9799641966819763,1.0,0.38333335518836975
344,0.0006210898173872209,0.33744341135025024,0.024054480716586113,0.09154316782951355,6.1016252066267615e-06,0.9,0.9222873900293256,0.9265873015873015,0.9860125407000407,0.9006598240469208,0.9799641966819763,1.0,0.38333335518836975
345,0.0006029646396347048,0.33692502975463867,0.024054480716586113,0.09143949300050735,3.742505164132991e-06,0.9,0.9222873900293256,0.9265873015873015,0.9860125407000407,0.9006598240469208,0.9799641966819763,1.0,0.38333335518836975
346,0.000585143410841854,0.33759525418281555,0.024054480716586113,0.09157353639602661,6.057016321148276e-06,0.9,0.9222873900293256,0.9265873015873015,0.9860125407000407,0.9006598240469208,0.9799641966819763,1.0,0.38333335518836975
347,0.0005676273490659822,0.33759525418281555,0.024054480716586113,0.09157353639602661,6.033031500157401e-06,0.9,0.9222873900293256,0.9265873015873015,0.9860125407000407,0.9006598240469208,0.9799641966819763,1.0,0.38333335518836975
348,0.0005504176515066467,0.3369249701499939,0.024054480716586113,0.09143947809934616,3.7063728803791354e-06,0.9,0.9222873900293256,0.9265873015873015,0.9860125407000407,0.9006598240469208,0.9799641966819763,1.0,0.38333335518836975
349,0.0005335154944238117,0.3364385962486267,0.024054480716586113,0.09134220331907272,3.6649266194041554e-06,0.9,0.9222873900293256,0.9265873015873015,0.9860125407000407,0.9006598240469208,0.9799641966819763,1.0,0.38333335518836975
350,0.0005169220330574664,0.3369249701499939,0.024054480716586113,0.09143947809934616,3.6728646751418694e-06,0.9,0.9222873900293256,0.9265873015873015,0.9860125407000407,0.9006598240469208,0.9799641966819763,1.0,0.38333335518836975
351,0.0005006384015486492,0.33707693219184875,0.024054480716586113,0.09146986901760101,3.6507920611673023e-06,0.9,0.9222873900293256,0.9265873015873015,0.9860125407000407,0.9006598240469208,0.9799641966819763,1.0,0.38333335518836975
352,0.00048466571286194553,0.3373289704322815,0.024054480716586113,0.0915202796459198,1.493773089486102e-05,0.9,0.9222873900293256,0.9265873015873015,0.9860125407000407,0.9006598240469208,0.9799641966819763,1.0,0.38333335518836975
353,0.00046900505870941026,0.33784735202789307,0.024054480716586113,0.091623954474926,1.7235474867785268e-05,0.9,0.9222873900293256,0.9265873015873015,0.9860125407000407,0.9006598240469208,0.9799641966819763,1.0,0.38333335518836975
354,0.00045365750947594944,0.3374808728694916,0.024054480716586113,0.09155065566301346,1.4809624362081049e-05,0.9,0.9222873900293256,0.9265873015873015,0.9860125407000407,0.9006598240469208,0.9799641966819763,1.0,0.38333335518836975
355,0.00043862411414616955,0.3374808132648468,0.024054480716586113,0.09155064821243286,1.4772089215542492e-05,0.9,0.9222873900293256,0.9265873015873015,0.9860125407000407,0.9006598240469208,0.9799641966819763,1.0,0.38333335518836975
356,0.0004239059002326682,0.33784735202789307,0.024054480716586113,0.091623954474926,1.712377961444893e-05,0.9,0.9222873900293256,0.9265873015873015,0.9860125407000407,0.9006598240469208,0.9799641966819763,1.0,0.38333335518836975
357,0.00040950387370581904,0.3365904986858368,0.024054480716586113,0.09137258678674698,3.559545149315468e-06,0.9,0.9222873900293256,0.9265873015873015,0.9860125407000407,0.9006598240469208,0.9799641966819763,1.0,0.38333335518836975
358,0.00039541901892500223,0.33744341135025024,0.024054480716586113,0.09154316782951355,5.812696005145413e-06,0.9,0.9222873900293256,0.9265873015873015,0.9860125407000407,0.9006598240469208,0.9799641966819763,1.0,0.38333335518836975
359,0.00038165229857133195,0.33692502975463867,0.024054480716586113,0.09143949300050735,3.5687730611331604e-06,0.9,0.9222873900293256,0.9265873015873015,0.9860125407000407,0.9006598240469208,0.9799641966819763,1.0,0.38333335518836975
360,0.00036820465358185857,0.337108850479126,0.024054480716586113,0.09147625416517258,5.779546972833304e-06,0.9,0.9222873900293256,0.9265873015873015,0.9860125407000407,0.9006598240469208,0.9799641966819763,1.0,0.38333335518836975
361,0.00035507700308525403,0.33692502975463867,0.024054480716586113,0.09143949300050735,3.554298651534461e-06,0.9,0.9222873900293256,0.9265873015873015,0.9860125407000407,0.9006598240469208,0.9799641966819763,1.0,0.38333335518836975
362,0.00034227024433899005,0.33692502975463867,0.024054480716586113,0.09143949300050735,3.5444851253856095e-06,0.9,0.9222873900293256,0.9265873015873015,0.9860125407000407,0.9006598240469208,0.9799641966819763,1.0,0.38333335518836975
363,0.00032978525266801593,0.3364385962486267,0.024054480716586113,0.09134220331907272,3.5293465915956564e-06,0.9,0.9222873900293256,0.9265873015873015,0.9860125407000407,0.9006598240469208,0.9799641966819763,1.0,0.38333335518836975
364,0.0003176228814049297,0.33707693219184875,0.024054480716586113,0.09146986901760101,3.5119919209283976e-06,0.9,0.9222873900293256,0.9265873015873015,0.9860125407000407,0.9006598240469208,0.9799641966819763,1.0,0.38333335518836975
365,0.0003057839618316491,0.33692502975463867,0.024054480716586113,0.09143949300050735,3.512556098198321e-06,0.9,0.9222873900293256,0.9265873015873015,0.9860125407000407,0.9006598240469208,0.9799641966819763,1.0,0.38333335518836975
366,0.00029426930312260227,0.33748090267181396,0.024054480716586113,0.09155066311359406,1.4368788130604186e-05,0.9,0.9222873900293256,0.9265873015873015,0.9860125407000407,0.9006598240469208,0.9799641966819763,1.0,0.38333335518836975
367,0.00028307969228941415,0.33748090267181396,0.024054480716586113,0.09155066311359406,1.4324976038802314e-05,0.9,0.9222873900293256,0.9265873015873015,0.9860125407000407,0.9006598240469208,0.9799641966819763,1.0,0.38333335518836975
368,0.00027221589412712463,0.33751288056373596,0.024054480716586113,0.09155706316232681,1.6568441352191056e-05,0.9,0.9222873900293256,0.9265873015873015,0.9860125407000407,0.9006598240469208,0.9799641966819763,1.0,0.38333335518836975
369,0.0002616786511619041,0.336994469165802,0.024054480716586113,0.09145338088274002,1.4255969546699763e-05,0.9,0.9222873900293256,0.9265873015873015,0.9860125407000407,0.9006598240469208,0.9799641966819763,1.0,0.38333335518836975
370,0.00025146868360031467,0.33760353922843933,0.024054724723100662,0.09157542884349823,1.4254862898502905e-05,0.9,0.9222873900293256,0.9265873015873015,0.9860125407000407,0.9006598240469208,0.9799641966819763,1.0,0.38333335518836975
371,0.00024158668928007498,0.3375953435897827,0.024054480716586113,0.0915735512971878,5.627578909996133e-06,0.9,0.9222873900293256,0.9265873015873015,0.9860125407000407,0.9006598240469208,0.9799641966819763,1.0,0.38333335518836975
372,0.00023203334362237158,0.33744344115257263,0.024054480716586113,0.09154317528009415,5.616601401081216e-06,0.9,0.9222873900293256,0.9265873015873015,0.9860125407000407,0.9006598240469208,0.9799641966819763,1.0,0.38333335518836975
373,0.00022280929958568842,0.3371995687484741,0.024054724723100662,0.09149463474750519,3.4388100712937042e-06,0.9,0.9222873900293256,0.9265873015873015,0.9860125407000407,0.9006598240469208,0.9799641966819763,1.0,0.38333335518836975
374,0.00021391518762118363,0.33692502975463867,0.024054480716586113,0.09143949300050735,3.4417798018049245e-06,0.9,0.9222873900293256,0.9265873015873015,0.9860125407000407,0.9006598240469208,0.9799641966819763,1.0,0.38333335518836975
375,0.00020535161562959536,0.33707693219184875,0.024054480716586113,0.09146986901760101,3.434746090079492e-06,0.9,0.9222873900293256,0.9265873015873015,0.9860125407000407,0.9006598240469208,0.9799641966819763,1.0,0.38333335518836975
376,0.0001971191689196937,0.33707693219184875,0.024054480716586113,0.09146986901760101,3.421302782017008e-06,0.9,0.9222873900293256,0.9265873015873015,0.9860125407000407,0.9006598240469208,0.9799641966819763,1.0,0.38333335518836975
377,0.0001892184101682762,0.3375953435897827,0.024054480716586113,0.0915735512971878,5.562121105275992e-06,0.9,0.9222873900293256,0.9265873015873015,0.9860125407000407,0.9006598240469208,0.9799641966819763,1.0,0.38333335518836975
378,0.0001816498793817073,0.3373290002346039,0.024054480716586113,0.0915202870965004,1.4080985166958961e-05,0.9,0.9222873900293256,0.9265873015873015,0.9860125407000407,0.9006598240469208,0.9799641966819763,1.0,0.38333335518836975
379,0.00017441409385901422,0.33748090267181396,0.024054480716586113,0.09155066311359406,1.4059225382801491e-05,0.9,0.9222873900293256,0.9265873015873015,0.9860125407000407,0.9006598240469208,0.9799641966819763,1.0,0.38333335518836975
380,0.00016751154815652453,0.33707693219184875,0.024054480716586113,0.09146986901760101,3.400560449063081e-06,0.9,0.9222873900293256,0.9265873015873015,0.9860125407000407,0.9006598240469208,0.9799641966819763,1.0,0.38333335518836975
381,0.0001609427140540686,0.3375953435897827,0.024054480716586113,0.0915735512971878,5.528237449370279e-06,0.9,0.9222873900293256,0.9265873015873015,0.9860125407000407,0.9006598240469208,0.9799641966819763,1.0,0.38333335518836975
382,0.00015470804052273096,0.33692502975463867,0.024054480716586113,0.09143949300050735,3.408557628088062e-06,0.9,0.9222873900293256,0.9265873015873015,0.9860125407000407,0.9006598240469208,0.9799641966819763,1.0,0.38333335518836975
383,0.00014880795369416665,0.33748090267181396,0.024054480716586113,0.09155066311359406,1.3973037706930397e-05,0.9,0.9222873900293256,0.9265873015873015,0.9860125407000407,0.9006598240469208,0.9799641966819763,1.0,0.38333335518836975
384,0.0001432428568314728,0.33784741163253784,0.024054480716586113,0.09162396937608719,1.6186512297146792e-05,0.9,0.9222873900293256,0.9265873015873015,0.9860125407000407,0.9006598240469208,0.9799641966819763,1.0,0.38333335518836975
385,0.00013801313030162716,0.3373290002346039,0.024054480716586113,0.0915202870965004,1.3939162363969827e-05,0.9,0.9222873900293256,0.9265873015873015,0.9860125407000407,0.9006598240469208,0.9799641966819763,1.0,0.38333335518836975
386,0.0001331191315494912,0.3373290002346039,0.024054480716586113,0.0915202870965004,1.3933759522252661e-05,0.9,0.9222873900293256,0.9265873015873015,0.9860125407000407,0.9006598240469208,0.9799641966819763,1.0,0.38333335518836975
387,0.00012856119507337867,0.33784741163253784,0.024054480716586113,0.09162396937608719,1.6165677427774854e-05,0.9,0.9222873900293256,0.9265873015873015,0.9860125407000407,0.9006598240469208,0.9799641966819763,1.0,0.38333335518836975
388,0.0001243396324021935,0.33707693219184875,0.024054480716586113,0.09146986901760101,3.3835459908572774e-06,0.9,0.9222873900293256,0.9265873015873015,0.9860125407000407,0.9006598240469208,0.9799641966819763,1.0,0.38333335518836975
389,0.00012045473207413647,0.3371995687484741,0.024054724723100662,0.09149463474750519,3.37716408780347e-06,0.9,0.9222873900293256,0.9265873015873015,0.9860125407000407,0.9006598240469208,0.9799641966819763,1.0,0.38333335518836975
390,0.00011690675961698426,0.33707693219184875,0.024054480716586113,0.09146986901760101,3.382502867573008e-06,0.9,0.9222873900293256,0.9265873015873015,0.9860125407000407,0.9006598240469208,0.9799641966819763,1.0,0.38333335518836975
391,0.00011369595752994128,0.33707693219184875,0.024054480716586113,0.09146986901760101,3.364360448389349e-06,0.9,0.9222873900293256,0.9265873015873015,0.9860125407000407,0.9006598240469208,0.9799641966819763,1.0,0.38333335518836975
392,0.00011082254526706605,0.33744344115257263,0.024054480716586113,0.09154317528009415,5.485402511678374e-06,0.9,0.9222873900293256,0.9265873015873015,0.9860125407000407,0.9006598240469208,0.9799641966819763,1.0,0.38333335518836975
393,0.00010828671922226878,0.33707693219184875,0.024054480716586113,0.09146986901760101,3.3758440569507315e-06,0.9,0.9222873900293256,0.9265873015873015,0.9860125407000407,0.9006598240469208,0.9799641966819763,1.0,0.38333335518836975
394,0.00010608865271589101,0.33707693219184875,0.024054480716586113,0.09146986901760101,3.3707240355377145e-06,0.9,0.9222873900293256,0.9265873015873015,0.9860125407000407,0.9006598240469208,0.9799641966819763,1.0,0.38333335518836975
395,0.00010422849598285996,0.3371995985507965,0.02405465394258499,0.09149457514286041,3.370422274172784e-06,0.9,0.9222873900293256,0.9265873015873015,0.9860125407000407,0.9006598240469208,0.9799641966819763,1.0,0.38333335518836975
396,0.00010270637616241606,0.33692502975463867,0.024054480716586113,0.09143949300050735,3.362791183149103e-06,0.9,0.9222873900293256,0.9265873015873015,0.9860125407000407,0.9006598240469208,0.9799641966819763,1.0,0.38333335518836975
397,0.00010152239728942829,0.33707693219184875,0.024054480716586113,0.09146986901760101,3.359212179425066e-06,0.9,0.9222873900293256,0.9265873015873015,0.9860125407000407,0.9006598240469208,0.9799641966819763,1.0,0.38333335518836975
398,0.00010067664028727843,0.33692502975463867,0.024054480716586113,0.09143949300050735,3.3689122827298946e-06,0.9,0.9222873900293256,0.9265873015873015,0.9860125407000407,0.9006598240469208,0.9799641966819763,1.0,0.38333335518836975
399,0.00010016916296233584,0.33748090267181396,0.024054480716586113,0.09155066311359406,1.376724382595693e-05,0.9,0.9222873900293256,0.9265873015873015,0.9860125407000407,0.9006598240469208,0.9799641966819763,1.0,0.38333335518836975
400,0.0001,0.33748090267181396,0.024054480716586113,0.09155066311359406,1.3746842818394948e-05,0.9,0.9222873900293256,0.9265873015873015,0.9860125407000407,0.9006598240469208,0.9799641966819763,1.0,0.38333335518836975
