epoch,lr,loss,acc,macro_f1,bacc,macro_auc,weighted_f1
1,0.01,3.3096041679382324,0.3389830508474576,0.1687763713080169,0.3333333333333333,0.7697218920653456,0.17163698777086464
2,0.01,2.8857336044311523,0.3389830508474576,0.1687763713080169,0.3333333333333333,0.47598253528044804,0.17163698777086464
3,0.01,6.469208717346191,0.288135593220339,0.17676767676767677,0.18870967741935485,0.4289347749025169,0.27015921931176173
4,0.01,4.80081844329834,0.3559322033898305,0.19444444444444445,0.22580645161290322,0.5301125081959996,0.306497175141243
5,0.01,4.562380313873291,0.5084745762711864,0.4073429951690821,0.5389784946236559,0.6290653316744398,0.4047948906902481
6,0.01,3.4668102264404297,0.5423728813559322,0.4299355984898956,0.5295698924731184,0.8110668005829297,0.43148635373028144
7,0.01,4.412912368774414,0.5423728813559322,0.4299355984898956,0.5295698924731184,0.866455482110131,0.43148635373028144
8,0.01,4.1448974609375,0.5423728813559322,0.4299355984898956,0.5295698924731184,0.8835689031609335,0.43148635373028144
9,0.01,3.463139533996582,0.559322033898305,0.44722222222222224,0.5403225806451614,0.8803841635909947,0.44505649717514123
10,0.01,2.6377129554748535,0.5932203389830508,0.49743589743589745,0.6236559139784946,0.9078718666953961,0.4722294654498044
11,0.01,2.4156599044799805,0.5932203389830508,0.49259259259259264,0.592741935483871,0.9046691133028895,0.4732580037664783
12,0.01,2.951352596282959,0.6101694915254238,0.5076305220883534,0.5725806451612904,0.9214705071441314,0.4882989585460486
13,0.01,2.3721725940704346,0.4915254237288136,0.47992979242979245,0.6774193548387096,0.9069099517391738,0.3447530576767865
14,0.01,2.218764543533325,0.5084745762711864,0.48734186181591505,0.6881720430107526,0.887902588661602,0.37671218568358844
15,0.01,2.263455629348755,0.5084745762711864,0.47152094609721723,0.6881720430107526,0.85477267830209,0.37694872397544044
16,0.01,2.1380128860473633,0.5254237288135594,0.4294294294294294,0.5806451612903226,0.8607811859235008,0.4170102305695526
17,0.01,2.094371795654297,0.559322033898305,0.44722222222222224,0.5403225806451614,0.8674978510841888,0.44505649717514123
18,0.01,2.0320658683776855,0.5932203389830508,0.48577235772357724,0.5618279569892474,0.8758541216321102,0.4733360892930963
19,0.01,2.0329432487487793,0.711864406779661,0.7099377082427929,0.7508064516129033,0.8717823026646556,0.7123181520193873
20,0.01,1.9466185569763184,0.576271186440678,0.47346213635354206,0.581989247311828,0.8725182628882818,0.45906119084452174
21,0.009999830837037664,1.9773738384246826,0.5932203389830508,0.48577235772357724,0.5618279569892474,0.9120905185895699,0.4733360892930963
22,0.009999323359712722,1.921858787536621,0.6949152542372882,0.668918918918919,0.6677419354838711,0.9149388456788836,0.668804397617957
23,0.009998477602710573,1.8376590013504028,0.7288135593220338,0.7378917378917379,0.7970430107526881,0.9230919249420197,0.7165000724322758
24,0.009997293623837585,1.7813849449157715,0.8305084745762712,0.8208356139390621,0.8497311827956988,0.9366424899157346,0.830851725065635
25,0.00999577150401714,1.7221593856811523,0.7966101694915254,0.8147435897435898,0.8400537634408601,0.9601078975841784,0.7940026075619296
26,0.009993911347284109,1.7252140045166016,0.847457627118644,0.8419961427193828,0.8545698924731183,0.9544718880107874,0.8477027932595655
27,0.009991713280777732,1.6103625297546387,0.8135593220338984,0.7912280701754386,0.8389784946236558,0.9314622126766339,0.8195063931013975
28,0.009989177454732934,1.7088407278060913,0.8135593220338984,0.791654276935276,0.8330645161290322,0.937346940430432,0.8211594772625329
29,0.00998630404247006,1.562312126159668,0.8305084745762712,0.8000377287304282,0.8129032258064517,0.9595224773118511,0.8343740707701457
30,0.009983093240383016,1.5448769330978394,0.847457627118644,0.8372234935163997,0.8413978494623656,0.9579979055311124,0.8457045339952682
31,0.009979545267925863,1.496574878692627,0.864406779661017,0.8404761904761905,0.8462365591397849,0.9630824951982447,0.8637610976594028
32,0.009975660367597807,1.3588836193084717,0.8813559322033898,0.8695917711346834,0.8819892473118279,0.9613846200183961,0.8818789533040223
33,0.009971438804926623,1.3426446914672852,0.8983050847457628,0.8834528933524629,0.8986559139784945,0.9780822171714013,0.8987257738978188
34,0.00996688086845051,1.2147269248962402,0.9152542372881356,0.8971873995499839,0.9094086021505375,0.9824420835331651,0.9160551133484791
35,0.009961986869698373,1.2238104343414307,0.9152542372881356,0.8971873995499839,0.9094086021505375,0.9826359493342416,0.9160551133484791
36,0.009956757143168527,1.1743673086166382,0.864406779661017,0.8544647588765235,0.8594086021505376,0.9721316897313103,0.8645852981595753
37,0.009951192046305833,1.2048544883728027,0.8983050847457628,0.8927419354838709,0.8927419354838709,0.970081589294113,0.8983050847457628
38,0.009945291959477269,1.1060537099838257,0.9152542372881356,0.9066206850593096,0.9094086021505375,0.9712826073357382,0.9151796908355303
39,0.009939057285945933,1.11163330078125,0.9152542372881356,0.897054867144598,0.9153225806451614,0.9700495003625934,0.9154022999604897
40,0.009932488451843476,1.009042739868164,0.8813559322033898,0.8695917711346834,0.8819892473118279,0.9754691702983923,0.8818789533040223
41,0.009925585906140986,1.1605100631713867,0.8983050847457628,0.8935475444096134,0.9045698924731184,0.980245150169249,0.8978800276287127
42,0.009918350120618293,1.1695332527160645,0.8813559322033898,0.8803606237816765,0.8938172043010754,0.9796070785634353,0.8808603429477648
43,0.009910781589831726,1.0427831411361694,0.8983050847457628,0.8927419354838709,0.8927419354838709,0.9861467333004335,0.8983050847457628
44,0.009902880831080306,0.9371610283851624,0.8813559322033898,0.8623481781376517,0.8451612903225807,0.9849513337179371,0.8806148356549784
45,0.009894648384370404,1.0237791538238525,0.8983050847457628,0.8766850249147654,0.8677419354838709,0.9825549160938155,0.8972302604381976
46,0.009886084812378817,0.8898009657859802,0.8813559322033898,0.8619876594246169,0.8879032258064515,0.9829333222122596,0.8827261268878129
47,0.009877190700414313,0.9183753728866577,0.8813559322033898,0.8620335341646818,0.8819892473118279,0.97502467488236,0.8834980277047518
48,0.00986796665637763,0.7906028032302856,0.8135593220338984,0.802849002849003,0.8153225806451613,0.9762749268441868,0.8131537012892945
49,0.009858413310719925,1.173142671585083,0.864406779661017,0.8602941176470589,0.8475806451612904,0.9830199739118145,0.8614157527417746
50,0.009848531316399685,1.2757066488265991,0.9322033898305084,0.9108241670652001,0.9260752688172044,0.9920314610542315,0.9327756567695288
51,0.009838321348838096,1.0036592483520508,0.9152542372881356,0.897054867144598,0.9153225806451614,0.9482031936016756,0.9154022999604897
52,0.009827784105872876,0.9568679332733154,0.9152542372881356,0.8895472570544914,0.9153225806451614,0.9411363883849653,0.9170728593238245
53,0.009816920307710586,0.9351590871810913,0.8983050847457628,0.8696678618328834,0.9045698924731184,0.9557486683672641,0.90169551546326
54,0.0098057306968774,0.8553063869476318,0.8983050847457628,0.8832773804310806,0.8927419354838709,0.9699010456126206,0.8991487077229849
55,0.009794216038168352,0.8278166055679321,0.9322033898305084,0.9201612903225805,0.9201612903225805,0.9701984184906386,0.9322033898305084
56,0.009782377118595071,0.8063497543334961,0.9152542372881356,0.9068289318092235,0.9153225806451614,0.9572131747653568,0.9148734325207272
57,0.009770214747331984,0.7358168959617615,0.9152542372881356,0.9068289318092235,0.9153225806451614,0.9607592913095759,0.9148734325207272
58,0.009757729755661011,0.7936534285545349,0.8983050847457628,0.8834378980140573,0.9045698924731184,0.9657313380273532,0.8980676255115968
59,0.009744922996914747,0.6666995882987976,0.8983050847457628,0.8832773804310806,0.8927419354838709,0.9766798034350218,0.8991487077229849
60,0.00973179534641814,0.7429691553115845,0.8983050847457628,0.8677419354838709,0.8677419354838709,0.9837278418397964,0.8983050847457628
61,0.009718347701428667,0.6906787753105164,0.9152542372881356,0.8901379130887328,0.8844086021505376,0.9815103460739135,0.9136717871366385
62,0.009704580981074998,0.6466327905654907,0.9322033898305084,0.9202380952380952,0.9260752688172044,0.9792118170676046,0.9318805488297014
63,0.009690496126294182,0.6709925532341003,0.9322033898305084,0.9202380952380952,0.9260752688172044,0.976134001987892,0.9318805488297014
64,0.009676094099767331,0.6972354650497437,0.9152542372881356,0.897054867144598,0.9153225806451614,0.9807912412276739,0.9154022999604897
65,0.009661375885853831,0.741757869720459,0.9322033898305084,0.9036978756884343,0.8951612903225806,0.9595625595151213,0.9307151715584953
66,0.00964634249052405,0.6462339162826538,0.9322033898305084,0.9201612903225805,0.9201612903225805,0.9702869816247426,0.9322033898305084
67,0.009630994941290591,0.6834741830825806,0.8983050847457628,0.8755701514322204,0.9045698924731184,0.9706710062023155,0.8993719443748666
68,0.009615334287138054,0.6585103273391724,0.8813559322033898,0.8465397458418394,0.8629032258064516,0.9570833130605427,0.8816391825331109
69,0.00959936159845135,0.6284480094909668,0.8983050847457628,0.8674603174603175,0.8736559139784946,0.961258639104939,0.8974172719935433
70,0.009583077966942534,0.6098264455795288,0.9152542372881356,0.8901379130887328,0.8844086021505376,0.9596358890950922,0.9136717871366385
71,0.009566484505576189,0.6032165288925171,0.8813559322033898,0.8540250566440091,0.8569892473118279,0.9666462201092183,0.8810035307910735
72,0.009549582348493355,0.589637815952301,0.8813559322033898,0.8540250566440091,0.8569892473118279,0.9775457412079803,0.8810035307910735
73,0.009532372650934018,0.6142065525054932,0.8983050847457628,0.8674603174603175,0.8736559139784946,0.9853674472270297,0.8974172719935433
74,0.009514856589158148,0.6077257394790649,0.8983050847457628,0.8674603174603175,0.8736559139784946,0.9861788222319531,0.8974172719935433
75,0.009497035360365296,0.6042179465293884,0.8813559322033898,0.8540250566440091,0.8569892473118279,0.9877149205422451,0.8810035307910735
76,0.00947891018261278,0.6021299362182617,0.8983050847457628,0.8674603174603175,0.8736559139784946,0.9784493863715875,0.8974172719935433
77,0.00946048229473242,0.6005667448043823,0.8813559322033898,0.8538628301143082,0.8629032258064516,0.9777246630662191,0.8801133061202675
78,0.009441752956245879,0.5925673246383667,0.8983050847457628,0.8677419354838709,0.8677419354838709,0.9701080597665038,0.8983050847457628
79,0.009422723447278559,0.6261250972747803,0.8983050847457628,0.8677419354838709,0.8677419354838709,0.9713090778081291,0.8983050847457628
80,0.00940339506847212,0.6035516858100891,0.8983050847457628,0.8674603174603175,0.8736559139784946,0.9728885019681984,0.8974172719935433
81,0.009383769140895582,0.5605460405349731,0.8813559322033898,0.8465397458418394,0.8629032258064516,0.9828562856077087,0.8816391825331109
82,0.009363847005955023,0.591483473777771,0.8983050847457628,0.8674603174603175,0.8736559139784946,0.9813803685245811,0.8974172719935433
83,0.009343630025301902,0.5966786742210388,0.8983050847457628,0.8766850249147654,0.8677419354838709,0.9797576185147342,0.8972302604381976
84,0.00932311958073999,0.589154064655304,0.8813559322033898,0.8539886039886039,0.8510752688172043,0.9801416430923071,0.8816456613066782
85,0.009302317074130931,0.5810202360153198,0.8813559322033898,0.8740293356341674,0.9069892473118281,0.9752227400472182,0.8826135914947134
86,0.009281223927298419,0.5645675659179688,0.847457627118644,0.8280126545872878,0.8545698924731183,0.9699668452989137,0.8511136134306313
87,0.009259841581931017,0.5596808195114136,0.864406779661017,0.8333090059845278,0.8403225806451613,0.9723632629230351,0.8662474116113199
88,0.00923817149948363,0.5792431831359863,0.847457627118644,0.8194471231115398,0.8295698924731183,0.9690538746515975,0.8486998022326463
89,0.00921621516107761,0.5685911774635315,0.8813559322033898,0.8540250566440091,0.8569892473118279,0.9621903765641906,0.8810035307910735
90,0.009193974067399517,0.5365551710128784,0.8813559322033898,0.8540250566440091,0.8569892473118279,0.9523506590394636,0.8810035307910735
91,0.009171449738598562,0.5706882476806641,0.8813559322033898,0.8540250566440091,0.8569892473118279,0.955605484542866,0.8810035307910735
92,0.009148643714182699,0.5692530274391174,0.8983050847457628,0.8674603174603175,0.8736559139784946,0.962994221675436,0.8974172719935433
93,0.009125557552913402,0.5986864566802979,0.8983050847457628,0.8674603174603175,0.8736559139784946,0.9860432262234919,0.8974172719935433
94,0.009102192832699127,0.6295682191848755,0.8983050847457628,0.8674603174603175,0.8736559139784946,0.9861788222319531,0.8974172719935433
95,0.009078551150487465,0.6570035219192505,0.864406779661017,0.8403225806451613,0.8403225806451613,0.977265223707349,0.864406779661017
96,0.00905463412215599,0.638971209526062,0.8813559322033898,0.8540250566440091,0.8569892473118279,0.973078660744695,0.8810035307910735
97,0.009030443382401818,0.6100060939788818,0.9152542372881356,0.897054867144598,0.9153225806451614,0.975896810337038,0.9154022999604897
98,0.009005980584629878,0.5741304159164429,0.9152542372881356,0.897054867144598,0.9153225806451614,0.9661493629709949,0.9154022999604897
99,0.008981247400839902,0.5679793357849121,0.8983050847457628,0.8834528933524629,0.8986559139784945,0.9629905146508563,0.8987257738978188
100,0.00895624552151215,0.6044318675994873,0.9152542372881356,0.8971873995499839,0.9094086021505375,0.9590202913257942,0.9160551133484791
101,0.008930976655491857,0.6038774251937866,0.9152542372881356,0.8971873995499839,0.9094086021505375,0.9594476417531447,0.9160551133484791
102,0.008905442529872458,0.6286328434944153,0.9152542372881356,0.8971873995499839,0.9094086021505375,0.9719642944026247,0.9160551133484791
103,0.008879644889877513,0.573196530342102,0.9322033898305084,0.8951612903225806,0.8951612903225806,0.972775669407548,0.9322033898305084
104,0.008853585498741453,0.5792349576950073,0.8983050847457628,0.8678728070175438,0.8618279569892473,0.9711473009385724,0.8990020071364853
105,0.008827266137589043,0.5771243572235107,0.8983050847457628,0.8677419354838709,0.8677419354838709,0.971864494350263,0.8983050847457628
106,0.008800688605313658,0.553386390209198,0.8983050847457628,0.8834528933524629,0.8986559139784945,0.9624935416681147,0.8987257738978188
107,0.008773854718454323,0.5536397099494934,0.9152542372881356,0.8971873995499839,0.9094086021505375,0.9645548790235697,0.9160551133484791
108,0.008746766311071562,0.5544979572296143,0.9152542372881356,0.8971873995499839,0.9094086021505375,0.9699443714623981,0.9160551133484791
109,0.008719425234622036,0.6008314490318298,0.9152542372881356,0.8971873995499839,0.9094086021505375,0.9772427498708334,0.9160551133484791
110,0.008691833357832001,0.6119241714477539,0.9152542372881356,0.8971873995499839,0.9094086021505375,0.9760906761381145,0.9160551133484791
111,0.008663992566569587,0.5666893720626831,0.9322033898305084,0.9108241670652001,0.9260752688172044,0.969562258319374,0.9327756567695288
112,0.00863590476371589,0.5986014008522034,0.9322033898305084,0.9108241670652001,0.9260752688172044,0.9634122466190777,0.9327756567695288
113,0.008607571869034929,0.587477445602417,0.9322033898305084,0.9111240856971407,0.9201612903225805,0.9745979036776001,0.9334816064626633
114,0.008578995819042416,0.5476781725883484,0.9152542372881356,0.881214180994269,0.8844086021505376,0.9784437679124586,0.9147662968710821
115,0.00855017856687341,0.5802804231643677,0.8983050847457628,0.8674603174603175,0.8736559139784946,0.9780597433348857,0.8974172719935433
116,0.00852112208214882,0.6593433618545532,0.8983050847457628,0.8674603174603175,0.8736559139784946,0.978492712221365,0.8974172719935433
117,0.008491828350840775,0.6653594374656677,0.8983050847457628,0.8677419354838709,0.8677419354838709,0.974132845859601,0.8983050847457628
118,0.0084622993751369,0.5777144432067871,0.864406779661017,0.8399122807017544,0.8344086021505377,0.96803739692734,0.8647413024085637
119,0.008432537173303462,0.5536813735961914,0.8983050847457628,0.8828994435612083,0.8868279569892473,0.9647862784485176,0.8993281978389157
120,0.00840254377954742,0.6598113775253296,0.8813559322033898,0.8682419976537624,0.8701612903225806,0.9668419973448437,0.8818229073463371
121,0.008372321243877393,0.6424037218093872,0.9152542372881356,0.9062372812372813,0.9034946236559139,0.9696168210874093,0.9152749322240847
122,0.00834187163196355,0.5645137429237366,0.9152542372881356,0.9062372812372813,0.9034946236559139,0.9655864165351832,0.9152749322240847
123,0.008311197024996417,0.536142110824585,0.8983050847457628,0.8834528933524629,0.8986559139784945,0.9607390185189045,0.8987257738978188
124,0.008280299519544634,0.6268861293792725,0.8983050847457628,0.8834528933524629,0.8986559139784945,0.9492954915630438,0.8987257738978188
125,0.008249181227411657,0.5975037813186646,0.8983050847457628,0.8834528933524629,0.8986559139784945,0.9485218239487688,0.8987257738978188
126,0.008217844275491416,0.5654736757278442,0.9152542372881356,0.8971873995499839,0.9094086021505375,0.9540450009615095,0.9160551133484791
127,0.008186290805622951,0.5474656224250793,0.8983050847457628,0.8490918803418803,0.8368279569892473,0.9641219101370905,0.8968519122120816
128,0.008154522974444009,0.5488798022270203,0.9322033898305084,0.9111240856971407,0.9201612903225805,0.9475109646836403,0.9334816064626633
129,0.008122542953243656,0.5589898824691772,0.9152542372881356,0.897177584484086,0.9034946236559139,0.9570287502925074,0.9165302755059799
130,0.008090352927813856,0.5837787985801697,0.9322033898305084,0.9111240856971407,0.9201612903225805,0.95501073878683,0.9334816064626633
131,0.008057955098300092,0.5618546009063721,0.9322033898305084,0.9108241670652001,0.9260752688172044,0.9674463581958839,0.9327756567695288
132,0.008025351679050973,0.5602643489837646,0.9322033898305084,0.9108241670652001,0.9260752688172044,0.959805369625104,0.9327756567695288
133,0.0079925448984669,0.5742514133453369,0.9152542372881356,0.881214180994269,0.8844086021505376,0.9536924860928656,0.9147662968710821
134,0.007959536998847744,0.5662369728088379,0.9152542372881356,0.881214180994269,0.8844086021505376,0.950906425432042,0.9147662968710821
135,0.007926330236239594,0.6078717708587646,0.864406779661017,0.8215811965811967,0.8094086021505377,0.9570249274234094,0.8630486744893525
136,0.00789292688028057,0.5520831346511841,0.847457627118644,0.8076473234367971,0.7927419354838711,0.9629565142847877,0.8463688556462865
137,0.00785932921404568,0.5555074214935303,0.8305084745762712,0.7933387933387933,0.7760752688172042,0.9658348451042947,0.8293840836213717
138,0.007825539533890782,0.5633664727210999,0.847457627118644,0.8076473234367971,0.7927419354838711,0.9686209057651182,0.8463688556462865
139,0.007791560149295626,0.5456487536430359,0.847457627118644,0.8076473234367971,0.7927419354838711,0.9690105488018202,0.8463688556462865
140,0.007757393382706014,0.5469405651092529,0.847457627118644,0.8076473234367971,0.7927419354838711,0.9689993118835624,0.8463688556462865
141,0.00772304156937506,0.5451557636260986,0.864406779661017,0.8215811965811967,0.8094086021505377,0.9693889549202641,0.8630486744893525
142,0.00768850705720357,0.5403409004211426,0.864406779661017,0.8214878922982778,0.8153225806451613,0.9635796419477632,0.8622020118506271
143,0.00765379220657958,0.5502922534942627,0.864406779661017,0.8214878922982778,0.8153225806451613,0.9689070417248785,0.8622020118506271
144,0.007618899390217016,0.5310115218162537,0.847457627118644,0.8014294282287086,0.8045698924731183,0.9619023291698813,0.8468273707466166
145,0.007583830992993526,0.5894984006881714,0.847457627118644,0.8079365079365078,0.7986559139784947,0.9684363654477507,0.8458434221146084
146,0.007548589411787477,0.5400503277778625,0.8305084745762712,0.7940705128205128,0.7819892473118281,0.962681615243285,0.8292454367666233
147,0.007513177055314133,0.5692415237426758,0.8305084745762712,0.7940705128205128,0.7819892473118281,0.9631635284386708,0.8292454367666233
148,0.0074775963439610155,0.5561237931251526,0.864406779661017,0.8214878922982778,0.8153225806451613,0.9608104366643268,0.8622020118506271
149,0.007441849709622487,0.5220069885253906,0.864406779661017,0.8214878922982778,0.8153225806451613,0.9548741001777055,0.8622020118506271
150,0.007405939595533515,0.5226067900657654,0.847457627118644,0.8079365079365078,0.7986559139784947,0.9538867573497555,0.8458434221146084
151,0.007369868456102699,0.5333812236785889,0.847457627118644,0.8079365079365078,0.7986559139784947,0.9396138438832935,0.8458434221146084
152,0.0073336387567445056,0.5508228540420532,0.8305084745762712,0.7940705128205128,0.7819892473118281,0.942015879966544,0.8292454367666233
153,0.007297252973710758,0.5411580801010132,0.8305084745762712,0.7940705128205128,0.7819892473118281,0.9455699897825135,0.8292454367666233
154,0.007260713593921394,0.5865824222564697,0.8305084745762712,0.7940705128205128,0.7819892473118281,0.9407883914525281,0.8292454367666233
155,0.007224023114794484,0.5450054407119751,0.8305084745762712,0.8129032258064517,0.8129032258064517,0.955590250988733,0.8305084745762712
156,0.00718718404407554,0.5244771242141724,0.847457627118644,0.8263125763125764,0.8236559139784947,0.9496774309392905,0.8475817967343391
157,0.0071501988996661115,0.5313355326652527,0.847457627118644,0.8263125763125764,0.8236559139784947,0.9378498794058566,0.8475817967343391
158,0.007113070209451689,0.5248239636421204,0.864406779661017,0.8403225806451613,0.8403225806451613,0.9353932805545707,0.864406779661017
159,0.007075800511128927,0.5297709107398987,0.864406779661017,0.8403225806451613,0.8403225806451613,0.9460198140463795,0.864406779661017
160,0.0070383923520322,0.5261167287826538,0.864406779661017,0.8403225806451613,0.8403225806451613,0.9611944612418996,0.864406779661017
161,0.007000848288959491,0.5260799527168274,0.864406779661017,0.8554306751650205,0.8653225806451613,0.9538490499591069,0.8648158089833065
162,0.006963170887997639,0.5188990235328674,0.864406779661017,0.8554306751650205,0.8653225806451613,0.9501970515253247,0.8648158089833065
163,0.006925362724346952,0.5592555999755859,0.8813559322033898,0.8695917711346834,0.8819892473118279,0.9441053096176436,0.8818789533040223
164,0.006887426382145193,0.5251116752624512,0.8983050847457628,0.8834528933524629,0.8986559139784945,0.9448789772319185,0.8987257738978188
165,0.006849364454290958,0.5362939238548279,0.8983050847457628,0.8834528933524629,0.8986559139784945,0.9457336780866193,0.8987257738978188
166,0.006811179542266458,0.5275449156761169,0.8983050847457628,0.8834528933524629,0.8986559139784945,0.9426237740753871,0.8987257738978188
167,0.006772874255959703,0.5220455527305603,0.8813559322033898,0.8695917711346834,0.8819892473118279,0.9467143598547775,0.8818789533040223
168,0.006734451213486133,0.5605251789093018,0.8813559322033898,0.8695917711346834,0.8819892473118279,0.9480076480550864,0.8818789533040223
169,0.006695913041009662,0.5286428332328796,0.847457627118644,0.8194471231115398,0.8295698924731183,0.9441128395113215,0.8486998022326463
170,0.006657262372563185,0.5207487344741821,0.864406779661017,0.8481481481481481,0.8712365591397849,0.9418953437454386,0.8659133709981167
171,0.006618501849868548,0.559577465057373,0.8813559322033898,0.8539886039886039,0.8510752688172043,0.9419218142178294,0.8816456613066782
172,0.006579634122155991,0.5499073266983032,0.8813559322033898,0.8539886039886039,0.8510752688172043,0.9547414582044563,0.8816456613066782
173,0.006540661845983073,0.5205913782119751,0.8813559322033898,0.8539886039886039,0.8510752688172043,0.962005836246823,0.8816456613066782
174,0.0065015876850531016,0.5341200232505798,0.8983050847457628,0.8678728070175438,0.8618279569892473,0.9369349973239917,0.8990020071364853
175,0.006462414310033072,0.5503989458084106,0.8983050847457628,0.8678728070175438,0.8618279569892473,0.9302616580130811,0.8990020071364853
176,0.0064231443983711325,0.5487087965011597,0.8983050847457628,0.8678728070175438,0.8618279569892473,0.9373530222676333,0.8990020071364853
177,0.006383780634113578,0.5320899486541748,0.8983050847457628,0.8678728070175438,0.8618279569892473,0.9275001563900994,0.8990020071364853
178,0.006344325707721409,0.5554255247116089,0.8983050847457628,0.8678728070175438,0.8618279569892473,0.9259565281861297,0.8990020071364853
179,0.006304782315886434,0.5417450666427612,0.8983050847457628,0.8678728070175438,0.8618279569892473,0.9367148348173017,0.8990020071364853
180,0.0062651531613469565,0.5553988218307495,0.8983050847457628,0.8678728070175438,0.8618279569892473,0.9395121323963829,0.8990020071364853
181,0.00622544095270305,0.5551117062568665,0.8983050847457628,0.8678728070175438,0.8618279569892473,0.9474902864371555,0.8990020071364853
182,0.006185648404231421,0.5280840992927551,0.9322033898305084,0.8951612903225806,0.8951612903225806,0.9490753290563537,0.9322033898305084
183,0.0061457782356999025,0.5410122275352478,0.9152542372881356,0.8746383799421409,0.8844086021505376,0.9320728291316526,0.91705212232156
184,0.006105833172181549,0.5259503126144409,0.8813559322033898,0.8465397458418394,0.8629032258064516,0.929294298364507,0.8816391825331109
185,0.006065815943868391,0.5185796618461609,0.8813559322033898,0.8465397458418394,0.8629032258064516,0.9380175643458376,0.8816391825331109
186,0.006025729285884828,0.531327486038208,0.864406779661017,0.8333090059845278,0.8403225806451613,0.9334582137238684,0.8662474116113199
187,0.005985575938100685,0.5458913445472717,0.8813559322033898,0.8465397458418394,0.8629032258064516,0.936914434922025,0.8816391825331109
188,0.005945358644943944,0.5370234847068787,0.8983050847457628,0.8755701514322204,0.9045698924731184,0.9416093815524555,0.8993719443748666
189,0.005905080155213171,0.5164401531219482,0.8983050847457628,0.8755701514322204,0.9045698924731184,0.9444331496039275,0.8993719443748666
190,0.005864743221889634,0.5211611986160278,0.8983050847457628,0.8755701514322204,0.9045698924731184,0.9431831872533959,0.8993719443748666
191,0.005824350601949144,0.5214394330978394,0.9152542372881356,0.8900565130073327,0.9094086021505375,0.9472681545736573,0.9181087814041411
192,0.0057839050561736185,0.5398728847503662,0.8983050847457628,0.8761240017606741,0.8927419354838709,0.9562607011373615,0.9011795024283873
193,0.005743409348962387,0.5291957259178162,0.8983050847457628,0.8761240017606741,0.8927419354838709,0.9534481700041472,0.9011795024283873
194,0.005702866248143243,0.5448505878448486,0.8983050847457628,0.8759259259259259,0.8986559139784945,0.9444423013208593,0.900376647834275
195,0.005662278524783272,0.5203191637992859,0.8813559322033898,0.8619876594246169,0.8879032258064515,0.9449073591388583,0.8827261268878129
196,0.005621648952999453,0.5331416726112366,0.8813559322033898,0.8617344394578176,0.8938172043010754,0.9461894104209095,0.8816924718839538
197,0.005580980309769044,0.5148987174034119,0.8813559322033898,0.8617344394578176,0.8938172043010754,0.9474337543123122,0.8816924718839538
198,0.005540275374739791,0.5730177164077759,0.8813559322033898,0.8617344394578176,0.8938172043010754,0.9474337543123122,0.8816924718839538
199,0.0054995369300399315,0.5382786393165588,0.8813559322033898,0.8617344394578176,0.8938172043010754,0.9464980202171853,0.8816924718839538
200,0.005458767760088046,0.5284338593482971,0.8813559322033898,0.8538628301143082,0.8629032258064516,0.9384425399605666,0.8801133061202675
201,0.0054179706514027445,0.5286489725112915,0.9152542372881356,0.8902116402116401,0.8784946236559139,0.9521642072875469,0.9142319074522464
202,0.005377148392412213,0.5185428261756897,0.9152542372881356,0.8902116402116401,0.8784946236559139,0.945155961474747,0.9142319074522464
203,0.005336303773263628,0.5871742963790894,0.9152542372881356,0.8902116402116401,0.8784946236559139,0.9399301573400245,0.9142319074522464
204,0.005295439585632452,0.5563037991523743,0.8813559322033898,0.8540250566440091,0.8569892473118279,0.9246194507579707,0.8810035307910735
205,0.005254558622531626,0.5543612241744995,0.8983050847457628,0.8674603174603175,0.8736559139784946,0.9189946781028375,0.8974172719935433
206,0.005213663678120677,0.5230170488357544,0.8813559322033898,0.8538628301143082,0.8629032258064516,0.9204275589474831,0.8801133061202675
207,0.005172757547514729,0.5155596137046814,0.847457627118644,0.8269980506822612,0.8413978494623656,0.93516761543327,0.8454752700961442
208,0.0051318430265934745,0.5102629661560059,0.847457627118644,0.8269980506822612,0.8413978494623656,0.9282965874521851,0.8454752700961442
209,0.005090922911810069,0.5107863545417786,0.847457627118644,0.8269980506822612,0.8413978494623656,0.9232381786461482,0.8454752700961442
210,0.005050000000000001,0.5428252816200256,0.864406779661017,0.8403866248693834,0.8521505376344086,0.9172427035330261,0.862812815472079
211,0.005009077088189933,0.5150045156478882,0.864406779661017,0.8403866248693834,0.8521505376344086,0.9131087919038583,0.862812815472079
212,0.004968156973406526,0.5247138738632202,0.864406779661017,0.821188630490956,0.821236559139785,0.9207968133489954,0.8610957824201814
213,0.0049272424524852716,0.5110518932342529,0.8813559322033898,0.8347645068956545,0.831989247311828,0.9139257853679106,0.8783656835893567
214,0.004886336321879326,0.5148051381111145,0.8813559322033898,0.8347645068956545,0.831989247311828,0.9077738622330654,0.8783656835893567
215,0.004845441377468376,0.532735288143158,0.8135593220338984,0.7619047619047619,0.788978494623656,0.9059026836541069,0.8182320207297905
216,0.004804560414367551,0.5597845315933228,0.8305084745762712,0.7785075716110198,0.799731182795699,0.9243075973151874,0.8330039984043491
217,0.004763696226736375,0.5413737893104553,0.8305084745762712,0.7827992985812212,0.7938172043010753,0.943488090025092,0.831793238171664
218,0.0047228516075877875,0.5372430086135864,0.8305084745762712,0.7876984126984127,0.7938172043010753,0.9513699772713057,0.8292978208232445
219,0.004682029348597257,0.5137084126472473,0.847457627118644,0.8079625292740046,0.8045698924731183,0.942326401197369,0.8449966260469177
220,0.004641232239911956,0.5153709650039673,0.847457627118644,0.8079625292740046,0.8045698924731183,0.9314923901736046,0.8449966260469177
221,0.00460046306996007,0.546848475933075,0.847457627118644,0.8079625292740046,0.8045698924731183,0.9407145984944846,0.8449966260469177
222,0.00455972462526021,0.5314992666244507,0.847457627118644,0.8079625292740046,0.8045698924731183,0.9410986230720576,0.8449966260469177
223,0.0045190196902309574,0.519578218460083,0.847457627118644,0.8079625292740046,0.8045698924731183,0.9554054210600701,0.8449966260469177
224,0.00447835104700055,0.5219413042068481,0.864406779661017,0.8214878922982778,0.8153225806451613,0.958910586567133,0.8622020118506271
225,0.004437721475216731,0.5311347246170044,0.864406779661017,0.8214878922982778,0.8153225806451613,0.955027014941626,0.8622020118506271
226,0.00439713375185676,0.5193325281143188,0.864406779661017,0.8214878922982778,0.8153225806451613,0.9539672113675909,0.8622020118506271
227,0.004356590651037616,0.52540123462677,0.864406779661017,0.8214878922982778,0.8153225806451613,0.9571469117009913,0.8622020118506271
228,0.004316094943826382,0.5354331135749817,0.847457627118644,0.8077384009587399,0.810483870967742,0.948051147671641,0.8438362365394827
229,0.0042756493980508565,0.5203513503074646,0.847457627118644,0.8077384009587399,0.810483870967742,0.9372005708817852,0.8438362365394827
230,0.0042352567781103675,0.5128045082092285,0.8135593220338984,0.7561933319054758,0.7580645161290324,0.9391584011602987,0.8070831412380977
231,0.004194919844786831,0.5484810471534729,0.8305084745762712,0.7692583624787014,0.7688172043010754,0.9383037003055978,0.8240744540658358
232,0.004154641355056057,0.5638526678085327,0.847457627118644,0.7823953823953823,0.7795698924731184,0.9294216114899227,0.8410154816934478
233,0.004114424061899316,0.5137969255447388,0.847457627118644,0.7823860727086535,0.7736559139784945,0.9293336275784093,0.8418079096045198
234,0.004074270714115174,0.5347915291786194,0.864406779661017,0.799194957089694,0.7784946236559139,0.9426013002388713,0.8603596819475499
235,0.004034184056131611,0.5416007041931152,0.864406779661017,0.799194957089694,0.7784946236559139,0.9459503073355066,0.8603596819475499
236,0.003994166827818454,0.5434107184410095,0.8813559322033898,0.8126984126984126,0.7951612903225805,0.942371725365084,0.8766126528838394
237,0.003954221764300101,0.5271475315093994,0.864406779661017,0.7988095238095237,0.7844086021505375,0.9356720024651713,0.8592615012106537
238,0.003914351595768582,0.5278530120849609,0.8135593220338984,0.7582738776028902,0.7521505376344085,0.9104581534847189,0.8077234447737882
239,0.0038745590472969507,0.5370659828186035,0.847457627118644,0.8079625292740046,0.8045698924731183,0.9234660448132933,0.8449966260469177
240,0.0038348468386530444,0.5249313116073608,0.864406779661017,0.8214878922982778,0.8153225806451613,0.9359995528401601,0.8622020118506271
241,0.0037952176841135675,0.5214208364486694,0.8813559322033898,0.8351851851851851,0.8260752688172043,0.938444914773188,0.879472693032015
242,0.0037556742922785925,0.5207334756851196,0.8813559322033898,0.8351851851851851,0.8260752688172043,0.9494610913016985,0.879472693032015
243,0.003716219365886423,0.5163163542747498,0.847457627118644,0.8076473234367971,0.7927419354838711,0.9494610913016984,0.8463688556462865
244,0.0036768556016288706,0.5287978649139404,0.847457627118644,0.8076473234367971,0.7927419354838711,0.9498017900294942,0.8463688556462865
245,0.00363758568996693,0.5166230201721191,0.847457627118644,0.8076473234367971,0.7927419354838711,0.949801790029494,0.8463688556462865
246,0.0035984123149469,0.5288151502609253,0.847457627118644,0.8076473234367971,0.7927419354838711,0.9505754576437688,0.8463688556462865
247,0.003559338154016929,0.5117520689964294,0.847457627118644,0.8076473234367971,0.7927419354838711,0.9493744396021436,0.8463688556462865
248,0.003520365877844012,0.5285912752151489,0.864406779661017,0.8399122807017544,0.8344086021505377,0.9522038261127447,0.8647413024085637
249,0.0034814981501314545,0.5134903192520142,0.864406779661017,0.8399122807017544,0.8344086021505377,0.9497584641797167,0.8647413024085637
250,0.0034427376274368173,0.5243417024612427,0.864406779661017,0.8399122807017544,0.8344086021505377,0.9505754576437688,0.8647413024085637
251,0.003404086958990339,0.5169659852981567,0.864406779661017,0.8399122807017544,0.8344086021505377,0.9513924511078211,0.8647413024085637
252,0.003365548786513867,0.5098198652267456,0.864406779661017,0.8399122807017544,0.8344086021505377,0.9513924511078212,0.8647413024085637
253,0.003327125744040297,0.5116283297538757,0.864406779661017,0.8399122807017544,0.8344086021505377,0.9465394346324137,0.8647413024085637
254,0.0032888204577335442,0.5134189128875732,0.864406779661017,0.8399122807017544,0.8344086021505377,0.9420327353439308,0.8647413024085637
255,0.0032506355457090426,0.5162999629974365,0.864406779661017,0.8399122807017544,0.8344086021505377,0.9391977303742008,0.8647413024085637
256,0.0032125736178548075,0.5132261514663696,0.864406779661017,0.8399122807017544,0.8344086021505377,0.9375637434460963,0.8647413024085637
257,0.0031746372756530482,0.5107365846633911,0.864406779661017,0.8399122807017544,0.8344086021505377,0.9359297565179917,0.8647413024085637
258,0.0031368291120023616,0.5247673988342285,0.847457627118644,0.8076473234367971,0.7927419354838711,0.9363137810955647,0.8463688556462865
259,0.0030991517110405113,0.509739875793457,0.847457627118644,0.8076473234367971,0.7927419354838711,0.9366978056731377,0.8463688556462865
260,0.0030616076479678023,0.536885678768158,0.847457627118644,0.8076473234367971,0.7927419354838711,0.9366978056731377,0.8463688556462865
261,0.0030241994888710747,0.5111445188522339,0.847457627118644,0.8076473234367971,0.7927419354838711,0.9425448260362871,0.8463688556462865
262,0.0029869297905483136,0.5104621648788452,0.864406779661017,0.8215811965811967,0.8094086021505377,0.944464948924152,0.8630486744893525
263,0.00294980110033389,0.5300071239471436,0.864406779661017,0.8215811965811967,0.8094086021505377,0.943691281309877,0.8630486744893525
264,0.0029128159559244607,0.5144004225730896,0.864406779661017,0.8215811965811967,0.8094086021505377,0.9424902632682519,0.8630486744893525
265,0.0028759768852055175,0.5195088386535645,0.864406779661017,0.8215811965811967,0.8094086021505377,0.9425881518860647,0.8630486744893525
266,0.002839286406078608,0.5092613697052002,0.8813559322033898,0.8539886039886039,0.8510752688172043,0.9456678784003262,0.8816456613066782
267,0.0028027470262892437,0.5126332640647888,0.864406779661017,0.8333090059845278,0.8403225806451613,0.9514301584984697,0.8662474116113199
268,0.002766361243255496,0.5107033252716064,0.864406779661017,0.8333090059845278,0.8403225806451613,0.9498451158792717,0.8662474116113199
269,0.002730131543897301,0.5103421211242676,0.864406779661017,0.8333090059845278,0.8403225806451613,0.9548863796966264,0.8662474116113199
270,0.0026940604044664858,0.5217915773391724,0.8813559322033898,0.8473798876275657,0.8510752688172043,0.9592029202086128,0.8838980135616541
271,0.002658150290377515,0.5311279296875,0.8813559322033898,0.8473798876275657,0.8510752688172043,0.9548807612374975,0.8838980135616541
272,0.0026224036560389846,0.5204074382781982,0.8813559322033898,0.8537422037422037,0.8451612903225807,0.9560328349702164,0.8820324888121499
273,0.0025868229446858685,0.5087569952011108,0.8813559322033898,0.8537422037422037,0.8451612903225807,0.9514715729136981,0.8820324888121499
274,0.0025514105882125234,0.5083862543106079,0.8813559322033898,0.8537422037422037,0.8451612903225807,0.9486421864030973,0.8820324888121499
275,0.002516169007006475,0.5081157088279724,0.864406779661017,0.8214578214578214,0.8034946236559141,0.9453365051562396,0.8636294229514567
276,0.0024811006097829845,0.528010368347168,0.864406779661017,0.8214578214578214,0.8034946236559141,0.9415376737957383,0.8636294229514567
277,0.002446207793420422,0.5199168920516968,0.864406779661017,0.8214578214578214,0.8034946236559141,0.9370253560481264,0.8636294229514567
278,0.002411492942796432,0.5093948841094971,0.8813559322033898,0.8537422037422037,0.8451612903225807,0.9354403134289283,0.8820324888121499
279,0.0023769584306249435,0.5081120729446411,0.864406779661017,0.8399122807017544,0.8344086021505377,0.9366902757794598,0.8647413024085637
280,0.0023426066172939877,0.5101010799407959,0.847457627118644,0.8263125763125764,0.8236559139784947,0.9339042151186363,0.8475817967343391
281,0.002308439850704377,0.509698212146759,0.847457627118644,0.8419961427193828,0.8545698924731183,0.9176826230905927,0.8477027932595655
282,0.002274460466109219,0.5108569860458374,0.847457627118644,0.8419961427193828,0.8545698924731183,0.9204256475129341,0.8477027932595655
283,0.0022406707859543205,0.5093007683753967,0.847457627118644,0.8419961427193828,0.8545698924731183,0.9220596344410387,0.8477027932595655
284,0.002207073119719429,0.5179503560066223,0.847457627118644,0.8419961427193828,0.8545698924731183,0.9220596344410387,0.8477027932595655
285,0.0021736697637604056,0.5167126655578613,0.847457627118644,0.8419961427193828,0.8545698924731183,0.9216756098634656,0.8477027932595655
286,0.0021404630011522584,0.5171387791633606,0.847457627118644,0.8419961427193828,0.8545698924731183,0.9116189734785559,0.8477027932595655
287,0.0021074551015331003,0.5094012022018433,0.847457627118644,0.8419961427193828,0.8545698924731183,0.9234545182837403,0.8477027932595655
288,0.0020746483209490257,0.5193781852722168,0.864406779661017,0.8554306751650205,0.8653225806451613,0.9262726678760833,0.8648158089833065
289,0.002042044901699908,0.5180469155311584,0.8983050847457628,0.8828994435612083,0.8868279569892473,0.9245897366390725,0.8993281978389157
290,0.0020096470721861445,0.5118184089660645,0.8983050847457628,0.8828994435612083,0.8868279569892473,0.9238216874839266,0.8993281978389157
291,0.0019774570467563477,0.5102025866508484,0.8983050847457628,0.8828994435612083,0.8868279569892473,0.9258886432985104,0.8993281978389157
292,0.001945477025555992,0.5254113674163818,0.8983050847457628,0.8828994435612083,0.8868279569892473,0.9357415091760443,0.8993281978389157
293,0.0019137091943770502,0.524810254573822,0.8983050847457628,0.8828994435612083,0.8868279569892473,0.9333884174017002,0.8993281978389157
294,0.0018821557245085828,0.5107163190841675,0.8983050847457628,0.8828994435612083,0.8868279569892473,0.9345894354433253,0.8993281978389157
295,0.0018508187725883422,0.5078963041305542,0.8983050847457628,0.8828994435612083,0.8868279569892473,0.9354064289073777,0.8993281978389157
296,0.0018197004804553652,0.5084632635116577,0.8813559322033898,0.8537422037422037,0.8451612903225807,0.93622342237143,0.8820324888121499
297,0.0017888029750035847,0.533071756362915,0.8813559322033898,0.8537422037422037,0.8451612903225807,0.9373754961041488,0.8820324888121499
298,0.0017581283680364525,0.5083999037742615,0.8813559322033898,0.8537422037422037,0.8451612903225807,0.9402105010738787,0.8820324888121499
299,0.0017276787561226095,0.5189509391784668,0.8813559322033898,0.8537422037422037,0.8451612903225807,0.9385444252142544,0.8820324888121499
300,0.0016974562204525828,0.5099133253097534,0.864406779661017,0.8399122807017544,0.8344086021505377,0.9385444252142544,0.8647413024085637
301,0.0016674628266965387,0.5157604217529297,0.864406779661017,0.8399122807017544,0.8344086021505377,0.940178412142359,0.8647413024085637
302,0.0016377006248631,0.5096160173416138,0.864406779661017,0.8399122807017544,0.8344086021505377,0.9417634547615572,0.8647413024085637
303,0.001608171649159226,0.5077982544898987,0.864406779661017,0.8399122807017544,0.8344086021505377,0.9339775446986073,0.8647413024085637
304,0.0015788779178511816,0.5195756554603577,0.847457627118644,0.8263125763125764,0.8236559139784947,0.9294596084918666,0.8475817967343391
305,0.0015498214331265902,0.5073601007461548,0.847457627118644,0.8263125763125764,0.8236559139784947,0.9294539900327378,0.8475817967343391
306,0.001521004180957585,0.5080342292785645,0.847457627118644,0.8263125763125764,0.8236559139784947,0.9306927154650116,0.8475817967343391
307,0.001492428130965072,0.5071144104003906,0.847457627118644,0.8263125763125764,0.8236559139784947,0.9306437711561051,0.8475817967343391
308,0.0014640952362841098,0.5073556900024414,0.847457627118644,0.8263125763125764,0.8236559139784947,0.9306437711561051,0.8475817967343391
309,0.0014360074334304135,0.5076590180397034,0.847457627118644,0.8263125763125764,0.8236559139784947,0.9306437711561051,0.8475817967343391
310,0.0014081666421679989,0.5072946548461914,0.847457627118644,0.8263125763125764,0.8236559139784947,0.9302597465785322,0.8475817967343391
311,0.0013805747653779662,0.5092021226882935,0.847457627118644,0.8263125763125764,0.8236559139784947,0.9287236482682403,0.8475817967343391
312,0.00135323368892844,0.5126579999923706,0.847457627118644,0.8263125763125764,0.8236559139784947,0.9283396236906674,0.8475817967343391
313,0.001326145281545679,0.5079331398010254,0.847457627118644,0.8263125763125764,0.8236559139784947,0.9279555991130944,0.8475817967343391
314,0.0012993113946863431,0.5074594616889954,0.847457627118644,0.8263125763125764,0.8236559139784947,0.9283396236906674,0.8475817967343391
315,0.0012727338624109576,0.5072737336158752,0.847457627118644,0.8263125763125764,0.8236559139784947,0.9271008982583936,0.8475817967343391
316,0.0012464145012585474,0.5140841007232666,0.8305084745762712,0.7940705128205128,0.7819892473118281,0.9306060637654565,0.8292454367666233
317,0.0012203551101224882,0.5100442171096802,0.8135593220338984,0.7806878306878305,0.7712365591397851,0.931801463347953,0.812214151197202
318,0.001194557470127544,0.5113495588302612,0.8305084745762712,0.7944750415246088,0.7879032258064517,0.9337215862358178,0.8287171007303292
319,0.001169023344508143,0.5077377557754517,0.8305084745762712,0.7944750415246088,0.7879032258064517,0.9344896353909636,0.8287171007303292
320,0.0011437544784878525,0.5076966285705566,0.847457627118644,0.8079625292740046,0.8045698924731183,0.93568503497346,0.8449966260469177
321,0.0011187525991600985,0.5074663162231445,0.847457627118644,0.8079625292740046,0.8045698924731183,0.9353010103958871,0.8449966260469177
322,0.001094019415370123,0.5087704658508301,0.864406779661017,0.821188630490956,0.821236559139785,0.9345329612407411,0.8610957824201814
323,0.0010695566175981828,0.507428765296936,0.847457627118644,0.8077384009587399,0.810483870967742,0.9341489366631682,0.8438362365394827
324,0.0010453658778440107,0.5090831518173218,0.864406779661017,0.821188630490956,0.821236559139785,0.9369670862555113,0.8610957824201814
325,0.0010214488495125353,0.5182017683982849,0.847457627118644,0.8079365079365078,0.7986559139784947,0.9383111722770167,0.8458434221146084
326,0.0009978071673008729,0.5105345249176025,0.864406779661017,0.8215811965811967,0.8094086021505377,0.9389361534522824,0.8630486744893525
327,0.0009744424470865977,0.5225949883460999,0.864406779661017,0.8215811965811967,0.8094086021505377,0.9381247784473591,0.8630486744893525
328,0.0009513562858173009,0.5129824876785278,0.847457627118644,0.8076473234367971,0.7927419354838711,0.9385521288747095,0.8463688556462865
329,0.0009285502614014378,0.5072026252746582,0.847457627118644,0.8076473234367971,0.7927419354838711,0.9393747407978909,0.8463688556462865
330,0.0009060259326004838,0.506877601146698,0.864406779661017,0.8215811965811967,0.8094086021505377,0.9427293663536548,0.8630486744893525
331,0.000883784838922391,0.5112245678901672,0.8813559322033898,0.8354475933423302,0.8201612903225807,0.9443633532817594,0.8803769528122785
332,0.0008618285005163704,0.5094267129898071,0.8813559322033898,0.8354475933423302,0.8201612903225807,0.9472473025603955,0.8803769528122785
333,0.0008401584180689843,0.5077614784240723,0.8813559322033898,0.8354475933423302,0.8201612903225807,0.9484483206020208,0.8803769528122785
334,0.000818776072701583,0.506859302520752,0.8813559322033898,0.8354475933423302,0.8201612903225807,0.9468576595236936,0.8803769528122785
335,0.0007976829258690679,0.5070755481719971,0.8813559322033898,0.8354475933423302,0.8201612903225807,0.9456076971731621,0.8803769528122785
336,0.0007768804192600093,0.5153276920318604,0.8813559322033898,0.8354475933423302,0.8201612903225807,0.9420046430482863,0.8803769528122785
337,0.0007563699746980984,0.513525664806366,0.8813559322033898,0.8354475933423302,0.8201612903225807,0.9428593439029872,0.8803769528122785
338,0.0007361529940449782,0.5061265230178833,0.8813559322033898,0.8354475933423302,0.8201612903225807,0.9403594192019239,0.8803769528122785
339,0.0007162308591044182,0.512129545211792,0.8813559322033898,0.8354475933423302,0.8201612903225807,0.9371403896546212,0.8803769528122785
340,0.0006966049315278798,0.5243152379989624,0.8813559322033898,0.8354475933423302,0.8201612903225807,0.9363233961905687,0.8803769528122785
341,0.0006772765527214417,0.5081455707550049,0.8813559322033898,0.8354475933423302,0.8201612903225807,0.9367074207681417,0.8803769528122785
342,0.0006582470437541217,0.5126256942749023,0.8813559322033898,0.8354475933423302,0.8201612903225807,0.9347383535713707,0.8803769528122785
343,0.0006395177052675795,0.5155848860740662,0.8813559322033898,0.8354475933423302,0.8201612903225807,0.9391056919045534,0.8803769528122785
344,0.0006210898173872209,0.509221076965332,0.8813559322033898,0.8354475933423302,0.8201612903225807,0.9396817287709128,0.8803769528122785
345,0.0006029646396347048,0.5072646141052246,0.8813559322033898,0.8354475933423302,0.8201612903225807,0.9424188451228299,0.8803769528122785
346,0.000585143410841854,0.5067684054374695,0.8813559322033898,0.8354475933423302,0.8201612903225807,0.9456378746701327,0.8803769528122785
347,0.0005676273490659822,0.5081949830055237,0.8813559322033898,0.8354475933423302,0.8201612903225807,0.9472229172893311,0.8803769528122785
348,0.0005504176515066467,0.5063086748123169,0.8813559322033898,0.8354475933423302,0.8201612903225807,0.9472229172893308,0.8803769528122785
349,0.0005335154944238117,0.5068369507789612,0.8813559322033898,0.8354475933423302,0.8201612903225807,0.946987579150767,0.8803769528122785
350,0.0005169220330574664,0.5062255859375,0.8813559322033898,0.8354475933423302,0.8201612903225807,0.9467955668619806,0.8803769528122785
351,0.0005006384015486492,0.5164272785186768,0.8813559322033898,0.8354475933423302,0.8201612903225807,0.9467955668619806,0.8803769528122785
352,0.00048466571286194553,0.5080428123474121,0.8813559322033898,0.8354475933423302,0.8201612903225807,0.9467955668619806,0.8803769528122785
353,0.00046900505870941026,0.5070255398750305,0.8813559322033898,0.8354475933423302,0.8201612903225807,0.9467955668619806,0.8803769528122785
354,0.00045365750947594944,0.5081232190132141,0.8813559322033898,0.8354475933423302,0.8201612903225807,0.9459785733979281,0.8803769528122785
355,0.00043862411414616955,0.5133294463157654,0.8813559322033898,0.8354475933423302,0.8201612903225807,0.9459785733979281,0.8803769528122785
356,0.0004239059002326682,0.5101795792579651,0.8813559322033898,0.8354475933423302,0.8201612903225807,0.9459785733979281,0.8803769528122785
357,0.00040950387370581904,0.5088595747947693,0.8813559322033898,0.8354475933423302,0.8201612903225807,0.9440339783556103,0.8803769528122785
358,0.00039541901892500223,0.5068541765213013,0.8813559322033898,0.8354475933423302,0.8201612903225807,0.9405589034621293,0.8803769528122785
359,0.00038165229857133195,0.5087497234344482,0.8813559322033898,0.8354475933423302,0.8201612903225807,0.9386821064240419,0.8803769528122785
360,0.00036820465358185857,0.5079934597015381,0.8813559322033898,0.8354475933423302,0.8201612903225807,0.9378651129599896,0.8803769528122785
361,0.00035507700308525403,0.5063547492027283,0.8813559322033898,0.8354475933423302,0.8201612903225807,0.935847101454312,0.8803769528122785
362,0.00034227024433899005,0.5091279149055481,0.8813559322033898,0.8354475933423302,0.8201612903225807,0.9346460834126868,0.8803769528122785
363,0.00032978525266801593,0.5104652047157288,0.8813559322033898,0.8354475933423302,0.8201612903225807,0.9342620588351139,0.8803769528122785
364,0.0003176228814049297,0.5109336972236633,0.8813559322033898,0.8354475933423302,0.8201612903225807,0.933494009679968,0.8803769528122785
365,0.0003057839618316491,0.5107421875,0.8813559322033898,0.8354475933423302,0.8201612903225807,0.9330666592526176,0.8803769528122785
366,0.00029426930312260227,0.5061939358711243,0.8813559322033898,0.8354475933423302,0.8201612903225807,0.9322986100974716,0.8803769528122785
367,0.00028307969228941415,0.5071575045585632,0.8813559322033898,0.8354475933423302,0.8201612903225807,0.9326826346750446,0.8803769528122785
368,0.00027221589412712463,0.5109291076660156,0.8813559322033898,0.8354475933423302,0.8201612903225807,0.9326826346750446,0.8803769528122785
369,0.0002616786511619041,0.5066808462142944,0.8813559322033898,0.8354475933423302,0.8201612903225807,0.9330666592526176,0.8803769528122785
370,0.00025146868360031467,0.5079156160354614,0.8813559322033898,0.8354475933423302,0.8201612903225807,0.9330666592526176,0.8803769528122785
371,0.00024158668928007498,0.5110766887664795,0.8813559322033898,0.8354475933423302,0.8201612903225807,0.9334506838301905,0.8803769528122785
372,0.00023203334362237158,0.5068453550338745,0.8813559322033898,0.8354475933423302,0.8201612903225807,0.9334506838301905,0.8803769528122785
373,0.00022280929958568842,0.5074100494384766,0.8813559322033898,0.8354475933423302,0.8201612903225807,0.9334506838301904,0.8803769528122785
374,0.00021391518762118363,0.5064380764961243,0.8813559322033898,0.8354475933423302,0.8201612903225807,0.9334506838301905,0.8803769528122785
375,0.00020535161562959536,0.5093998908996582,0.8813559322033898,0.8354475933423302,0.8201612903225807,0.9334506838301905,0.8803769528122785
376,0.0001971191689196937,0.5070291757583618,0.8813559322033898,0.8354475933423302,0.8201612903225807,0.9334506838301905,0.8803769528122785
377,0.0001892184101682762,0.5102474689483643,0.8813559322033898,0.8354475933423302,0.8201612903225807,0.9334506838301905,0.8803769528122785
378,0.0001816498793817073,0.5066227316856384,0.8813559322033898,0.8354475933423302,0.8201612903225807,0.9334506838301905,0.8803769528122785
379,0.00017441409385901422,0.5069561004638672,0.8813559322033898,0.8354475933423302,0.8201612903225807,0.9334506838301905,0.8803769528122785
380,0.00016751154815652453,0.5119207501411438,0.8813559322033898,0.8354475933423302,0.8201612903225807,0.9334506838301905,0.8803769528122785
381,0.0001609427140540686,0.5064717531204224,0.8813559322033898,0.8354475933423302,0.8201612903225807,0.9334506838301905,0.8803769528122785
382,0.00015470804052273096,0.5081631541252136,0.8813559322033898,0.8354475933423302,0.8201612903225807,0.9334506838301905,0.8803769528122785
383,0.00014880795369416665,0.5081065893173218,0.8813559322033898,0.8354475933423302,0.8201612903225807,0.9334506838301905,0.8803769528122785
384,0.0001432428568314728,0.5057168006896973,0.8813559322033898,0.8354475933423302,0.8201612903225807,0.9334506838301905,0.8803769528122785
385,0.00013801313030162716,0.505935549736023,0.8813559322033898,0.8354475933423302,0.8201612903225807,0.9334506838301905,0.8803769528122785
386,0.0001331191315494912,0.5064325332641602,0.8813559322033898,0.8354475933423302,0.8201612903225807,0.9334506838301905,0.8803769528122785
387,0.00012856119507337867,0.5076380372047424,0.8813559322033898,0.8354475933423302,0.8201612903225807,0.9334506838301905,0.8803769528122785
388,0.0001243396324021935,0.5064709186553955,0.8813559322033898,0.8354475933423302,0.8201612903225807,0.9334506838301905,0.8803769528122785
389,0.00012045473207413647,0.5071496367454529,0.8813559322033898,0.8354475933423302,0.8201612903225807,0.9334506838301905,0.8803769528122785
390,0.00011690675961698426,0.507902979850769,0.8813559322033898,0.8354475933423302,0.8201612903225807,0.9334506838301905,0.8803769528122785
391,0.00011369595752994128,0.5079253315925598,0.8813559322033898,0.8354475933423302,0.8201612903225807,0.9334506838301905,0.8803769528122785
392,0.00011082254526706605,0.5107780694961548,0.8813559322033898,0.8354475933423302,0.8201612903225807,0.9332586715414041,0.8803769528122785
393,0.00010828671922226878,0.5069009065628052,0.8813559322033898,0.8354475933423302,0.8201612903225807,0.9330666592526176,0.8803769528122785
394,0.00010608865271589101,0.5074092745780945,0.8813559322033898,0.8354475933423302,0.8201612903225807,0.9330666592526176,0.8803769528122785
395,0.00010422849598285996,0.5129040479660034,0.8813559322033898,0.8354475933423302,0.8201612903225807,0.9330666592526176,0.8803769528122785
396,0.00010270637616241606,0.5076590776443481,0.8813559322033898,0.8354475933423302,0.8201612903225807,0.9330666592526176,0.8803769528122785
397,0.00010152239728942829,0.5075448155403137,0.8813559322033898,0.8354475933423302,0.8201612903225807,0.9330666592526176,0.8803769528122785
398,0.00010067664028727843,0.5069600343704224,0.8813559322033898,0.8354475933423302,0.8201612903225807,0.9326826346750446,0.8803769528122785
399,0.00010016916296233584,0.5056499242782593,0.8813559322033898,0.8354475933423302,0.8201612903225807,0.9326826346750446,0.8803769528122785
400,0.0001,0.5073274970054626,0.8813559322033898,0.8354475933423302,0.8201612903225807,0.9326826346750446,0.8803769528122785
